{
	"credit": "Made with Blockbench",
	"texture_size": [128, 128],
	"textures": {
		"0": "thunderie:item/pcd",
		"particle": "thunderie:item/pcd"
	},
	"elements": [
		{
			"from": [-10, 0, 12],
			"to": [0, 14, 17],
			"rotation": {"angle": -22.5, "axis": "y", "origin": [0, -1, 0]},
			"faces": {
				"north": {"uv": [0.625, 2.75, 1.875, 4.5], "texture": "#0"},
				"east": {"uv": [0, 2.75, 0.625, 4.5], "texture": "#0"},
				"south": {"uv": [2.5, 2.75, 3.75, 4.5], "texture": "#0"},
				"west": {"uv": [1.875, 2.75, 2.5, 4.5], "texture": "#0"},
				"up": {"uv": [1.875, 2.75, 0.625, 2.125], "texture": "#0"},
				"down": {"uv": [3.125, 2.125, 1.875, 2.75], "texture": "#0"}
			}
		},
		{
			"from": [-13, 3, 9],
			"to": [3, 13, 10],
			"rotation": {"angle": -22.5, "axis": "y", "origin": [0, -1, 0]},
			"faces": {
				"north": {"uv": [0.125, 5.875, 2.125, 7.125], "texture": "#0"},
				"east": {"uv": [0, 5.875, 0.125, 7.125], "texture": "#0"},
				"south": {"uv": [2.25, 5.875, 4.25, 7.125], "texture": "#0"},
				"west": {"uv": [2.125, 5.875, 2.25, 7.125], "texture": "#0"},
				"up": {"uv": [2.125, 5.875, 0.125, 5.75], "texture": "#0"},
				"down": {"uv": [4.125, 5.75, 2.125, 5.875], "texture": "#0"}
			}
		},
		{
			"from": [-6, 1, 9],
			"to": [-4, 3, 10],
			"rotation": {"angle": -22.5, "axis": "y", "origin": [0, -1, 0]},
			"faces": {
				"north": {"uv": [1, 0.125, 1.25, 0.375], "texture": "#0"},
				"east": {"uv": [0.875, 0.125, 1, 0.375], "texture": "#0"},
				"south": {"uv": [1.375, 0.125, 1.625, 0.375], "texture": "#0"},
				"west": {"uv": [1.25, 0.125, 1.375, 0.375], "texture": "#0"},
				"up": {"uv": [1.25, 0.125, 1, 0], "texture": "#0"},
				"down": {"uv": [1.5, 0, 1.25, 0.125], "texture": "#0"}
			}
		},
		{
			"from": [-9, 0, 8],
			"to": [-1, 1, 11],
			"rotation": {"angle": -22.5, "axis": "y", "origin": [0, -1, 0]},
			"faces": {
				"north": {"uv": [4.625, 6.125, 5.625, 6.25], "texture": "#0"},
				"east": {"uv": [4.25, 6.125, 4.625, 6.25], "texture": "#0"},
				"south": {"uv": [6, 6.125, 7, 6.25], "texture": "#0"},
				"west": {"uv": [5.625, 6.125, 6, 6.25], "texture": "#0"},
				"up": {"uv": [5.625, 6.125, 4.625, 5.75], "texture": "#0"},
				"down": {"uv": [6.625, 5.75, 5.625, 6.125], "texture": "#0"}
			}
		},
		{
			"from": [0, 3, 10],
			"to": [16, 13, 11],
			"rotation": {"angle": 0, "axis": "y", "origin": [0, -1, 0]},
			"faces": {
				"north": {"uv": [3.75, 4.5, 5.75, 5.75], "texture": "#0"},
				"east": {"uv": [3.625, 4.5, 3.75, 5.75], "texture": "#0"},
				"south": {"uv": [5.875, 4.5, 7.875, 5.75], "texture": "#0"},
				"west": {"uv": [5.75, 4.5, 5.875, 5.75], "texture": "#0"},
				"up": {"uv": [5.75, 4.5, 3.75, 4.375], "texture": "#0"},
				"down": {"uv": [7.75, 4.375, 5.75, 4.5], "texture": "#0"}
			}
		},
		{
			"from": [6, 13, 10],
			"to": [10, 14, 11],
			"rotation": {"angle": 0, "axis": "y", "origin": [0, -1, 0]},
			"faces": {
				"north": {"uv": [0.125, 0.625, 0.625, 0.75], "texture": "#0"},
				"east": {"uv": [0, 0.625, 0.125, 0.75], "texture": "#0"},
				"south": {"uv": [0.75, 0.625, 1.25, 0.75], "texture": "#0"},
				"west": {"uv": [0.625, 0.625, 0.75, 0.75], "texture": "#0"},
				"up": {"uv": [0.625, 0.625, 0.125, 0.5], "texture": "#0"},
				"down": {"uv": [1.125, 0.5, 0.625, 0.625], "texture": "#0"}
			}
		},
		{
			"from": [7, 1, 10],
			"to": [9, 3, 11],
			"rotation": {"angle": 0, "axis": "y", "origin": [0, -1, 0]},
			"faces": {
				"north": {"uv": [0.875, 0.875, 1.125, 1.125], "texture": "#0"},
				"east": {"uv": [0.75, 0.875, 0.875, 1.125], "texture": "#0"},
				"south": {"uv": [1.25, 0.875, 1.5, 1.125], "texture": "#0"},
				"west": {"uv": [1.125, 0.875, 1.25, 1.125], "texture": "#0"},
				"up": {"uv": [1.125, 0.875, 0.875, 0.75], "texture": "#0"},
				"down": {"uv": [1.375, 0.75, 1.125, 0.875], "texture": "#0"}
			}
		},
		{
			"from": [4, 0, 9],
			"to": [12, 1, 12],
			"rotation": {"angle": 0, "axis": "y", "origin": [0, -1, 0]},
			"faces": {
				"north": {"uv": [0.375, 5.375, 1.375, 5.5], "texture": "#0"},
				"east": {"uv": [0, 5.375, 0.375, 5.5], "texture": "#0"},
				"south": {"uv": [1.75, 5.375, 2.75, 5.5], "texture": "#0"},
				"west": {"uv": [1.375, 5.375, 1.75, 5.5], "texture": "#0"},
				"up": {"uv": [1.375, 5.375, 0.375, 5], "texture": "#0"},
				"down": {"uv": [2.375, 5, 1.375, 5.375], "texture": "#0"}
			}
		},
		{
			"from": [3, 0, 1],
			"to": [17, 1, 7],
			"rotation": {"angle": 0, "axis": "y", "origin": [0, -1, 0]},
			"faces": {
				"north": {"uv": [4.5, 2.875, 6.25, 3], "texture": "#0"},
				"east": {"uv": [3.75, 2.875, 4.5, 3], "texture": "#0"},
				"south": {"uv": [7, 2.875, 8.75, 3], "texture": "#0"},
				"west": {"uv": [6.25, 2.875, 7, 3], "texture": "#0"},
				"up": {"uv": [6.25, 2.875, 4.5, 2.125], "texture": "#0"},
				"down": {"uv": [8, 2.125, 6.25, 2.875], "texture": "#0"}
			}
		},
		{
			"from": [0, 0, 2],
			"to": [2, 1, 5],
			"rotation": {"angle": -22.5, "axis": "y", "origin": [0, -1, 0]},
			"faces": {
				"north": {"uv": [0.375, 0.375, 0.625, 0.5], "texture": "#0"},
				"east": {"uv": [0, 0.375, 0.375, 0.5], "texture": "#0"},
				"south": {"uv": [1, 0.375, 1.25, 0.5], "texture": "#0"},
				"west": {"uv": [0.625, 0.375, 1, 0.5], "texture": "#0"},
				"up": {"uv": [0.625, 0.375, 0.375, 0], "texture": "#0"},
				"down": {"uv": [0.875, 0, 0.625, 0.375], "texture": "#0"}
			}
		},
		{
			"from": [12, 3, 16],
			"to": [28, 13, 17],
			"rotation": {"angle": 22.5, "axis": "y", "origin": [0, -1, 0]},
			"faces": {
				"north": {"uv": [3.875, 3.125, 5.875, 4.375], "texture": "#0"},
				"east": {"uv": [3.75, 3.125, 3.875, 4.375], "texture": "#0"},
				"south": {"uv": [6, 3.125, 8, 4.375], "texture": "#0"},
				"west": {"uv": [5.875, 3.125, 6, 4.375], "texture": "#0"},
				"up": {"uv": [5.875, 3.125, 3.875, 3], "texture": "#0"},
				"down": {"uv": [7.875, 3, 5.875, 3.125], "texture": "#0"}
			}
		},
		{
			"from": [19, 1, 16],
			"to": [21, 3, 17],
			"rotation": {"angle": 22.5, "axis": "y", "origin": [0, -1, 0]},
			"faces": {
				"north": {"uv": [0.125, 0.875, 0.375, 1.125], "texture": "#0"},
				"east": {"uv": [0, 0.875, 0.125, 1.125], "texture": "#0"},
				"south": {"uv": [0.5, 0.875, 0.75, 1.125], "texture": "#0"},
				"west": {"uv": [0.375, 0.875, 0.5, 1.125], "texture": "#0"},
				"up": {"uv": [0.375, 0.875, 0.125, 0.75], "texture": "#0"},
				"down": {"uv": [0.625, 0.75, 0.375, 0.875], "texture": "#0"}
			}
		},
		{
			"from": [16, 0, 15],
			"to": [24, 1, 18],
			"rotation": {"angle": 22.5, "axis": "y", "origin": [0, -1, 0]},
			"faces": {
				"north": {"uv": [0.375, 4.875, 1.375, 5], "texture": "#0"},
				"east": {"uv": [0, 4.875, 0.375, 5], "texture": "#0"},
				"south": {"uv": [1.75, 4.875, 2.75, 5], "texture": "#0"},
				"west": {"uv": [1.375, 4.875, 1.75, 5], "texture": "#0"},
				"up": {"uv": [1.375, 4.875, 0.375, 4.5], "texture": "#0"},
				"down": {"uv": [2.375, 4.5, 1.375, 4.875], "texture": "#0"}
			}
		},
		{
			"from": [21, 0.5, -4],
			"to": [24, 2.5, -4],
			"rotation": {"angle": -22.5, "axis": "y", "origin": [0, -1, 0]},
			"faces": {
				"north": {"uv": [2.75, 4.5, 3.125, 4.75], "texture": "#0"},
				"east": {"uv": [2.75, 4.5, 2.75, 4.75], "texture": "#0"},
				"south": {"uv": [3.125, 4.5, 3.5, 4.75], "texture": "#0"},
				"west": {"uv": [3.125, 4.5, 3.125, 4.75], "texture": "#0"},
				"up": {"uv": [3.125, 4.5, 2.75, 4.5], "texture": "#0"},
				"down": {"uv": [3.5, 4.5, 3.125, 4.5], "texture": "#0"}
			}
		},
		{
			"from": [18, 0, 1],
			"to": [21, 3, 3],
			"rotation": {"angle": -22.5, "axis": "y", "origin": [0, -1, 0]},
			"faces": {
				"north": {"uv": [0.25, 8, 0.625, 8.375], "texture": "#0"},
				"east": {"uv": [0, 8, 0.25, 8.375], "texture": "#0"},
				"south": {"uv": [0.875, 8, 1.25, 8.375], "texture": "#0"},
				"west": {"uv": [0.625, 8, 0.875, 8.375], "texture": "#0"},
				"up": {"uv": [0.625, 8, 0.25, 7.75], "texture": "#0"},
				"down": {"uv": [1, 7.75, 0.625, 8], "texture": "#0"}
			}
		},
		{
			"from": [18, 0, -5],
			"to": [21, 3, -3],
			"rotation": {"angle": -22.5, "axis": "y", "origin": [0, -1, 0]},
			"faces": {
				"north": {"uv": [0.25, 7.375, 0.625, 7.75], "texture": "#0"},
				"east": {"uv": [0, 7.375, 0.25, 7.75], "texture": "#0"},
				"south": {"uv": [0.875, 7.375, 1.25, 7.75], "texture": "#0"},
				"west": {"uv": [0.625, 7.375, 0.875, 7.75], "texture": "#0"},
				"up": {"uv": [0.625, 7.375, 0.25, 7.125], "texture": "#0"},
				"down": {"uv": [1, 7.125, 0.625, 7.375], "texture": "#0"}
			}
		},
		{
			"from": [24, 0.5, -4],
			"to": [24, 2.5, 2],
			"rotation": {"angle": -22.5, "axis": "y", "origin": [0, -1, 0]},
			"faces": {
				"north": {"uv": [0.75, 1.75, 0.75, 2], "texture": "#0"},
				"east": {"uv": [0, 1.75, 0.75, 2], "texture": "#0"},
				"south": {"uv": [1.5, 1.75, 1.5, 2], "texture": "#0"},
				"west": {"uv": [0.75, 1.75, 1.5, 2], "texture": "#0"},
				"up": {"uv": [0.75, 1.75, 0.75, 1], "texture": "#0"},
				"down": {"uv": [0.75, 1, 0.75, 1.75], "texture": "#0"}
			}
		},
		{
			"from": [21, 0.5, 2],
			"to": [24, 2.5, 2],
			"rotation": {"angle": -22.5, "axis": "y", "origin": [0, -1, 0]},
			"faces": {
				"north": {"uv": [2.75, 4.5, 3.125, 4.75], "texture": "#0"},
				"east": {"uv": [2.75, 4.5, 2.75, 4.75], "texture": "#0"},
				"south": {"uv": [3.125, 4.5, 3.5, 4.75], "texture": "#0"},
				"west": {"uv": [3.125, 4.5, 3.125, 4.75], "texture": "#0"},
				"up": {"uv": [3.125, 4.5, 2.75, 4.5], "texture": "#0"},
				"down": {"uv": [3.5, 4.5, 3.125, 4.5], "texture": "#0"}
			}
		}
	],
	"groups": [
		{
			"name": "Table",
			"origin": [8, 8, 8],
			"color": 0,
			"nbt": "{}",
			"children": [
				{
					"name": "PC",
					"origin": [8, 8, 8],
					"color": 0,
					"nbt": "{}",
					"children": []
				},
				0,
				1,
				2,
				3,
				4,
				5,
				6,
				7,
				8,
				9,
				10,
				11,
				12,
				{
					"name": "group",
					"origin": [0, 0, 0],
					"color": 0,
					"nbt": "{}",
					"children": [13, 14, 15, 16, 17]
				}
			]
		}
	]
}