{
	"credit": "Made by Miffen Kop!",
	"texture_size": [48, 48],
	"textures": {
		"0": "miffenkop:item/props/couch"
	},
	"elements": [
		{
			"from": [-3, 0, -14],
			"to": [17, 9, 30],
			"faces": {
				"north": {"uv": [0, 6, 3, 12.66667], "rotation": 90, "texture": "#0"},
				"east": {"uv": [0.66667, 13, 15.33333, 16], "texture": "#0"},
				"south": {"uv": [13, 4, 16, 10.66667], "rotation": 90, "texture": "#0"},
				"west": {"uv": [0.66667, 6.66667, 15.33333, 9.66667], "texture": "#0"},
				"up": {"uv": [0.66667, 8, 15.33333, 14], "rotation": 270, "texture": "#0"}
			}
		},
		{
			"from": [-3, 1, 25],
			"to": [18, 16, 32],
			"faces": {
				"north": {"uv": [0, 5.33333, 7.33333, 10.33333], "texture": "#0"},
				"east": {"uv": [0, 5.33333, 2.33333, 10.33333], "texture": "#0"},
				"south": {"uv": [8.66667, 5.33333, 16, 10.33333], "texture": "#0"},
				"west": {"uv": [13.66667, 5.33333, 16, 10.33333], "texture": "#0"},
				"up": {"uv": [0, 5.33333, 7.33333, 7.66667], "rotation": 180, "texture": "#0"},
				"down": {"uv": [0, 8.33333, 7.33333, 10.66667], "rotation": 180, "texture": "#0"}
			}
		},
		{
			"from": [-3, 1, -16],
			"to": [18, 16, -9],
			"faces": {
				"north": {"uv": [0, 5.33333, 7, 10.33333], "texture": "#0"},
				"east": {"uv": [13.66667, 5.33333, 16, 10.33333], "texture": "#0"},
				"south": {"uv": [9, 5.33333, 16, 10.33333], "texture": "#0"},
				"west": {"uv": [0, 5.33333, 2.33333, 10.33333], "texture": "#0"},
				"up": {"uv": [0, 8.33333, 7, 10.66667], "rotation": 180, "texture": "#0"},
				"down": {"uv": [0, 5.33333, 7, 7.66667], "rotation": 180, "texture": "#0"}
			}
		},
		{
			"from": [-5, 1, -14],
			"to": [1, 24, 30],
			"faces": {
				"north": {"uv": [14, 2.66667, 16, 10.33333], "texture": "#0"},
				"east": {"uv": [0.66667, 3.33333, 15.33333, 11], "texture": "#0"},
				"south": {"uv": [0, 2.66667, 2, 10.33333], "texture": "#0"},
				"west": {"uv": [0.66667, 3.33333, 15.33333, 10.66667], "texture": "#0"},
				"up": {"uv": [0.66667, 0, 15.33333, 2], "rotation": 270, "texture": "#0"},
				"down": {"uv": [0.66667, 8, 15.33333, 10], "rotation": 270, "texture": "#0"}
			}
		},
		{
			"from": [-5, 24, -12],
			"to": [1, 26, 28],
			"faces": {
				"north": {"uv": [14, 2, 16, 2.66667], "texture": "#0"},
				"east": {"uv": [1.33333, 2.66667, 14.66667, 3.33333], "texture": "#0"},
				"south": {"uv": [0, 2, 2, 2.66667], "texture": "#0"},
				"west": {"uv": [1.33333, 2.66667, 14.66667, 3.33333], "texture": "#0"},
				"up": {"uv": [0.66667, 0, 15.33333, 2], "rotation": 270, "texture": "#0"}
			}
		},
		{
			"from": [-5, 26, -6],
			"to": [1, 28, 22],
			"faces": {
				"north": {"uv": [14, 1.33333, 16, 2], "texture": "#0"},
				"east": {"uv": [3.33333, 2, 12.66667, 2.66667], "texture": "#0"},
				"south": {"uv": [0, 1.33333, 2, 2], "texture": "#0"},
				"west": {"uv": [3.33333, 2, 12.66667, 2.66667], "texture": "#0"},
				"up": {"uv": [0.66667, 0, 15.33333, 2], "rotation": 270, "texture": "#0"}
			}
		}
	]
}