{
	"credit": "Made by Miffen Kop",
	"textures": {
		"particle": "miffenkop:item/props/crate",
		"face": "miffenkop:item/props/crate",
		"x": "miffenkop:item/props/crate_x"
	},
	"elements": [
		{
			"from": [2, 2, 2],
			"to": [14, 14, 14],
			"faces": {
				"north": {"uv": [2, 2, 14, 14], "texture": "#face"},
				"east": {"uv": [2, 2, 14, 14], "texture": "#face"},
				"south": {"uv": [2, 2, 14, 14], "texture": "#face"},
				"west": {"uv": [2, 2, 14, 14], "texture": "#face"},
				"up": {"uv": [2, 2, 14, 14], "texture": "#face"},
				"down": {"uv": [2, 2, 14, 14], "texture": "#face"}
			}
		},
		{
			"from": [0, 0, 2],
			"to": [2, 2, 14],
			"faces": {
				"north": {"uv": [14, 14, 16, 16], "texture": "#face"},
				"east": {"uv": [2, 14, 14, 16], "texture": "#face"},
				"south": {"uv": [0, 14, 2, 16], "texture": "#face"},
				"west": {"uv": [2, 14, 14, 16], "texture": "#face"},
				"up": {"uv": [0, 2, 2, 14], "texture": "#face"},
				"down": {"uv": [0, 2, 2, 14], "texture": "#face"}
			}
		},
		{
			"from": [0, 14, 2],
			"to": [2, 16, 14],
			"faces": {
				"north": {"uv": [14, 0, 16, 2], "texture": "#face"},
				"east": {"uv": [2, 0, 14, 2], "texture": "#face"},
				"south": {"uv": [0, 0, 2, 2], "texture": "#face"},
				"west": {"uv": [2, 0, 14, 2], "texture": "#face"},
				"up": {"uv": [0, 2, 2, 14], "texture": "#face"},
				"down": {"uv": [0, 2, 2, 14], "texture": "#face"}
			}
		},
		{
			"from": [0, 0, 0],
			"to": [2, 16, 2],
			"faces": {
				"north": {"uv": [14, 0, 16, 16], "texture": "#face"},
				"east": {"uv": [14, 0, 16, 16], "texture": "#face"},
				"south": {"uv": [0, 0, 2, 16], "texture": "#face"},
				"west": {"uv": [0, 0, 2, 16], "texture": "#face"},
				"up": {"uv": [0, 0, 2, 2], "texture": "#face"},
				"down": {"uv": [0, 14, 2, 16], "texture": "#face"}
			}
		},
		{
			"from": [2, 14, 0],
			"to": [14, 16, 2],
			"rotation": {"angle": 0, "axis": "y", "origin": [8, 8, 8]},
			"faces": {
				"north": {"uv": [2, 0, 14, 2], "texture": "#face"},
				"east": {"uv": [14, 0, 16, 2], "texture": "#face"},
				"south": {"uv": [2, 0, 14, 2], "texture": "#face"},
				"west": {"uv": [0, 0, 2, 2], "texture": "#face"},
				"up": {"uv": [2, 0, 14, 2], "texture": "#face"},
				"down": {"uv": [2, 14, 14, 16], "texture": "#face"}
			}
		},
		{
			"from": [2, 0, 0],
			"to": [14, 2, 2],
			"rotation": {"angle": 0, "axis": "y", "origin": [8, 8, 8]},
			"faces": {
				"north": {"uv": [2, 14, 14, 16], "texture": "#face"},
				"east": {"uv": [14, 14, 16, 16], "texture": "#face"},
				"south": {"uv": [2, 14, 14, 16], "texture": "#face"},
				"west": {"uv": [0, 14, 2, 16], "texture": "#face"},
				"up": {"uv": [2, 0, 14, 2], "texture": "#face"},
				"down": {"uv": [2, 14, 14, 16], "texture": "#face"}
			}
		},
		{
			"from": [14, 0, 0],
			"to": [16, 16, 2],
			"rotation": {"angle": 0, "axis": "y", "origin": [8, 8, 8]},
			"faces": {
				"north": {"uv": [0, 0, 2, 16], "texture": "#face"},
				"east": {"uv": [14, 0, 16, 16], "texture": "#face"},
				"south": {"uv": [14, 0, 16, 16], "texture": "#face"},
				"west": {"uv": [0, 0, 2, 16], "texture": "#face"},
				"up": {"uv": [14, 0, 16, 2], "texture": "#face"},
				"down": {"uv": [14, 14, 16, 16], "texture": "#face"}
			}
		},
		{
			"from": [2, 14, 14],
			"to": [14, 16, 16],
			"rotation": {"angle": 0, "axis": "y", "origin": [8, 8, 8]},
			"faces": {
				"north": {"uv": [2, 0, 14, 2], "texture": "#face"},
				"east": {"uv": [0, 0, 2, 2], "texture": "#face"},
				"south": {"uv": [2, 0, 14, 2], "texture": "#face"},
				"west": {"uv": [14, 0, 16, 2], "texture": "#face"},
				"up": {"uv": [2, 14, 14, 16], "texture": "#face"},
				"down": {"uv": [2, 0, 14, 2], "texture": "#face"}
			}
		},
		{
			"from": [2, 0, 14],
			"to": [14, 2, 16],
			"rotation": {"angle": 0, "axis": "y", "origin": [8, 8, 8]},
			"faces": {
				"north": {"uv": [2, 14, 14, 16], "texture": "#face"},
				"east": {"uv": [0, 14, 2, 16], "texture": "#face"},
				"south": {"uv": [2, 14, 14, 16], "texture": "#face"},
				"west": {"uv": [14, 14, 16, 16], "texture": "#face"},
				"up": {"uv": [2, 14, 14, 16], "texture": "#face"},
				"down": {"uv": [2, 0, 14, 2], "texture": "#face"}
			}
		},
		{
			"from": [0, 0, 14],
			"to": [2, 16, 16],
			"rotation": {"angle": 0, "axis": "y", "origin": [8, 8, 8]},
			"faces": {
				"north": {"uv": [14, 0, 16, 16], "texture": "#face"},
				"east": {"uv": [0, 0, 2, 16], "texture": "#face"},
				"south": {"uv": [0, 0, 2, 16], "texture": "#face"},
				"west": {"uv": [14, 0, 16, 16], "texture": "#face"},
				"up": {"uv": [0, 14, 2, 16], "texture": "#face"},
				"down": {"uv": [0, 0, 2, 2], "texture": "#face"}
			}
		},
		{
			"from": [14, 0, 14],
			"to": [16, 16, 16],
			"rotation": {"angle": 0, "axis": "y", "origin": [16, 0, 16]},
			"faces": {
				"north": {"uv": [0, 0, 2, 16], "texture": "#face"},
				"east": {"uv": [0, 0, 2, 16], "texture": "#face"},
				"south": {"uv": [14, 0, 16, 16], "texture": "#face"},
				"west": {"uv": [14, 0, 16, 16], "texture": "#face"},
				"up": {"uv": [14, 14, 16, 16], "texture": "#face"},
				"down": {"uv": [14, 0, 16, 2], "texture": "#face"}
			}
		},
		{
			"from": [14, 14, 2],
			"to": [16, 16, 14],
			"rotation": {"angle": 0, "axis": "y", "origin": [16, 0, 16]},
			"faces": {
				"north": {"uv": [0, 0, 2, 2], "texture": "#face"},
				"east": {"uv": [2, 0, 14, 2], "texture": "#face"},
				"south": {"uv": [14, 0, 16, 2], "texture": "#face"},
				"west": {"uv": [2, 0, 14, 2], "texture": "#face"},
				"up": {"uv": [14, 2, 16, 14], "texture": "#face"},
				"down": {"uv": [14, 2, 16, 14], "texture": "#face"}
			}
		},
		{
			"from": [14, 0, 2],
			"to": [16, 2, 14],
			"rotation": {"angle": 0, "axis": "y", "origin": [16, 0, 16]},
			"faces": {
				"north": {"uv": [0, 14, 2, 16], "texture": "#face"},
				"east": {"uv": [2, 14, 14, 16], "texture": "#face"},
				"south": {"uv": [14, 14, 16, 16], "texture": "#face"},
				"west": {"uv": [2, 14, 14, 16], "texture": "#face"},
				"up": {"uv": [14, 2, 16, 14], "texture": "#face"},
				"down": {"uv": [14, 2, 16, 14], "texture": "#face"}
			}
		},
		{
			"from": [0, 0, 0],
			"to": [2, 16, 2],
			"faces": {
				"north": {"uv": [14, 0, 16, 16], "texture": "#face"},
				"east": {"uv": [14, 0, 16, 16], "texture": "#face"},
				"south": {"uv": [0, 0, 2, 16], "texture": "#face"},
				"west": {"uv": [0, 0, 2, 16], "texture": "#face"},
				"up": {"uv": [0, 0, 2, 2], "texture": "#face"},
				"down": {"uv": [0, 14, 2, 16], "texture": "#face"}
			}
		},
		{
			"name": "crate_x_0",
			"from": [2, 14.5, 2],
			"to": [4, 15.5, 4],
			"faces": {
				"north": {"uv": [4, 2, 2, 3], "texture": "#x"},
				"east": {"uv": [3, 2, 4, 4], "rotation": 90, "texture": "#x"},
				"south": {"uv": [2, 3, 4, 4], "texture": "#x"},
				"west": {"uv": [2, 2, 3, 4], "rotation": 270, "texture": "#x"},
				"up": {"uv": [2, 2, 4, 4], "texture": "#x"},
				"down": {"uv": [2, 4, 4, 2], "texture": "#x"}
			}
		},
		{
			"name": "crate_x_1",
			"from": [12, 14.5, 2],
			"to": [14, 15.5, 4],
			"faces": {
				"north": {"uv": [14, 2, 12, 3], "texture": "#x"},
				"east": {"uv": [13, 2, 14, 4], "rotation": 90, "texture": "#x"},
				"south": {"uv": [12, 3, 14, 4], "texture": "#x"},
				"west": {"uv": [12, 2, 13, 4], "rotation": 270, "texture": "#x"},
				"up": {"uv": [12, 2, 14, 4], "texture": "#x"},
				"down": {"uv": [12, 4, 14, 2], "texture": "#x"}
			}
		},
		{
			"name": "crate_x_2",
			"from": [4, 14.5, 3],
			"to": [5, 15.5, 6],
			"faces": {
				"north": {"uv": [5, 3, 4, 4], "texture": "#x"},
				"east": {"uv": [4, 3, 5, 6], "rotation": 90, "texture": "#x"},
				"south": {"uv": [4, 5, 5, 6], "texture": "#x"},
				"west": {"uv": [4, 3, 5, 6], "rotation": 270, "texture": "#x"},
				"up": {"uv": [4, 3, 5, 6], "texture": "#x"},
				"down": {"uv": [4, 6, 5, 3], "texture": "#x"}
			}
		},
		{
			"name": "crate_x_3",
			"from": [11, 14.5, 3],
			"to": [12, 15.5, 6],
			"faces": {
				"north": {"uv": [12, 3, 11, 4], "texture": "#x"},
				"east": {"uv": [11, 3, 12, 6], "rotation": 90, "texture": "#x"},
				"south": {"uv": [11, 5, 12, 6], "texture": "#x"},
				"west": {"uv": [11, 3, 12, 6], "rotation": 270, "texture": "#x"},
				"up": {"uv": [11, 3, 12, 6], "texture": "#x"},
				"down": {"uv": [11, 6, 12, 3], "texture": "#x"}
			}
		},
		{
			"name": "crate_x_4",
			"from": [3, 14.5, 4],
			"to": [4, 15.5, 5],
			"faces": {
				"north": {"uv": [4, 4, 3, 5], "texture": "#x"},
				"east": {"uv": [3, 4, 4, 5], "rotation": 90, "texture": "#x"},
				"south": {"uv": [3, 4, 4, 5], "texture": "#x"},
				"west": {"uv": [3, 4, 4, 5], "rotation": 270, "texture": "#x"},
				"up": {"uv": [3, 4, 4, 5], "texture": "#x"},
				"down": {"uv": [3, 5, 4, 4], "texture": "#x"}
			}
		},
		{
			"name": "crate_x_5",
			"from": [5, 14.5, 4],
			"to": [6, 15.5, 7],
			"faces": {
				"north": {"uv": [6, 4, 5, 5], "texture": "#x"},
				"east": {"uv": [5, 4, 6, 7], "rotation": 90, "texture": "#x"},
				"south": {"uv": [5, 6, 6, 7], "texture": "#x"},
				"west": {"uv": [5, 4, 6, 7], "rotation": 270, "texture": "#x"},
				"up": {"uv": [5, 4, 6, 7], "texture": "#x"},
				"down": {"uv": [5, 7, 6, 4], "texture": "#x"}
			}
		},
		{
			"name": "crate_x_6",
			"from": [10, 14.5, 4],
			"to": [11, 15.5, 7],
			"faces": {
				"north": {"uv": [11, 4, 10, 5], "texture": "#x"},
				"east": {"uv": [10, 4, 11, 7], "rotation": 90, "texture": "#x"},
				"south": {"uv": [10, 6, 11, 7], "texture": "#x"},
				"west": {"uv": [10, 4, 11, 7], "rotation": 270, "texture": "#x"},
				"up": {"uv": [10, 4, 11, 7], "texture": "#x"},
				"down": {"uv": [10, 7, 11, 4], "texture": "#x"}
			}
		},
		{
			"name": "crate_x_7",
			"from": [12, 14.5, 4],
			"to": [13, 15.5, 5],
			"faces": {
				"north": {"uv": [13, 4, 12, 5], "texture": "#x"},
				"east": {"uv": [12, 4, 13, 5], "rotation": 90, "texture": "#x"},
				"south": {"uv": [12, 4, 13, 5], "texture": "#x"},
				"west": {"uv": [12, 4, 13, 5], "rotation": 270, "texture": "#x"},
				"up": {"uv": [12, 4, 13, 5], "texture": "#x"},
				"down": {"uv": [12, 5, 13, 4], "texture": "#x"}
			}
		},
		{
			"name": "crate_x_8",
			"from": [6, 14.5, 5],
			"to": [7, 15.5, 11],
			"faces": {
				"north": {"uv": [7, 5, 6, 6], "texture": "#x"},
				"east": {"uv": [6, 5, 7, 11], "rotation": 90, "texture": "#x"},
				"south": {"uv": [6, 10, 7, 11], "texture": "#x"},
				"west": {"uv": [6, 5, 7, 11], "rotation": 270, "texture": "#x"},
				"up": {"uv": [6, 5, 7, 11], "texture": "#x"},
				"down": {"uv": [6, 11, 7, 5], "texture": "#x"}
			}
		},
		{
			"name": "crate_x_9",
			"from": [9, 14.5, 5],
			"to": [10, 15.5, 11],
			"faces": {
				"north": {"uv": [10, 5, 9, 6], "texture": "#x"},
				"east": {"uv": [9, 5, 10, 11], "rotation": 90, "texture": "#x"},
				"south": {"uv": [9, 10, 10, 11], "texture": "#x"},
				"west": {"uv": [9, 5, 10, 11], "rotation": 270, "texture": "#x"},
				"up": {"uv": [9, 5, 10, 11], "texture": "#x"},
				"down": {"uv": [9, 11, 10, 5], "texture": "#x"}
			}
		},
		{
			"name": "crate_x_10",
			"from": [7, 14.5, 6],
			"to": [9, 15.5, 10],
			"faces": {
				"north": {"uv": [9, 6, 7, 7], "texture": "#x"},
				"east": {"uv": [8, 6, 9, 10], "rotation": 90, "texture": "#x"},
				"south": {"uv": [7, 9, 9, 10], "texture": "#x"},
				"west": {"uv": [7, 6, 8, 10], "rotation": 270, "texture": "#x"},
				"up": {"uv": [7, 6, 9, 10], "texture": "#x"},
				"down": {"uv": [7, 10, 9, 6], "texture": "#x"}
			}
		},
		{
			"name": "crate_x_11",
			"from": [5, 14.5, 9],
			"to": [6, 15.5, 12],
			"faces": {
				"north": {"uv": [6, 9, 5, 10], "texture": "#x"},
				"east": {"uv": [5, 9, 6, 12], "rotation": 90, "texture": "#x"},
				"south": {"uv": [5, 11, 6, 12], "texture": "#x"},
				"west": {"uv": [5, 9, 6, 12], "rotation": 270, "texture": "#x"},
				"up": {"uv": [5, 9, 6, 12], "texture": "#x"},
				"down": {"uv": [5, 12, 6, 9], "texture": "#x"}
			}
		},
		{
			"name": "crate_x_12",
			"from": [10, 14.5, 9],
			"to": [11, 15.5, 12],
			"faces": {
				"north": {"uv": [11, 9, 10, 10], "texture": "#x"},
				"east": {"uv": [10, 9, 11, 12], "rotation": 90, "texture": "#x"},
				"south": {"uv": [10, 11, 11, 12], "texture": "#x"},
				"west": {"uv": [10, 9, 11, 12], "rotation": 270, "texture": "#x"},
				"up": {"uv": [10, 9, 11, 12], "texture": "#x"},
				"down": {"uv": [10, 12, 11, 9], "texture": "#x"}
			}
		},
		{
			"name": "crate_x_13",
			"from": [4, 14.5, 10],
			"to": [5, 15.5, 13],
			"faces": {
				"north": {"uv": [5, 10, 4, 11], "texture": "#x"},
				"east": {"uv": [4, 10, 5, 13], "rotation": 90, "texture": "#x"},
				"south": {"uv": [4, 12, 5, 13], "texture": "#x"},
				"west": {"uv": [4, 10, 5, 13], "rotation": 270, "texture": "#x"},
				"up": {"uv": [4, 10, 5, 13], "texture": "#x"},
				"down": {"uv": [4, 13, 5, 10], "texture": "#x"}
			}
		},
		{
			"name": "crate_x_14",
			"from": [11, 14.5, 10],
			"to": [12, 15.5, 13],
			"faces": {
				"north": {"uv": [12, 10, 11, 11], "texture": "#x"},
				"east": {"uv": [11, 10, 12, 13], "rotation": 90, "texture": "#x"},
				"south": {"uv": [11, 12, 12, 13], "texture": "#x"},
				"west": {"uv": [11, 10, 12, 13], "rotation": 270, "texture": "#x"},
				"up": {"uv": [11, 10, 12, 13], "texture": "#x"},
				"down": {"uv": [11, 13, 12, 10], "texture": "#x"}
			}
		},
		{
			"name": "crate_x_15",
			"from": [3, 14.5, 11],
			"to": [4, 15.5, 14],
			"faces": {
				"north": {"uv": [4, 11, 3, 12], "texture": "#x"},
				"east": {"uv": [3, 11, 4, 14], "rotation": 90, "texture": "#x"},
				"south": {"uv": [3, 13, 4, 14], "texture": "#x"},
				"west": {"uv": [3, 11, 4, 14], "rotation": 270, "texture": "#x"},
				"up": {"uv": [3, 11, 4, 14], "texture": "#x"},
				"down": {"uv": [3, 14, 4, 11], "texture": "#x"}
			}
		},
		{
			"name": "crate_x_16",
			"from": [12, 14.5, 11],
			"to": [13, 15.5, 14],
			"faces": {
				"north": {"uv": [13, 11, 12, 12], "texture": "#x"},
				"east": {"uv": [12, 11, 13, 14], "rotation": 90, "texture": "#x"},
				"south": {"uv": [12, 13, 13, 14], "texture": "#x"},
				"west": {"uv": [12, 11, 13, 14], "rotation": 270, "texture": "#x"},
				"up": {"uv": [12, 11, 13, 14], "texture": "#x"},
				"down": {"uv": [12, 14, 13, 11], "texture": "#x"}
			}
		},
		{
			"name": "crate_x_17",
			"from": [2, 14.5, 12],
			"to": [3, 15.5, 14],
			"faces": {
				"north": {"uv": [3, 12, 2, 13], "texture": "#x"},
				"east": {"uv": [2, 12, 3, 14], "rotation": 90, "texture": "#x"},
				"south": {"uv": [2, 13, 3, 14], "texture": "#x"},
				"west": {"uv": [2, 12, 3, 14], "rotation": 270, "texture": "#x"},
				"up": {"uv": [2, 12, 3, 14], "texture": "#x"},
				"down": {"uv": [2, 14, 3, 12], "texture": "#x"}
			}
		},
		{
			"name": "crate_x_18",
			"from": [13, 14.5, 12],
			"to": [14, 15.5, 14],
			"faces": {
				"north": {"uv": [14, 12, 13, 13], "texture": "#x"},
				"east": {"uv": [13, 12, 14, 14], "rotation": 90, "texture": "#x"},
				"south": {"uv": [13, 13, 14, 14], "texture": "#x"},
				"west": {"uv": [13, 12, 14, 14], "rotation": 270, "texture": "#x"},
				"up": {"uv": [13, 12, 14, 14], "texture": "#x"},
				"down": {"uv": [13, 14, 14, 12], "texture": "#x"}
			}
		},
		{
			"name": "crate_x_1",
			"from": [2, 0.5, 12],
			"to": [4, 1.5, 14],
			"rotation": {"angle": 0, "axis": "y", "origin": [8, 8, 8]},
			"faces": {
				"north": {"uv": [2, 3, 4, 4], "rotation": 180, "texture": "#x"},
				"east": {"uv": [3, 2, 4, 4], "rotation": 270, "texture": "#x"},
				"south": {"uv": [4, 2, 2, 3], "rotation": 180, "texture": "#x"},
				"west": {"uv": [2, 2, 3, 4], "rotation": 90, "texture": "#x"},
				"up": {"uv": [2, 4, 4, 2], "texture": "#x"},
				"down": {"uv": [2, 2, 4, 4], "texture": "#x"}
			}
		},
		{
			"name": "crate_x_2",
			"from": [12, 0.5, 12],
			"to": [14, 1.5, 14],
			"rotation": {"angle": 0, "axis": "y", "origin": [8, 8, 8]},
			"faces": {
				"north": {"uv": [12, 3, 14, 4], "rotation": 180, "texture": "#x"},
				"east": {"uv": [13, 2, 14, 4], "rotation": 270, "texture": "#x"},
				"south": {"uv": [14, 2, 12, 3], "rotation": 180, "texture": "#x"},
				"west": {"uv": [12, 2, 13, 4], "rotation": 90, "texture": "#x"},
				"up": {"uv": [12, 4, 14, 2], "texture": "#x"},
				"down": {"uv": [12, 2, 14, 4], "texture": "#x"}
			}
		},
		{
			"name": "crate_x_3",
			"from": [4, 0.5, 10],
			"to": [5, 1.5, 13],
			"rotation": {"angle": 0, "axis": "y", "origin": [8, 8, 8]},
			"faces": {
				"north": {"uv": [4, 5, 5, 6], "rotation": 180, "texture": "#x"},
				"east": {"uv": [4, 3, 5, 6], "rotation": 270, "texture": "#x"},
				"south": {"uv": [5, 3, 4, 4], "rotation": 180, "texture": "#x"},
				"west": {"uv": [4, 3, 5, 6], "rotation": 90, "texture": "#x"},
				"up": {"uv": [4, 6, 5, 3], "texture": "#x"},
				"down": {"uv": [4, 3, 5, 6], "texture": "#x"}
			}
		},
		{
			"name": "crate_x_4",
			"from": [11, 0.5, 10],
			"to": [12, 1.5, 13],
			"rotation": {"angle": 0, "axis": "y", "origin": [8, 8, 8]},
			"faces": {
				"north": {"uv": [11, 5, 12, 6], "rotation": 180, "texture": "#x"},
				"east": {"uv": [11, 3, 12, 6], "rotation": 270, "texture": "#x"},
				"south": {"uv": [12, 3, 11, 4], "rotation": 180, "texture": "#x"},
				"west": {"uv": [11, 3, 12, 6], "rotation": 90, "texture": "#x"},
				"up": {"uv": [11, 6, 12, 3], "texture": "#x"},
				"down": {"uv": [11, 3, 12, 6], "texture": "#x"}
			}
		},
		{
			"name": "crate_x_5",
			"from": [3, 0.5, 11],
			"to": [4, 1.5, 12],
			"rotation": {"angle": 0, "axis": "y", "origin": [8, 8, 8]},
			"faces": {
				"north": {"uv": [3, 4, 4, 5], "rotation": 180, "texture": "#x"},
				"east": {"uv": [3, 4, 4, 5], "rotation": 270, "texture": "#x"},
				"south": {"uv": [4, 4, 3, 5], "rotation": 180, "texture": "#x"},
				"west": {"uv": [3, 4, 4, 5], "rotation": 90, "texture": "#x"},
				"up": {"uv": [3, 5, 4, 4], "texture": "#x"},
				"down": {"uv": [3, 4, 4, 5], "texture": "#x"}
			}
		},
		{
			"name": "crate_x_6",
			"from": [5, 0.5, 9],
			"to": [6, 1.5, 12],
			"rotation": {"angle": 0, "axis": "y", "origin": [8, 8, 8]},
			"faces": {
				"north": {"uv": [5, 6, 6, 7], "rotation": 180, "texture": "#x"},
				"east": {"uv": [5, 4, 6, 7], "rotation": 270, "texture": "#x"},
				"south": {"uv": [6, 4, 5, 5], "rotation": 180, "texture": "#x"},
				"west": {"uv": [5, 4, 6, 7], "rotation": 90, "texture": "#x"},
				"up": {"uv": [5, 7, 6, 4], "texture": "#x"},
				"down": {"uv": [5, 4, 6, 7], "texture": "#x"}
			}
		},
		{
			"name": "crate_x_7",
			"from": [10, 0.5, 9],
			"to": [11, 1.5, 12],
			"rotation": {"angle": 0, "axis": "y", "origin": [8, 8, 8]},
			"faces": {
				"north": {"uv": [10, 6, 11, 7], "rotation": 180, "texture": "#x"},
				"east": {"uv": [10, 4, 11, 7], "rotation": 270, "texture": "#x"},
				"south": {"uv": [11, 4, 10, 5], "rotation": 180, "texture": "#x"},
				"west": {"uv": [10, 4, 11, 7], "rotation": 90, "texture": "#x"},
				"up": {"uv": [10, 7, 11, 4], "texture": "#x"},
				"down": {"uv": [10, 4, 11, 7], "texture": "#x"}
			}
		},
		{
			"name": "crate_x_8",
			"from": [12, 0.5, 11],
			"to": [13, 1.5, 12],
			"rotation": {"angle": 0, "axis": "y", "origin": [8, 8, 8]},
			"faces": {
				"north": {"uv": [12, 4, 13, 5], "rotation": 180, "texture": "#x"},
				"east": {"uv": [12, 4, 13, 5], "rotation": 270, "texture": "#x"},
				"south": {"uv": [13, 4, 12, 5], "rotation": 180, "texture": "#x"},
				"west": {"uv": [12, 4, 13, 5], "rotation": 90, "texture": "#x"},
				"up": {"uv": [12, 5, 13, 4], "texture": "#x"},
				"down": {"uv": [12, 4, 13, 5], "texture": "#x"}
			}
		},
		{
			"name": "crate_x_9",
			"from": [6, 0.5, 5],
			"to": [7, 1.5, 11],
			"rotation": {"angle": 0, "axis": "y", "origin": [8, 8, 8]},
			"faces": {
				"north": {"uv": [6, 10, 7, 11], "rotation": 180, "texture": "#x"},
				"east": {"uv": [6, 5, 7, 11], "rotation": 270, "texture": "#x"},
				"south": {"uv": [7, 5, 6, 6], "rotation": 180, "texture": "#x"},
				"west": {"uv": [6, 5, 7, 11], "rotation": 90, "texture": "#x"},
				"up": {"uv": [6, 11, 7, 5], "texture": "#x"},
				"down": {"uv": [6, 5, 7, 11], "texture": "#x"}
			}
		},
		{
			"name": "crate_x_10",
			"from": [9, 0.5, 5],
			"to": [10, 1.5, 11],
			"rotation": {"angle": 0, "axis": "y", "origin": [8, 8, 8]},
			"faces": {
				"north": {"uv": [9, 10, 10, 11], "rotation": 180, "texture": "#x"},
				"east": {"uv": [9, 5, 10, 11], "rotation": 270, "texture": "#x"},
				"south": {"uv": [10, 5, 9, 6], "rotation": 180, "texture": "#x"},
				"west": {"uv": [9, 5, 10, 11], "rotation": 90, "texture": "#x"},
				"up": {"uv": [9, 11, 10, 5], "texture": "#x"},
				"down": {"uv": [9, 5, 10, 11], "texture": "#x"}
			}
		},
		{
			"name": "crate_x_11",
			"from": [7, 0.5, 6],
			"to": [9, 1.5, 10],
			"rotation": {"angle": 0, "axis": "y", "origin": [8, 8, 8]},
			"faces": {
				"north": {"uv": [7, 9, 9, 10], "rotation": 180, "texture": "#x"},
				"east": {"uv": [8, 6, 9, 10], "rotation": 270, "texture": "#x"},
				"south": {"uv": [9, 6, 7, 7], "rotation": 180, "texture": "#x"},
				"west": {"uv": [7, 6, 8, 10], "rotation": 90, "texture": "#x"},
				"up": {"uv": [7, 10, 9, 6], "texture": "#x"},
				"down": {"uv": [7, 6, 9, 10], "texture": "#x"}
			}
		},
		{
			"name": "crate_x_12",
			"from": [5, 0.5, 4],
			"to": [6, 1.5, 7],
			"rotation": {"angle": 0, "axis": "y", "origin": [8, 8, 8]},
			"faces": {
				"north": {"uv": [5, 11, 6, 12], "rotation": 180, "texture": "#x"},
				"east": {"uv": [5, 9, 6, 12], "rotation": 270, "texture": "#x"},
				"south": {"uv": [6, 9, 5, 10], "rotation": 180, "texture": "#x"},
				"west": {"uv": [5, 9, 6, 12], "rotation": 90, "texture": "#x"},
				"up": {"uv": [5, 12, 6, 9], "texture": "#x"},
				"down": {"uv": [5, 9, 6, 12], "texture": "#x"}
			}
		},
		{
			"name": "crate_x_13",
			"from": [10, 0.5, 4],
			"to": [11, 1.5, 7],
			"rotation": {"angle": 0, "axis": "y", "origin": [8, 8, 8]},
			"faces": {
				"north": {"uv": [10, 11, 11, 12], "rotation": 180, "texture": "#x"},
				"east": {"uv": [10, 9, 11, 12], "rotation": 270, "texture": "#x"},
				"south": {"uv": [11, 9, 10, 10], "rotation": 180, "texture": "#x"},
				"west": {"uv": [10, 9, 11, 12], "rotation": 90, "texture": "#x"},
				"up": {"uv": [10, 12, 11, 9], "texture": "#x"},
				"down": {"uv": [10, 9, 11, 12], "texture": "#x"}
			}
		},
		{
			"name": "crate_x_14",
			"from": [4, 0.5, 3],
			"to": [5, 1.5, 6],
			"rotation": {"angle": 0, "axis": "y", "origin": [8, 8, 8]},
			"faces": {
				"north": {"uv": [4, 12, 5, 13], "rotation": 180, "texture": "#x"},
				"east": {"uv": [4, 10, 5, 13], "rotation": 270, "texture": "#x"},
				"south": {"uv": [5, 10, 4, 11], "rotation": 180, "texture": "#x"},
				"west": {"uv": [4, 10, 5, 13], "rotation": 90, "texture": "#x"},
				"up": {"uv": [4, 13, 5, 10], "texture": "#x"},
				"down": {"uv": [4, 10, 5, 13], "texture": "#x"}
			}
		},
		{
			"name": "crate_x_15",
			"from": [11, 0.5, 3],
			"to": [12, 1.5, 6],
			"rotation": {"angle": 0, "axis": "y", "origin": [8, 8, 8]},
			"faces": {
				"north": {"uv": [11, 12, 12, 13], "rotation": 180, "texture": "#x"},
				"east": {"uv": [11, 10, 12, 13], "rotation": 270, "texture": "#x"},
				"south": {"uv": [12, 10, 11, 11], "rotation": 180, "texture": "#x"},
				"west": {"uv": [11, 10, 12, 13], "rotation": 90, "texture": "#x"},
				"up": {"uv": [11, 13, 12, 10], "texture": "#x"},
				"down": {"uv": [11, 10, 12, 13], "texture": "#x"}
			}
		},
		{
			"name": "crate_x_16",
			"from": [3, 0.5, 2],
			"to": [4, 1.5, 5],
			"rotation": {"angle": 0, "axis": "y", "origin": [8, 8, 8]},
			"faces": {
				"north": {"uv": [3, 13, 4, 14], "rotation": 180, "texture": "#x"},
				"east": {"uv": [3, 11, 4, 14], "rotation": 270, "texture": "#x"},
				"south": {"uv": [4, 11, 3, 12], "rotation": 180, "texture": "#x"},
				"west": {"uv": [3, 11, 4, 14], "rotation": 90, "texture": "#x"},
				"up": {"uv": [3, 14, 4, 11], "texture": "#x"},
				"down": {"uv": [3, 11, 4, 14], "texture": "#x"}
			}
		},
		{
			"name": "crate_x_17",
			"from": [12, 0.5, 2],
			"to": [13, 1.5, 5],
			"rotation": {"angle": 0, "axis": "y", "origin": [8, 8, 8]},
			"faces": {
				"north": {"uv": [12, 13, 13, 14], "rotation": 180, "texture": "#x"},
				"east": {"uv": [12, 11, 13, 14], "rotation": 270, "texture": "#x"},
				"south": {"uv": [13, 11, 12, 12], "rotation": 180, "texture": "#x"},
				"west": {"uv": [12, 11, 13, 14], "rotation": 90, "texture": "#x"},
				"up": {"uv": [12, 14, 13, 11], "texture": "#x"},
				"down": {"uv": [12, 11, 13, 14], "texture": "#x"}
			}
		},
		{
			"name": "crate_x_18",
			"from": [2, 0.5, 2],
			"to": [3, 1.5, 4],
			"rotation": {"angle": 0, "axis": "y", "origin": [8, 8, 8]},
			"faces": {
				"north": {"uv": [2, 13, 3, 14], "rotation": 180, "texture": "#x"},
				"east": {"uv": [2, 12, 3, 14], "rotation": 270, "texture": "#x"},
				"south": {"uv": [3, 12, 2, 13], "rotation": 180, "texture": "#x"},
				"west": {"uv": [2, 12, 3, 14], "rotation": 90, "texture": "#x"},
				"up": {"uv": [2, 14, 3, 12], "texture": "#x"},
				"down": {"uv": [2, 12, 3, 14], "texture": "#x"}
			}
		},
		{
			"name": "crate_x_19",
			"from": [13, 0.5, 2],
			"to": [14, 1.5, 4],
			"rotation": {"angle": 0, "axis": "y", "origin": [8, 8, 8]},
			"faces": {
				"north": {"uv": [13, 13, 14, 14], "rotation": 180, "texture": "#x"},
				"east": {"uv": [13, 12, 14, 14], "rotation": 270, "texture": "#x"},
				"south": {"uv": [14, 12, 13, 13], "rotation": 180, "texture": "#x"},
				"west": {"uv": [13, 12, 14, 14], "rotation": 90, "texture": "#x"},
				"up": {"uv": [13, 14, 14, 12], "texture": "#x"},
				"down": {"uv": [13, 12, 14, 14], "texture": "#x"}
			}
		},
		{
			"name": "crate_x_0",
			"from": [2, 12, 14.5],
			"to": [4, 14, 15.5],
			"faces": {
				"north": {"uv": [4, 2, 2, 4], "texture": "#x"},
				"east": {"uv": [3, 2, 4, 4], "texture": "#x"},
				"south": {"uv": [2, 2, 4, 4], "texture": "#x"},
				"west": {"uv": [2, 2, 3, 4], "texture": "#x"},
				"up": {"uv": [2, 2, 4, 3], "texture": "#x"},
				"down": {"uv": [2, 3, 4, 4], "texture": "#x"}
			}
		},
		{
			"name": "crate_x_1",
			"from": [12, 12, 14.5],
			"to": [14, 14, 15.5],
			"faces": {
				"north": {"uv": [14, 2, 12, 4], "texture": "#x"},
				"east": {"uv": [13, 2, 14, 4], "texture": "#x"},
				"south": {"uv": [12, 2, 14, 4], "texture": "#x"},
				"west": {"uv": [12, 2, 13, 4], "texture": "#x"},
				"up": {"uv": [12, 2, 14, 3], "texture": "#x"},
				"down": {"uv": [12, 3, 14, 4], "texture": "#x"}
			}
		},
		{
			"name": "crate_x_2",
			"from": [4, 10, 14.5],
			"to": [5, 13, 15.5],
			"faces": {
				"north": {"uv": [5, 3, 4, 6], "texture": "#x"},
				"east": {"uv": [4, 3, 5, 6], "texture": "#x"},
				"south": {"uv": [4, 3, 5, 6], "texture": "#x"},
				"west": {"uv": [4, 3, 5, 6], "texture": "#x"},
				"up": {"uv": [4, 3, 5, 4], "texture": "#x"},
				"down": {"uv": [4, 5, 5, 6], "texture": "#x"}
			}
		},
		{
			"name": "crate_x_3",
			"from": [11, 10, 14.5],
			"to": [12, 13, 15.5],
			"faces": {
				"north": {"uv": [12, 3, 11, 6], "texture": "#x"},
				"east": {"uv": [11, 3, 12, 6], "texture": "#x"},
				"south": {"uv": [11, 3, 12, 6], "texture": "#x"},
				"west": {"uv": [11, 3, 12, 6], "texture": "#x"},
				"up": {"uv": [11, 3, 12, 4], "texture": "#x"},
				"down": {"uv": [11, 5, 12, 6], "texture": "#x"}
			}
		},
		{
			"name": "crate_x_4",
			"from": [3, 11, 14.5],
			"to": [4, 12, 15.5],
			"faces": {
				"north": {"uv": [4, 4, 3, 5], "texture": "#x"},
				"east": {"uv": [3, 4, 4, 5], "texture": "#x"},
				"south": {"uv": [3, 4, 4, 5], "texture": "#x"},
				"west": {"uv": [3, 4, 4, 5], "texture": "#x"},
				"up": {"uv": [3, 4, 4, 5], "texture": "#x"},
				"down": {"uv": [3, 4, 4, 5], "texture": "#x"}
			}
		},
		{
			"name": "crate_x_5",
			"from": [5, 9, 14.5],
			"to": [6, 12, 15.5],
			"faces": {
				"north": {"uv": [6, 4, 5, 7], "texture": "#x"},
				"east": {"uv": [5, 4, 6, 7], "texture": "#x"},
				"south": {"uv": [5, 4, 6, 7], "texture": "#x"},
				"west": {"uv": [5, 4, 6, 7], "texture": "#x"},
				"up": {"uv": [5, 4, 6, 5], "texture": "#x"},
				"down": {"uv": [5, 6, 6, 7], "texture": "#x"}
			}
		},
		{
			"name": "crate_x_6",
			"from": [10, 9, 14.5],
			"to": [11, 12, 15.5],
			"faces": {
				"north": {"uv": [11, 4, 10, 7], "texture": "#x"},
				"east": {"uv": [10, 4, 11, 7], "texture": "#x"},
				"south": {"uv": [10, 4, 11, 7], "texture": "#x"},
				"west": {"uv": [10, 4, 11, 7], "texture": "#x"},
				"up": {"uv": [10, 4, 11, 5], "texture": "#x"},
				"down": {"uv": [10, 6, 11, 7], "texture": "#x"}
			}
		},
		{
			"name": "crate_x_7",
			"from": [12, 11, 14.5],
			"to": [13, 12, 15.5],
			"faces": {
				"north": {"uv": [13, 4, 12, 5], "texture": "#x"},
				"east": {"uv": [12, 4, 13, 5], "texture": "#x"},
				"south": {"uv": [12, 4, 13, 5], "texture": "#x"},
				"west": {"uv": [12, 4, 13, 5], "texture": "#x"},
				"up": {"uv": [12, 4, 13, 5], "texture": "#x"},
				"down": {"uv": [12, 4, 13, 5], "texture": "#x"}
			}
		},
		{
			"name": "crate_x_8",
			"from": [6, 5, 14.5],
			"to": [7, 11, 15.5],
			"faces": {
				"north": {"uv": [7, 5, 6, 11], "texture": "#x"},
				"east": {"uv": [6, 5, 7, 11], "texture": "#x"},
				"south": {"uv": [6, 5, 7, 11], "texture": "#x"},
				"west": {"uv": [6, 5, 7, 11], "texture": "#x"},
				"up": {"uv": [6, 5, 7, 6], "texture": "#x"},
				"down": {"uv": [6, 10, 7, 11], "texture": "#x"}
			}
		},
		{
			"name": "crate_x_9",
			"from": [9, 5, 14.5],
			"to": [10, 11, 15.5],
			"faces": {
				"north": {"uv": [10, 5, 9, 11], "texture": "#x"},
				"east": {"uv": [9, 5, 10, 11], "texture": "#x"},
				"south": {"uv": [9, 5, 10, 11], "texture": "#x"},
				"west": {"uv": [9, 5, 10, 11], "texture": "#x"},
				"up": {"uv": [9, 5, 10, 6], "texture": "#x"},
				"down": {"uv": [9, 10, 10, 11], "texture": "#x"}
			}
		},
		{
			"name": "crate_x_10",
			"from": [7, 6, 14.5],
			"to": [9, 10, 15.5],
			"faces": {
				"north": {"uv": [9, 6, 7, 10], "texture": "#x"},
				"east": {"uv": [8, 6, 9, 10], "texture": "#x"},
				"south": {"uv": [7, 6, 9, 10], "texture": "#x"},
				"west": {"uv": [7, 6, 8, 10], "texture": "#x"},
				"up": {"uv": [7, 6, 9, 7], "texture": "#x"},
				"down": {"uv": [7, 9, 9, 10], "texture": "#x"}
			}
		},
		{
			"name": "crate_x_11",
			"from": [5, 4, 14.5],
			"to": [6, 7, 15.5],
			"faces": {
				"north": {"uv": [6, 9, 5, 12], "texture": "#x"},
				"east": {"uv": [5, 9, 6, 12], "texture": "#x"},
				"south": {"uv": [5, 9, 6, 12], "texture": "#x"},
				"west": {"uv": [5, 9, 6, 12], "texture": "#x"},
				"up": {"uv": [5, 9, 6, 10], "texture": "#x"},
				"down": {"uv": [5, 11, 6, 12], "texture": "#x"}
			}
		},
		{
			"name": "crate_x_12",
			"from": [10, 4, 14.5],
			"to": [11, 7, 15.5],
			"faces": {
				"north": {"uv": [11, 9, 10, 12], "texture": "#x"},
				"east": {"uv": [10, 9, 11, 12], "texture": "#x"},
				"south": {"uv": [10, 9, 11, 12], "texture": "#x"},
				"west": {"uv": [10, 9, 11, 12], "texture": "#x"},
				"up": {"uv": [10, 9, 11, 10], "texture": "#x"},
				"down": {"uv": [10, 11, 11, 12], "texture": "#x"}
			}
		},
		{
			"name": "crate_x_13",
			"from": [4, 3, 14.5],
			"to": [5, 6, 15.5],
			"faces": {
				"north": {"uv": [5, 10, 4, 13], "texture": "#x"},
				"east": {"uv": [4, 10, 5, 13], "texture": "#x"},
				"south": {"uv": [4, 10, 5, 13], "texture": "#x"},
				"west": {"uv": [4, 10, 5, 13], "texture": "#x"},
				"up": {"uv": [4, 10, 5, 11], "texture": "#x"},
				"down": {"uv": [4, 12, 5, 13], "texture": "#x"}
			}
		},
		{
			"name": "crate_x_14",
			"from": [11, 3, 14.5],
			"to": [12, 6, 15.5],
			"faces": {
				"north": {"uv": [12, 10, 11, 13], "texture": "#x"},
				"east": {"uv": [11, 10, 12, 13], "texture": "#x"},
				"south": {"uv": [11, 10, 12, 13], "texture": "#x"},
				"west": {"uv": [11, 10, 12, 13], "texture": "#x"},
				"up": {"uv": [11, 10, 12, 11], "texture": "#x"},
				"down": {"uv": [11, 12, 12, 13], "texture": "#x"}
			}
		},
		{
			"name": "crate_x_15",
			"from": [3, 2, 14.5],
			"to": [4, 5, 15.5],
			"faces": {
				"north": {"uv": [4, 11, 3, 14], "texture": "#x"},
				"east": {"uv": [3, 11, 4, 14], "texture": "#x"},
				"south": {"uv": [3, 11, 4, 14], "texture": "#x"},
				"west": {"uv": [3, 11, 4, 14], "texture": "#x"},
				"up": {"uv": [3, 11, 4, 12], "texture": "#x"},
				"down": {"uv": [3, 13, 4, 14], "texture": "#x"}
			}
		},
		{
			"name": "crate_x_16",
			"from": [12, 2, 14.5],
			"to": [13, 5, 15.5],
			"faces": {
				"north": {"uv": [13, 11, 12, 14], "texture": "#x"},
				"east": {"uv": [12, 11, 13, 14], "texture": "#x"},
				"south": {"uv": [12, 11, 13, 14], "texture": "#x"},
				"west": {"uv": [12, 11, 13, 14], "texture": "#x"},
				"up": {"uv": [12, 11, 13, 12], "texture": "#x"},
				"down": {"uv": [12, 13, 13, 14], "texture": "#x"}
			}
		},
		{
			"name": "crate_x_17",
			"from": [2, 2, 14.5],
			"to": [3, 4, 15.5],
			"faces": {
				"north": {"uv": [3, 12, 2, 14], "texture": "#x"},
				"east": {"uv": [2, 12, 3, 14], "texture": "#x"},
				"south": {"uv": [2, 12, 3, 14], "texture": "#x"},
				"west": {"uv": [2, 12, 3, 14], "texture": "#x"},
				"up": {"uv": [2, 12, 3, 13], "texture": "#x"},
				"down": {"uv": [2, 13, 3, 14], "texture": "#x"}
			}
		},
		{
			"name": "crate_x_18",
			"from": [13, 2, 14.5],
			"to": [14, 4, 15.5],
			"faces": {
				"north": {"uv": [14, 12, 13, 14], "texture": "#x"},
				"east": {"uv": [13, 12, 14, 14], "texture": "#x"},
				"south": {"uv": [13, 12, 14, 14], "texture": "#x"},
				"west": {"uv": [13, 12, 14, 14], "texture": "#x"},
				"up": {"uv": [13, 12, 14, 13], "texture": "#x"},
				"down": {"uv": [13, 13, 14, 14], "texture": "#x"}
			}
		},
		{
			"name": "crate_x_1",
			"from": [0.5, 12, 2],
			"to": [1.5, 14, 4],
			"rotation": {"angle": 0, "axis": "y", "origin": [8, 8, 8]},
			"faces": {
				"north": {"uv": [2, 2, 3, 4], "texture": "#x"},
				"east": {"uv": [4, 2, 2, 4], "texture": "#x"},
				"south": {"uv": [3, 2, 4, 4], "texture": "#x"},
				"west": {"uv": [2, 2, 4, 4], "texture": "#x"},
				"up": {"uv": [2, 2, 4, 3], "rotation": 90, "texture": "#x"},
				"down": {"uv": [2, 3, 4, 4], "rotation": 270, "texture": "#x"}
			}
		},
		{
			"name": "crate_x_2",
			"from": [0.5, 12, 12],
			"to": [1.5, 14, 14],
			"rotation": {"angle": 0, "axis": "y", "origin": [8, 8, 8]},
			"faces": {
				"north": {"uv": [12, 2, 13, 4], "texture": "#x"},
				"east": {"uv": [14, 2, 12, 4], "texture": "#x"},
				"south": {"uv": [13, 2, 14, 4], "texture": "#x"},
				"west": {"uv": [12, 2, 14, 4], "texture": "#x"},
				"up": {"uv": [12, 2, 14, 3], "rotation": 90, "texture": "#x"},
				"down": {"uv": [12, 3, 14, 4], "rotation": 270, "texture": "#x"}
			}
		},
		{
			"name": "crate_x_3",
			"from": [0.5, 10, 4],
			"to": [1.5, 13, 5],
			"rotation": {"angle": 0, "axis": "y", "origin": [8, 8, 8]},
			"faces": {
				"north": {"uv": [4, 3, 5, 6], "texture": "#x"},
				"east": {"uv": [5, 3, 4, 6], "texture": "#x"},
				"south": {"uv": [4, 3, 5, 6], "texture": "#x"},
				"west": {"uv": [4, 3, 5, 6], "texture": "#x"},
				"up": {"uv": [4, 3, 5, 4], "rotation": 90, "texture": "#x"},
				"down": {"uv": [4, 5, 5, 6], "rotation": 270, "texture": "#x"}
			}
		},
		{
			"name": "crate_x_4",
			"from": [0.5, 10, 11],
			"to": [1.5, 13, 12],
			"rotation": {"angle": 0, "axis": "y", "origin": [8, 8, 8]},
			"faces": {
				"north": {"uv": [11, 3, 12, 6], "texture": "#x"},
				"east": {"uv": [12, 3, 11, 6], "texture": "#x"},
				"south": {"uv": [11, 3, 12, 6], "texture": "#x"},
				"west": {"uv": [11, 3, 12, 6], "texture": "#x"},
				"up": {"uv": [11, 3, 12, 4], "rotation": 90, "texture": "#x"},
				"down": {"uv": [11, 5, 12, 6], "rotation": 270, "texture": "#x"}
			}
		},
		{
			"name": "crate_x_5",
			"from": [0.5, 11, 3],
			"to": [1.5, 12, 4],
			"rotation": {"angle": 0, "axis": "y", "origin": [8, 8, 8]},
			"faces": {
				"north": {"uv": [3, 4, 4, 5], "texture": "#x"},
				"east": {"uv": [4, 4, 3, 5], "texture": "#x"},
				"south": {"uv": [3, 4, 4, 5], "texture": "#x"},
				"west": {"uv": [3, 4, 4, 5], "texture": "#x"},
				"up": {"uv": [3, 4, 4, 5], "rotation": 90, "texture": "#x"},
				"down": {"uv": [3, 4, 4, 5], "rotation": 270, "texture": "#x"}
			}
		},
		{
			"name": "crate_x_6",
			"from": [0.5, 9, 5],
			"to": [1.5, 12, 6],
			"rotation": {"angle": 0, "axis": "y", "origin": [8, 8, 8]},
			"faces": {
				"north": {"uv": [5, 4, 6, 7], "texture": "#x"},
				"east": {"uv": [6, 4, 5, 7], "texture": "#x"},
				"south": {"uv": [5, 4, 6, 7], "texture": "#x"},
				"west": {"uv": [5, 4, 6, 7], "texture": "#x"},
				"up": {"uv": [5, 4, 6, 5], "rotation": 90, "texture": "#x"},
				"down": {"uv": [5, 6, 6, 7], "rotation": 270, "texture": "#x"}
			}
		},
		{
			"name": "crate_x_7",
			"from": [0.5, 9, 10],
			"to": [1.5, 12, 11],
			"rotation": {"angle": 0, "axis": "y", "origin": [8, 8, 8]},
			"faces": {
				"north": {"uv": [10, 4, 11, 7], "texture": "#x"},
				"east": {"uv": [11, 4, 10, 7], "texture": "#x"},
				"south": {"uv": [10, 4, 11, 7], "texture": "#x"},
				"west": {"uv": [10, 4, 11, 7], "texture": "#x"},
				"up": {"uv": [10, 4, 11, 5], "rotation": 90, "texture": "#x"},
				"down": {"uv": [10, 6, 11, 7], "rotation": 270, "texture": "#x"}
			}
		},
		{
			"name": "crate_x_8",
			"from": [0.5, 11, 12],
			"to": [1.5, 12, 13],
			"rotation": {"angle": 0, "axis": "y", "origin": [8, 8, 8]},
			"faces": {
				"north": {"uv": [12, 4, 13, 5], "texture": "#x"},
				"east": {"uv": [13, 4, 12, 5], "texture": "#x"},
				"south": {"uv": [12, 4, 13, 5], "texture": "#x"},
				"west": {"uv": [12, 4, 13, 5], "texture": "#x"},
				"up": {"uv": [12, 4, 13, 5], "rotation": 90, "texture": "#x"},
				"down": {"uv": [12, 4, 13, 5], "rotation": 270, "texture": "#x"}
			}
		},
		{
			"name": "crate_x_9",
			"from": [0.5, 5, 6],
			"to": [1.5, 11, 7],
			"rotation": {"angle": 0, "axis": "y", "origin": [8, 8, 8]},
			"faces": {
				"north": {"uv": [6, 5, 7, 11], "texture": "#x"},
				"east": {"uv": [7, 5, 6, 11], "texture": "#x"},
				"south": {"uv": [6, 5, 7, 11], "texture": "#x"},
				"west": {"uv": [6, 5, 7, 11], "texture": "#x"},
				"up": {"uv": [6, 5, 7, 6], "rotation": 90, "texture": "#x"},
				"down": {"uv": [6, 10, 7, 11], "rotation": 270, "texture": "#x"}
			}
		},
		{
			"name": "crate_x_10",
			"from": [0.5, 5, 9],
			"to": [1.5, 11, 10],
			"rotation": {"angle": 0, "axis": "y", "origin": [8, 8, 8]},
			"faces": {
				"north": {"uv": [9, 5, 10, 11], "texture": "#x"},
				"east": {"uv": [10, 5, 9, 11], "texture": "#x"},
				"south": {"uv": [9, 5, 10, 11], "texture": "#x"},
				"west": {"uv": [9, 5, 10, 11], "texture": "#x"},
				"up": {"uv": [9, 5, 10, 6], "rotation": 90, "texture": "#x"},
				"down": {"uv": [9, 10, 10, 11], "rotation": 270, "texture": "#x"}
			}
		},
		{
			"name": "crate_x_11",
			"from": [0.5, 6, 7],
			"to": [1.5, 10, 9],
			"rotation": {"angle": 0, "axis": "y", "origin": [8, 8, 8]},
			"faces": {
				"north": {"uv": [7, 6, 8, 10], "texture": "#x"},
				"east": {"uv": [9, 6, 7, 10], "texture": "#x"},
				"south": {"uv": [8, 6, 9, 10], "texture": "#x"},
				"west": {"uv": [7, 6, 9, 10], "texture": "#x"},
				"up": {"uv": [7, 6, 9, 7], "rotation": 90, "texture": "#x"},
				"down": {"uv": [7, 9, 9, 10], "rotation": 270, "texture": "#x"}
			}
		},
		{
			"name": "crate_x_12",
			"from": [0.5, 4, 5],
			"to": [1.5, 7, 6],
			"rotation": {"angle": 0, "axis": "y", "origin": [8, 8, 8]},
			"faces": {
				"north": {"uv": [5, 9, 6, 12], "texture": "#x"},
				"east": {"uv": [6, 9, 5, 12], "texture": "#x"},
				"south": {"uv": [5, 9, 6, 12], "texture": "#x"},
				"west": {"uv": [5, 9, 6, 12], "texture": "#x"},
				"up": {"uv": [5, 9, 6, 10], "rotation": 90, "texture": "#x"},
				"down": {"uv": [5, 11, 6, 12], "rotation": 270, "texture": "#x"}
			}
		},
		{
			"name": "crate_x_13",
			"from": [0.5, 4, 10],
			"to": [1.5, 7, 11],
			"rotation": {"angle": 0, "axis": "y", "origin": [8, 8, 8]},
			"faces": {
				"north": {"uv": [10, 9, 11, 12], "texture": "#x"},
				"east": {"uv": [11, 9, 10, 12], "texture": "#x"},
				"south": {"uv": [10, 9, 11, 12], "texture": "#x"},
				"west": {"uv": [10, 9, 11, 12], "texture": "#x"},
				"up": {"uv": [10, 9, 11, 10], "rotation": 90, "texture": "#x"},
				"down": {"uv": [10, 11, 11, 12], "rotation": 270, "texture": "#x"}
			}
		},
		{
			"name": "crate_x_14",
			"from": [0.5, 3, 4],
			"to": [1.5, 6, 5],
			"rotation": {"angle": 0, "axis": "y", "origin": [8, 8, 8]},
			"faces": {
				"north": {"uv": [4, 10, 5, 13], "texture": "#x"},
				"east": {"uv": [5, 10, 4, 13], "texture": "#x"},
				"south": {"uv": [4, 10, 5, 13], "texture": "#x"},
				"west": {"uv": [4, 10, 5, 13], "texture": "#x"},
				"up": {"uv": [4, 10, 5, 11], "rotation": 90, "texture": "#x"},
				"down": {"uv": [4, 12, 5, 13], "rotation": 270, "texture": "#x"}
			}
		},
		{
			"name": "crate_x_15",
			"from": [0.5, 3, 11],
			"to": [1.5, 6, 12],
			"rotation": {"angle": 0, "axis": "y", "origin": [8, 8, 8]},
			"faces": {
				"north": {"uv": [11, 10, 12, 13], "texture": "#x"},
				"east": {"uv": [12, 10, 11, 13], "texture": "#x"},
				"south": {"uv": [11, 10, 12, 13], "texture": "#x"},
				"west": {"uv": [11, 10, 12, 13], "texture": "#x"},
				"up": {"uv": [11, 10, 12, 11], "rotation": 90, "texture": "#x"},
				"down": {"uv": [11, 12, 12, 13], "rotation": 270, "texture": "#x"}
			}
		},
		{
			"name": "crate_x_16",
			"from": [0.5, 2, 3],
			"to": [1.5, 5, 4],
			"rotation": {"angle": 0, "axis": "y", "origin": [8, 8, 8]},
			"faces": {
				"north": {"uv": [3, 11, 4, 14], "texture": "#x"},
				"east": {"uv": [4, 11, 3, 14], "texture": "#x"},
				"south": {"uv": [3, 11, 4, 14], "texture": "#x"},
				"west": {"uv": [3, 11, 4, 14], "texture": "#x"},
				"up": {"uv": [3, 11, 4, 12], "rotation": 90, "texture": "#x"},
				"down": {"uv": [3, 13, 4, 14], "rotation": 270, "texture": "#x"}
			}
		},
		{
			"name": "crate_x_17",
			"from": [0.5, 2, 12],
			"to": [1.5, 5, 13],
			"rotation": {"angle": 0, "axis": "y", "origin": [8, 8, 8]},
			"faces": {
				"north": {"uv": [12, 11, 13, 14], "texture": "#x"},
				"east": {"uv": [13, 11, 12, 14], "texture": "#x"},
				"south": {"uv": [12, 11, 13, 14], "texture": "#x"},
				"west": {"uv": [12, 11, 13, 14], "texture": "#x"},
				"up": {"uv": [12, 11, 13, 12], "rotation": 90, "texture": "#x"},
				"down": {"uv": [12, 13, 13, 14], "rotation": 270, "texture": "#x"}
			}
		},
		{
			"name": "crate_x_18",
			"from": [0.5, 2, 2],
			"to": [1.5, 4, 3],
			"rotation": {"angle": 0, "axis": "y", "origin": [8, 8, 8]},
			"faces": {
				"north": {"uv": [2, 12, 3, 14], "texture": "#x"},
				"east": {"uv": [3, 12, 2, 14], "texture": "#x"},
				"south": {"uv": [2, 12, 3, 14], "texture": "#x"},
				"west": {"uv": [2, 12, 3, 14], "texture": "#x"},
				"up": {"uv": [2, 12, 3, 13], "rotation": 90, "texture": "#x"},
				"down": {"uv": [2, 13, 3, 14], "rotation": 270, "texture": "#x"}
			}
		},
		{
			"name": "crate_x_19",
			"from": [0.5, 2, 13],
			"to": [1.5, 4, 14],
			"rotation": {"angle": 0, "axis": "y", "origin": [8, 8, 8]},
			"faces": {
				"north": {"uv": [13, 12, 14, 14], "texture": "#x"},
				"east": {"uv": [14, 12, 13, 14], "texture": "#x"},
				"south": {"uv": [13, 12, 14, 14], "texture": "#x"},
				"west": {"uv": [13, 12, 14, 14], "texture": "#x"},
				"up": {"uv": [13, 12, 14, 13], "rotation": 90, "texture": "#x"},
				"down": {"uv": [13, 13, 14, 14], "rotation": 270, "texture": "#x"}
			}
		},
		{
			"name": "crate_x_2",
			"from": [12, 12, 0.5],
			"to": [14, 14, 1.5],
			"rotation": {"angle": 0, "axis": "y", "origin": [8, 8, 8]},
			"faces": {
				"north": {"uv": [2, 2, 4, 4], "texture": "#x"},
				"east": {"uv": [2, 2, 3, 4], "texture": "#x"},
				"south": {"uv": [4, 2, 2, 4], "texture": "#x"},
				"west": {"uv": [3, 2, 4, 4], "texture": "#x"},
				"up": {"uv": [2, 2, 4, 3], "rotation": 180, "texture": "#x"},
				"down": {"uv": [2, 3, 4, 4], "rotation": 180, "texture": "#x"}
			}
		},
		{
			"name": "crate_x_3",
			"from": [2, 12, 0.5],
			"to": [4, 14, 1.5],
			"rotation": {"angle": 0, "axis": "y", "origin": [8, 8, 8]},
			"faces": {
				"north": {"uv": [12, 2, 14, 4], "texture": "#x"},
				"east": {"uv": [12, 2, 13, 4], "texture": "#x"},
				"south": {"uv": [14, 2, 12, 4], "texture": "#x"},
				"west": {"uv": [13, 2, 14, 4], "texture": "#x"},
				"up": {"uv": [12, 2, 14, 3], "rotation": 180, "texture": "#x"},
				"down": {"uv": [12, 3, 14, 4], "rotation": 180, "texture": "#x"}
			}
		},
		{
			"name": "crate_x_4",
			"from": [11, 10, 0.5],
			"to": [12, 13, 1.5],
			"rotation": {"angle": 0, "axis": "y", "origin": [8, 8, 8]},
			"faces": {
				"north": {"uv": [4, 3, 5, 6], "texture": "#x"},
				"east": {"uv": [4, 3, 5, 6], "texture": "#x"},
				"south": {"uv": [5, 3, 4, 6], "texture": "#x"},
				"west": {"uv": [4, 3, 5, 6], "texture": "#x"},
				"up": {"uv": [4, 3, 5, 4], "rotation": 180, "texture": "#x"},
				"down": {"uv": [4, 5, 5, 6], "rotation": 180, "texture": "#x"}
			}
		},
		{
			"name": "crate_x_5",
			"from": [4, 10, 0.5],
			"to": [5, 13, 1.5],
			"rotation": {"angle": 0, "axis": "y", "origin": [8, 8, 8]},
			"faces": {
				"north": {"uv": [11, 3, 12, 6], "texture": "#x"},
				"east": {"uv": [11, 3, 12, 6], "texture": "#x"},
				"south": {"uv": [12, 3, 11, 6], "texture": "#x"},
				"west": {"uv": [11, 3, 12, 6], "texture": "#x"},
				"up": {"uv": [11, 3, 12, 4], "rotation": 180, "texture": "#x"},
				"down": {"uv": [11, 5, 12, 6], "rotation": 180, "texture": "#x"}
			}
		},
		{
			"name": "crate_x_6",
			"from": [12, 11, 0.5],
			"to": [13, 12, 1.5],
			"rotation": {"angle": 0, "axis": "y", "origin": [8, 8, 8]},
			"faces": {
				"north": {"uv": [3, 4, 4, 5], "texture": "#x"},
				"east": {"uv": [3, 4, 4, 5], "texture": "#x"},
				"south": {"uv": [4, 4, 3, 5], "texture": "#x"},
				"west": {"uv": [3, 4, 4, 5], "texture": "#x"},
				"up": {"uv": [3, 4, 4, 5], "rotation": 180, "texture": "#x"},
				"down": {"uv": [3, 4, 4, 5], "rotation": 180, "texture": "#x"}
			}
		},
		{
			"name": "crate_x_7",
			"from": [10, 9, 0.5],
			"to": [11, 12, 1.5],
			"rotation": {"angle": 0, "axis": "y", "origin": [8, 8, 8]},
			"faces": {
				"north": {"uv": [5, 4, 6, 7], "texture": "#x"},
				"east": {"uv": [5, 4, 6, 7], "texture": "#x"},
				"south": {"uv": [6, 4, 5, 7], "texture": "#x"},
				"west": {"uv": [5, 4, 6, 7], "texture": "#x"},
				"up": {"uv": [5, 4, 6, 5], "rotation": 180, "texture": "#x"},
				"down": {"uv": [5, 6, 6, 7], "rotation": 180, "texture": "#x"}
			}
		},
		{
			"name": "crate_x_8",
			"from": [5, 9, 0.5],
			"to": [6, 12, 1.5],
			"rotation": {"angle": 0, "axis": "y", "origin": [8, 8, 8]},
			"faces": {
				"north": {"uv": [10, 4, 11, 7], "texture": "#x"},
				"east": {"uv": [10, 4, 11, 7], "texture": "#x"},
				"south": {"uv": [11, 4, 10, 7], "texture": "#x"},
				"west": {"uv": [10, 4, 11, 7], "texture": "#x"},
				"up": {"uv": [10, 4, 11, 5], "rotation": 180, "texture": "#x"},
				"down": {"uv": [10, 6, 11, 7], "rotation": 180, "texture": "#x"}
			}
		},
		{
			"name": "crate_x_9",
			"from": [3, 11, 0.5],
			"to": [4, 12, 1.5],
			"rotation": {"angle": 0, "axis": "y", "origin": [8, 8, 8]},
			"faces": {
				"north": {"uv": [12, 4, 13, 5], "texture": "#x"},
				"east": {"uv": [12, 4, 13, 5], "texture": "#x"},
				"south": {"uv": [13, 4, 12, 5], "texture": "#x"},
				"west": {"uv": [12, 4, 13, 5], "texture": "#x"},
				"up": {"uv": [12, 4, 13, 5], "rotation": 180, "texture": "#x"},
				"down": {"uv": [12, 4, 13, 5], "rotation": 180, "texture": "#x"}
			}
		},
		{
			"name": "crate_x_10",
			"from": [9, 5, 0.5],
			"to": [10, 11, 1.5],
			"rotation": {"angle": 0, "axis": "y", "origin": [8, 8, 8]},
			"faces": {
				"north": {"uv": [6, 5, 7, 11], "texture": "#x"},
				"east": {"uv": [6, 5, 7, 11], "texture": "#x"},
				"south": {"uv": [7, 5, 6, 11], "texture": "#x"},
				"west": {"uv": [6, 5, 7, 11], "texture": "#x"},
				"up": {"uv": [6, 5, 7, 6], "rotation": 180, "texture": "#x"},
				"down": {"uv": [6, 10, 7, 11], "rotation": 180, "texture": "#x"}
			}
		},
		{
			"name": "crate_x_11",
			"from": [6, 5, 0.5],
			"to": [7, 11, 1.5],
			"rotation": {"angle": 0, "axis": "y", "origin": [8, 8, 8]},
			"faces": {
				"north": {"uv": [9, 5, 10, 11], "texture": "#x"},
				"east": {"uv": [9, 5, 10, 11], "texture": "#x"},
				"south": {"uv": [10, 5, 9, 11], "texture": "#x"},
				"west": {"uv": [9, 5, 10, 11], "texture": "#x"},
				"up": {"uv": [9, 5, 10, 6], "rotation": 180, "texture": "#x"},
				"down": {"uv": [9, 10, 10, 11], "rotation": 180, "texture": "#x"}
			}
		},
		{
			"name": "crate_x_12",
			"from": [7, 6, 0.5],
			"to": [9, 10, 1.5],
			"rotation": {"angle": 0, "axis": "y", "origin": [8, 8, 8]},
			"faces": {
				"north": {"uv": [7, 6, 9, 10], "texture": "#x"},
				"east": {"uv": [7, 6, 8, 10], "texture": "#x"},
				"south": {"uv": [9, 6, 7, 10], "texture": "#x"},
				"west": {"uv": [8, 6, 9, 10], "texture": "#x"},
				"up": {"uv": [7, 6, 9, 7], "rotation": 180, "texture": "#x"},
				"down": {"uv": [7, 9, 9, 10], "rotation": 180, "texture": "#x"}
			}
		},
		{
			"name": "crate_x_13",
			"from": [10, 4, 0.5],
			"to": [11, 7, 1.5],
			"rotation": {"angle": 0, "axis": "y", "origin": [8, 8, 8]},
			"faces": {
				"north": {"uv": [5, 9, 6, 12], "texture": "#x"},
				"east": {"uv": [5, 9, 6, 12], "texture": "#x"},
				"south": {"uv": [6, 9, 5, 12], "texture": "#x"},
				"west": {"uv": [5, 9, 6, 12], "texture": "#x"},
				"up": {"uv": [5, 9, 6, 10], "rotation": 180, "texture": "#x"},
				"down": {"uv": [5, 11, 6, 12], "rotation": 180, "texture": "#x"}
			}
		},
		{
			"name": "crate_x_14",
			"from": [5, 4, 0.5],
			"to": [6, 7, 1.5],
			"rotation": {"angle": 0, "axis": "y", "origin": [8, 8, 8]},
			"faces": {
				"north": {"uv": [10, 9, 11, 12], "texture": "#x"},
				"east": {"uv": [10, 9, 11, 12], "texture": "#x"},
				"south": {"uv": [11, 9, 10, 12], "texture": "#x"},
				"west": {"uv": [10, 9, 11, 12], "texture": "#x"},
				"up": {"uv": [10, 9, 11, 10], "rotation": 180, "texture": "#x"},
				"down": {"uv": [10, 11, 11, 12], "rotation": 180, "texture": "#x"}
			}
		},
		{
			"name": "crate_x_15",
			"from": [11, 3, 0.5],
			"to": [12, 6, 1.5],
			"rotation": {"angle": 0, "axis": "y", "origin": [8, 8, 8]},
			"faces": {
				"north": {"uv": [4, 10, 5, 13], "texture": "#x"},
				"east": {"uv": [4, 10, 5, 13], "texture": "#x"},
				"south": {"uv": [5, 10, 4, 13], "texture": "#x"},
				"west": {"uv": [4, 10, 5, 13], "texture": "#x"},
				"up": {"uv": [4, 10, 5, 11], "rotation": 180, "texture": "#x"},
				"down": {"uv": [4, 12, 5, 13], "rotation": 180, "texture": "#x"}
			}
		},
		{
			"name": "crate_x_16",
			"from": [4, 3, 0.5],
			"to": [5, 6, 1.5],
			"rotation": {"angle": 0, "axis": "y", "origin": [8, 8, 8]},
			"faces": {
				"north": {"uv": [11, 10, 12, 13], "texture": "#x"},
				"east": {"uv": [11, 10, 12, 13], "texture": "#x"},
				"south": {"uv": [12, 10, 11, 13], "texture": "#x"},
				"west": {"uv": [11, 10, 12, 13], "texture": "#x"},
				"up": {"uv": [11, 10, 12, 11], "rotation": 180, "texture": "#x"},
				"down": {"uv": [11, 12, 12, 13], "rotation": 180, "texture": "#x"}
			}
		},
		{
			"name": "crate_x_17",
			"from": [12, 2, 0.5],
			"to": [13, 5, 1.5],
			"rotation": {"angle": 0, "axis": "y", "origin": [8, 8, 8]},
			"faces": {
				"north": {"uv": [3, 11, 4, 14], "texture": "#x"},
				"east": {"uv": [3, 11, 4, 14], "texture": "#x"},
				"south": {"uv": [4, 11, 3, 14], "texture": "#x"},
				"west": {"uv": [3, 11, 4, 14], "texture": "#x"},
				"up": {"uv": [3, 11, 4, 12], "rotation": 180, "texture": "#x"},
				"down": {"uv": [3, 13, 4, 14], "rotation": 180, "texture": "#x"}
			}
		},
		{
			"name": "crate_x_18",
			"from": [3, 2, 0.5],
			"to": [4, 5, 1.5],
			"rotation": {"angle": 0, "axis": "y", "origin": [8, 8, 8]},
			"faces": {
				"north": {"uv": [12, 11, 13, 14], "texture": "#x"},
				"east": {"uv": [12, 11, 13, 14], "texture": "#x"},
				"south": {"uv": [13, 11, 12, 14], "texture": "#x"},
				"west": {"uv": [12, 11, 13, 14], "texture": "#x"},
				"up": {"uv": [12, 11, 13, 12], "rotation": 180, "texture": "#x"},
				"down": {"uv": [12, 13, 13, 14], "rotation": 180, "texture": "#x"}
			}
		},
		{
			"name": "crate_x_19",
			"from": [13, 2, 0.5],
			"to": [14, 4, 1.5],
			"rotation": {"angle": 0, "axis": "y", "origin": [8, 8, 8]},
			"faces": {
				"north": {"uv": [2, 12, 3, 14], "texture": "#x"},
				"east": {"uv": [2, 12, 3, 14], "texture": "#x"},
				"south": {"uv": [3, 12, 2, 14], "texture": "#x"},
				"west": {"uv": [2, 12, 3, 14], "texture": "#x"},
				"up": {"uv": [2, 12, 3, 13], "rotation": 180, "texture": "#x"},
				"down": {"uv": [2, 13, 3, 14], "rotation": 180, "texture": "#x"}
			}
		},
		{
			"name": "crate_x_20",
			"from": [2, 2, 0.5],
			"to": [3, 4, 1.5],
			"rotation": {"angle": 0, "axis": "y", "origin": [8, 8, 8]},
			"faces": {
				"north": {"uv": [13, 12, 14, 14], "texture": "#x"},
				"east": {"uv": [13, 12, 14, 14], "texture": "#x"},
				"south": {"uv": [14, 12, 13, 14], "texture": "#x"},
				"west": {"uv": [13, 12, 14, 14], "texture": "#x"},
				"up": {"uv": [13, 12, 14, 13], "rotation": 180, "texture": "#x"},
				"down": {"uv": [13, 13, 14, 14], "rotation": 180, "texture": "#x"}
			}
		},
		{
			"name": "crate_x_3",
			"from": [14.5, 12, 12],
			"to": [15.5, 14, 14],
			"rotation": {"angle": 0, "axis": "y", "origin": [8, 8, 8]},
			"faces": {
				"north": {"uv": [3, 2, 4, 4], "texture": "#x"},
				"east": {"uv": [2, 2, 4, 4], "texture": "#x"},
				"south": {"uv": [2, 2, 3, 4], "texture": "#x"},
				"west": {"uv": [4, 2, 2, 4], "texture": "#x"},
				"up": {"uv": [2, 2, 4, 3], "rotation": 270, "texture": "#x"},
				"down": {"uv": [2, 3, 4, 4], "rotation": 90, "texture": "#x"}
			}
		},
		{
			"name": "crate_x_4",
			"from": [14.5, 12, 2],
			"to": [15.5, 14, 4],
			"rotation": {"angle": 0, "axis": "y", "origin": [8, 8, 8]},
			"faces": {
				"north": {"uv": [13, 2, 14, 4], "texture": "#x"},
				"east": {"uv": [12, 2, 14, 4], "texture": "#x"},
				"south": {"uv": [12, 2, 13, 4], "texture": "#x"},
				"west": {"uv": [14, 2, 12, 4], "texture": "#x"},
				"up": {"uv": [12, 2, 14, 3], "rotation": 270, "texture": "#x"},
				"down": {"uv": [12, 3, 14, 4], "rotation": 90, "texture": "#x"}
			}
		},
		{
			"name": "crate_x_5",
			"from": [14.5, 10, 11],
			"to": [15.5, 13, 12],
			"rotation": {"angle": 0, "axis": "y", "origin": [8, 8, 8]},
			"faces": {
				"north": {"uv": [4, 3, 5, 6], "texture": "#x"},
				"east": {"uv": [4, 3, 5, 6], "texture": "#x"},
				"south": {"uv": [4, 3, 5, 6], "texture": "#x"},
				"west": {"uv": [5, 3, 4, 6], "texture": "#x"},
				"up": {"uv": [4, 3, 5, 4], "rotation": 270, "texture": "#x"},
				"down": {"uv": [4, 5, 5, 6], "rotation": 90, "texture": "#x"}
			}
		},
		{
			"name": "crate_x_6",
			"from": [14.5, 10, 4],
			"to": [15.5, 13, 5],
			"rotation": {"angle": 0, "axis": "y", "origin": [8, 8, 8]},
			"faces": {
				"north": {"uv": [11, 3, 12, 6], "texture": "#x"},
				"east": {"uv": [11, 3, 12, 6], "texture": "#x"},
				"south": {"uv": [11, 3, 12, 6], "texture": "#x"},
				"west": {"uv": [12, 3, 11, 6], "texture": "#x"},
				"up": {"uv": [11, 3, 12, 4], "rotation": 270, "texture": "#x"},
				"down": {"uv": [11, 5, 12, 6], "rotation": 90, "texture": "#x"}
			}
		},
		{
			"name": "crate_x_7",
			"from": [14.5, 11, 12],
			"to": [15.5, 12, 13],
			"rotation": {"angle": 0, "axis": "y", "origin": [8, 8, 8]},
			"faces": {
				"north": {"uv": [3, 4, 4, 5], "texture": "#x"},
				"east": {"uv": [3, 4, 4, 5], "texture": "#x"},
				"south": {"uv": [3, 4, 4, 5], "texture": "#x"},
				"west": {"uv": [4, 4, 3, 5], "texture": "#x"},
				"up": {"uv": [3, 4, 4, 5], "rotation": 270, "texture": "#x"},
				"down": {"uv": [3, 4, 4, 5], "rotation": 90, "texture": "#x"}
			}
		},
		{
			"name": "crate_x_8",
			"from": [14.5, 9, 10],
			"to": [15.5, 12, 11],
			"rotation": {"angle": 0, "axis": "y", "origin": [8, 8, 8]},
			"faces": {
				"north": {"uv": [5, 4, 6, 7], "texture": "#x"},
				"east": {"uv": [5, 4, 6, 7], "texture": "#x"},
				"south": {"uv": [5, 4, 6, 7], "texture": "#x"},
				"west": {"uv": [6, 4, 5, 7], "texture": "#x"},
				"up": {"uv": [5, 4, 6, 5], "rotation": 270, "texture": "#x"},
				"down": {"uv": [5, 6, 6, 7], "rotation": 90, "texture": "#x"}
			}
		},
		{
			"name": "crate_x_9",
			"from": [14.5, 9, 5],
			"to": [15.5, 12, 6],
			"rotation": {"angle": 0, "axis": "y", "origin": [8, 8, 8]},
			"faces": {
				"north": {"uv": [10, 4, 11, 7], "texture": "#x"},
				"east": {"uv": [10, 4, 11, 7], "texture": "#x"},
				"south": {"uv": [10, 4, 11, 7], "texture": "#x"},
				"west": {"uv": [11, 4, 10, 7], "texture": "#x"},
				"up": {"uv": [10, 4, 11, 5], "rotation": 270, "texture": "#x"},
				"down": {"uv": [10, 6, 11, 7], "rotation": 90, "texture": "#x"}
			}
		},
		{
			"name": "crate_x_10",
			"from": [14.5, 11, 3],
			"to": [15.5, 12, 4],
			"rotation": {"angle": 0, "axis": "y", "origin": [8, 8, 8]},
			"faces": {
				"north": {"uv": [12, 4, 13, 5], "texture": "#x"},
				"east": {"uv": [12, 4, 13, 5], "texture": "#x"},
				"south": {"uv": [12, 4, 13, 5], "texture": "#x"},
				"west": {"uv": [13, 4, 12, 5], "texture": "#x"},
				"up": {"uv": [12, 4, 13, 5], "rotation": 270, "texture": "#x"},
				"down": {"uv": [12, 4, 13, 5], "rotation": 90, "texture": "#x"}
			}
		},
		{
			"name": "crate_x_11",
			"from": [14.5, 5, 9],
			"to": [15.5, 11, 10],
			"rotation": {"angle": 0, "axis": "y", "origin": [8, 8, 8]},
			"faces": {
				"north": {"uv": [6, 5, 7, 11], "texture": "#x"},
				"east": {"uv": [6, 5, 7, 11], "texture": "#x"},
				"south": {"uv": [6, 5, 7, 11], "texture": "#x"},
				"west": {"uv": [7, 5, 6, 11], "texture": "#x"},
				"up": {"uv": [6, 5, 7, 6], "rotation": 270, "texture": "#x"},
				"down": {"uv": [6, 10, 7, 11], "rotation": 90, "texture": "#x"}
			}
		},
		{
			"name": "crate_x_12",
			"from": [14.5, 5, 6],
			"to": [15.5, 11, 7],
			"rotation": {"angle": 0, "axis": "y", "origin": [8, 8, 8]},
			"faces": {
				"north": {"uv": [9, 5, 10, 11], "texture": "#x"},
				"east": {"uv": [9, 5, 10, 11], "texture": "#x"},
				"south": {"uv": [9, 5, 10, 11], "texture": "#x"},
				"west": {"uv": [10, 5, 9, 11], "texture": "#x"},
				"up": {"uv": [9, 5, 10, 6], "rotation": 270, "texture": "#x"},
				"down": {"uv": [9, 10, 10, 11], "rotation": 90, "texture": "#x"}
			}
		},
		{
			"name": "crate_x_13",
			"from": [14.5, 6, 7],
			"to": [15.5, 10, 9],
			"rotation": {"angle": 0, "axis": "y", "origin": [8, 8, 8]},
			"faces": {
				"north": {"uv": [8, 6, 9, 10], "texture": "#x"},
				"east": {"uv": [7, 6, 9, 10], "texture": "#x"},
				"south": {"uv": [7, 6, 8, 10], "texture": "#x"},
				"west": {"uv": [9, 6, 7, 10], "texture": "#x"},
				"up": {"uv": [7, 6, 9, 7], "rotation": 270, "texture": "#x"},
				"down": {"uv": [7, 9, 9, 10], "rotation": 90, "texture": "#x"}
			}
		},
		{
			"name": "crate_x_14",
			"from": [14.5, 4, 10],
			"to": [15.5, 7, 11],
			"rotation": {"angle": 0, "axis": "y", "origin": [8, 8, 8]},
			"faces": {
				"north": {"uv": [5, 9, 6, 12], "texture": "#x"},
				"east": {"uv": [5, 9, 6, 12], "texture": "#x"},
				"south": {"uv": [5, 9, 6, 12], "texture": "#x"},
				"west": {"uv": [6, 9, 5, 12], "texture": "#x"},
				"up": {"uv": [5, 9, 6, 10], "rotation": 270, "texture": "#x"},
				"down": {"uv": [5, 11, 6, 12], "rotation": 90, "texture": "#x"}
			}
		},
		{
			"name": "crate_x_15",
			"from": [14.5, 4, 5],
			"to": [15.5, 7, 6],
			"rotation": {"angle": 0, "axis": "y", "origin": [8, 8, 8]},
			"faces": {
				"north": {"uv": [10, 9, 11, 12], "texture": "#x"},
				"east": {"uv": [10, 9, 11, 12], "texture": "#x"},
				"south": {"uv": [10, 9, 11, 12], "texture": "#x"},
				"west": {"uv": [11, 9, 10, 12], "texture": "#x"},
				"up": {"uv": [10, 9, 11, 10], "rotation": 270, "texture": "#x"},
				"down": {"uv": [10, 11, 11, 12], "rotation": 90, "texture": "#x"}
			}
		},
		{
			"name": "crate_x_16",
			"from": [14.5, 3, 11],
			"to": [15.5, 6, 12],
			"rotation": {"angle": 0, "axis": "y", "origin": [8, 8, 8]},
			"faces": {
				"north": {"uv": [4, 10, 5, 13], "texture": "#x"},
				"east": {"uv": [4, 10, 5, 13], "texture": "#x"},
				"south": {"uv": [4, 10, 5, 13], "texture": "#x"},
				"west": {"uv": [5, 10, 4, 13], "texture": "#x"},
				"up": {"uv": [4, 10, 5, 11], "rotation": 270, "texture": "#x"},
				"down": {"uv": [4, 12, 5, 13], "rotation": 90, "texture": "#x"}
			}
		},
		{
			"name": "crate_x_17",
			"from": [14.5, 3, 4],
			"to": [15.5, 6, 5],
			"rotation": {"angle": 0, "axis": "y", "origin": [8, 8, 8]},
			"faces": {
				"north": {"uv": [11, 10, 12, 13], "texture": "#x"},
				"east": {"uv": [11, 10, 12, 13], "texture": "#x"},
				"south": {"uv": [11, 10, 12, 13], "texture": "#x"},
				"west": {"uv": [12, 10, 11, 13], "texture": "#x"},
				"up": {"uv": [11, 10, 12, 11], "rotation": 270, "texture": "#x"},
				"down": {"uv": [11, 12, 12, 13], "rotation": 90, "texture": "#x"}
			}
		},
		{
			"name": "crate_x_18",
			"from": [14.5, 2, 12],
			"to": [15.5, 5, 13],
			"rotation": {"angle": 0, "axis": "y", "origin": [8, 8, 8]},
			"faces": {
				"north": {"uv": [3, 11, 4, 14], "texture": "#x"},
				"east": {"uv": [3, 11, 4, 14], "texture": "#x"},
				"south": {"uv": [3, 11, 4, 14], "texture": "#x"},
				"west": {"uv": [4, 11, 3, 14], "texture": "#x"},
				"up": {"uv": [3, 11, 4, 12], "rotation": 270, "texture": "#x"},
				"down": {"uv": [3, 13, 4, 14], "rotation": 90, "texture": "#x"}
			}
		},
		{
			"name": "crate_x_19",
			"from": [14.5, 2, 3],
			"to": [15.5, 5, 4],
			"rotation": {"angle": 0, "axis": "y", "origin": [8, 8, 8]},
			"faces": {
				"north": {"uv": [12, 11, 13, 14], "texture": "#x"},
				"east": {"uv": [12, 11, 13, 14], "texture": "#x"},
				"south": {"uv": [12, 11, 13, 14], "texture": "#x"},
				"west": {"uv": [13, 11, 12, 14], "texture": "#x"},
				"up": {"uv": [12, 11, 13, 12], "rotation": 270, "texture": "#x"},
				"down": {"uv": [12, 13, 13, 14], "rotation": 90, "texture": "#x"}
			}
		},
		{
			"name": "crate_x_20",
			"from": [14.5, 2, 13],
			"to": [15.5, 4, 14],
			"rotation": {"angle": 0, "axis": "y", "origin": [8, 8, 8]},
			"faces": {
				"north": {"uv": [2, 12, 3, 14], "texture": "#x"},
				"east": {"uv": [2, 12, 3, 14], "texture": "#x"},
				"south": {"uv": [2, 12, 3, 14], "texture": "#x"},
				"west": {"uv": [3, 12, 2, 14], "texture": "#x"},
				"up": {"uv": [2, 12, 3, 13], "rotation": 270, "texture": "#x"},
				"down": {"uv": [2, 13, 3, 14], "rotation": 90, "texture": "#x"}
			}
		},
		{
			"name": "crate_x_21",
			"from": [14.5, 2, 2],
			"to": [15.5, 4, 3],
			"rotation": {"angle": 0, "axis": "y", "origin": [8, 8, 8]},
			"faces": {
				"north": {"uv": [13, 12, 14, 14], "texture": "#x"},
				"east": {"uv": [13, 12, 14, 14], "texture": "#x"},
				"south": {"uv": [13, 12, 14, 14], "texture": "#x"},
				"west": {"uv": [14, 12, 13, 14], "texture": "#x"},
				"up": {"uv": [13, 12, 14, 13], "rotation": 270, "texture": "#x"},
				"down": {"uv": [13, 13, 14, 14], "rotation": 90, "texture": "#x"}
			}
		}
	],
	"groups": [
		0,
		1,
		2,
		3,
		4,
		5,
		6,
		7,
		8,
		9,
		10,
		11,
		12,
		13,
		{
			"name": "group",
			"origin": [8, 8, 8],
			"color": 0,
			"nbt": "{}",
			"children": [
				{
					"name": "crate_x",
					"origin": [8, 8, 8],
					"color": 0,
					"nbt": "{}",
					"children": [14, 15, 16, 17, 18, 19, 20, 21, 22, 23, 24, 25, 26, 27, 28, 29, 30, 31, 32]
				},
				{
					"name": "crate_x",
					"origin": [8, 8, 8],
					"color": 0,
					"nbt": "{}",
					"children": [33, 34, 35, 36, 37, 38, 39, 40, 41, 42, 43, 44, 45, 46, 47, 48, 49, 50, 51]
				},
				{
					"name": "crate_x",
					"origin": [8, 8, 8],
					"color": 0,
					"nbt": "{}",
					"children": [52, 53, 54, 55, 56, 57, 58, 59, 60, 61, 62, 63, 64, 65, 66, 67, 68, 69, 70]
				},
				{
					"name": "crate_x",
					"origin": [8, 8, 8],
					"color": 0,
					"nbt": "{}",
					"children": [71, 72, 73, 74, 75, 76, 77, 78, 79, 80, 81, 82, 83, 84, 85, 86, 87, 88, 89]
				},
				{
					"name": "crate_x",
					"origin": [8, 8, 8],
					"color": 0,
					"nbt": "{}",
					"children": [90, 91, 92, 93, 94, 95, 96, 97, 98, 99, 100, 101, 102, 103, 104, 105, 106, 107, 108]
				},
				{
					"name": "crate_x",
					"origin": [8, 8, 8],
					"color": 0,
					"nbt": "{}",
					"children": [109, 110, 111, 112, 113, 114, 115, 116, 117, 118, 119, 120, 121, 122, 123, 124, 125, 126, 127]
				}
			]
		}
	]
}