{
	"credit": "Made by Miffen Kop!",
	"textures": {
		"0": "block/red_wool",
		"particle": "block/red_wool"
	},
	"elements": [
		{
			"from": [5.5, 2, 1],
			"to": [10.5, 14, 15],
			"faces": {
				"north": {"uv": [0, 0, 5, 12], "texture": "#0"},
				"east": {"uv": [0, 0, 14, 12], "texture": "#0"},
				"south": {"uv": [0, 0, 5, 12], "texture": "#0"},
				"west": {"uv": [0, 0, 14, 12], "texture": "#0"},
				"up": {"uv": [0, 0, 5, 14], "texture": "#0"},
				"down": {"uv": [0, 0, 5, 14], "texture": "#0"}
			}
		}
	]
}