{
	"credit": "Made with Blockbench",
	"textures": {
		"1": "plagiatus:item/trophy/bronze_sheep_face",
		"2": "plagiatus:item/trophy/bronze_sheep_wool",
		"3": "block/stone",
		"particle": "plagiatus:item/trophy/bronze_sheep_wool"
	},
	"elements": [
		{
			"name": "arm1",
			"from": [6.5, 6, 8],
			"to": [7.5, 9, 9],
			"rotation": {"angle": -45, "axis": "z", "origin": [8, 3, 9]},
			"faces": {
				"north": {"uv": [0, 0, 3, 8.5], "texture": "#2"},
				"east": {"uv": [0, 0, 3, 8.5], "texture": "#2"},
				"south": {"uv": [0, 0, 3, 8.5], "texture": "#2"},
				"west": {"uv": [0, 0, 3, 8.5], "texture": "#2"},
				"up": {"uv": [0, 0, 3, 3], "texture": "#2"}
			}
		},
		{
			"name": "arm2",
			"from": [5.5, 3, 8],
			"to": [6.5, 6, 9],
			"rotation": {"angle": -22.5, "axis": "z", "origin": [8, 3, 9]},
			"faces": {
				"north": {"uv": [0, 0, 3, 8.5], "rotation": 180, "texture": "#2"},
				"east": {"uv": [0, 0, 3, 8.5], "rotation": 180, "texture": "#2"},
				"south": {"uv": [0, 0, 3, 8.5], "rotation": 180, "texture": "#2"},
				"west": {"uv": [0, 0, 3, 8.5], "rotation": 180, "texture": "#2"},
				"up": {"uv": [0, 0, 3, 3], "rotation": 180, "texture": "#2"},
				"down": {"uv": [0, 0, 3, 3], "rotation": 180, "texture": "#2"}
			}
		},
		{
			"name": "leg1",
			"from": [7.5, 0, 8],
			"to": [8.5, 3, 9],
			"rotation": {"angle": -22.5, "axis": "z", "origin": [8, 3, 9]},
			"faces": {
				"north": {"uv": [0, 0, 3, 8.5], "rotation": 180, "texture": "#2"},
				"east": {"uv": [0, 0, 3, 8.5], "rotation": 180, "texture": "#2"},
				"south": {"uv": [0, 0, 3, 8.5], "rotation": 180, "texture": "#2"},
				"west": {"uv": [0, 0, 3, 8.5], "rotation": 180, "texture": "#2"},
				"up": {"uv": [0, 0, 3, 3], "rotation": 180, "texture": "#2"},
				"down": {"uv": [0, 0, 3, 3], "rotation": 180, "texture": "#2"}
			}
		},
		{
			"name": "leg2",
			"from": [8.75, 0, 8],
			"to": [9.75, 3, 9],
			"rotation": {"angle": 0, "axis": "z", "origin": [8, 3, 9]},
			"faces": {
				"north": {"uv": [0, 0, 3, 8.5], "rotation": 180, "texture": "#2"},
				"east": {"uv": [0, 0, 3, 8.5], "rotation": 180, "texture": "#2"},
				"south": {"uv": [0, 0, 3, 8.5], "rotation": 180, "texture": "#2"},
				"west": {"uv": [0, 0, 3, 8.5], "rotation": 180, "texture": "#2"},
				"up": {"uv": [0, 0, 3, 3], "rotation": 180, "texture": "#2"},
				"down": {"uv": [0, 0, 3, 3], "rotation": 180, "texture": "#2"}
			}
		},
		{
			"name": "body",
			"from": [7, 2.5, 7.5],
			"to": [10, 6.5, 9.5],
			"rotation": {"angle": 0, "axis": "y", "origin": [3, 0, 2]},
			"faces": {
				"north": {"uv": [0, 0, 9, 11], "texture": "#2"},
				"east": {"uv": [0, 0, 6, 11], "texture": "#2"},
				"south": {"uv": [0, 0, 9, 11], "texture": "#2"},
				"west": {"uv": [0, 0, 6, 11], "texture": "#2"},
				"up": {"uv": [0, 0, 9, 6], "texture": "#2"},
				"down": {"uv": [0, 0, 9, 6], "texture": "#2"}
			}
		},
		{
			"name": "head",
			"from": [8, 6, 7],
			"to": [10, 8, 9],
			"rotation": {"angle": 0, "axis": "y", "origin": [3, 0, 2]},
			"faces": {
				"north": {"uv": [0, 0, 16, 16], "texture": "#1"},
				"east": {"uv": [0, 0, 6, 6], "texture": "#2"},
				"south": {"uv": [0, 0, 6, 6], "texture": "#2"},
				"west": {"uv": [0, 0, 6, 6], "texture": "#2"},
				"up": {"uv": [0, 0, 6, 6], "texture": "#2"},
				"down": {"uv": [0, 0, 6, 6], "texture": "#2"}
			}
		},
		{
			"name": "plate",
			"from": [5, 0, 5],
			"to": [11, 0.5, 11],
			"faces": {
				"north": {"uv": [0, 0, 16, 0.5], "texture": "#3"},
				"east": {"uv": [0, 0, 16, 1], "texture": "#3"},
				"south": {"uv": [0, 0, 16, 1], "texture": "#3"},
				"west": {"uv": [0, 0, 16, 1], "texture": "#3"},
				"up": {"uv": [0, 0, 16, 16], "texture": "#3"},
				"down": {"uv": [0, 0, 16, 16], "texture": "#3"}
			}
		}
	],
	"display": {
		"gui": {
			"rotation": [11, 157, 0],
			"translation": [0, 5.5, 0],
			"scale": [1.5, 1.5, 1.5]
		},
		"fixed": {
			"rotation": [-90, 0, 0],
			"translation": [0, 0, -24],
			"scale": [3, 3, 3]
		}
	}
}