{
	"credit": "Made with Blockbench",
	"textures": {
		"1": "plagiatus:item/villager/bronze",
		"2": "block/gray_concrete",
		"particle": "block/white_concrete_powder"
	},
	"elements": [
		{
			"from": [1, 1, 1],
			"to": [14, 14, 14],
			"faces": {
				"north": {"uv": [0.5, 0.5, 7, 7], "texture": "#1"},
				"east": {"uv": [0.5, 0.5, 7, 7], "texture": "#1"},
				"south": {"uv": [0.5, 0.5, 7, 7], "texture": "#1"},
				"west": {"uv": [0.5, 0.5, 7, 7], "texture": "#1"},
				"up": {"uv": [0.5, 0.5, 7, 7], "texture": "#1"},
				"down": {"uv": [0.5, 0.5, 7, 7], "texture": "#1"}
			}
		},
		{
			"from": [6, 14, 5],
			"to": [7, 15, 7],
			"faces": {
				"north": {"uv": [2, 2, 3, 3], "texture": "#2"},
				"east": {"uv": [2, 2, 4, 3], "texture": "#2"},
				"south": {"uv": [2, 2, 3, 3], "texture": "#2"},
				"west": {"uv": [2, 2, 4, 3], "texture": "#2"},
				"up": {"uv": [2, 2, 3, 4], "texture": "#2"},
				"down": {"uv": [2, 2, 3, 4], "texture": "#2"}
			}
		},
		{
			"from": [6, 14, 8],
			"to": [7, 15, 10],
			"faces": {
				"north": {"uv": [2, 2, 3, 3], "texture": "#2"},
				"east": {"uv": [2, 2, 4, 3], "texture": "#2"},
				"south": {"uv": [2, 2, 3, 3], "texture": "#2"},
				"west": {"uv": [2, 2, 4, 3], "texture": "#2"},
				"up": {"uv": [2, 2, 3, 4], "texture": "#2"},
				"down": {"uv": [2, 2, 3, 4], "texture": "#2"}
			}
		},
		{
			"from": [8, 14, 8],
			"to": [9, 15, 10],
			"faces": {
				"north": {"uv": [2, 2, 3, 3], "texture": "#2"},
				"east": {"uv": [2, 2, 4, 3], "texture": "#2"},
				"south": {"uv": [2, 2, 3, 3], "texture": "#2"},
				"west": {"uv": [2, 2, 4, 3], "texture": "#2"},
				"up": {"uv": [2, 2, 3, 4], "texture": "#2"},
				"down": {"uv": [2, 2, 3, 4], "texture": "#2"}
			}
		},
		{
			"from": [8, 14, 5],
			"to": [9, 15, 7],
			"faces": {
				"north": {"uv": [2, 2, 3, 3], "texture": "#2"},
				"east": {"uv": [2, 2, 4, 3], "texture": "#2"},
				"south": {"uv": [2, 2, 3, 3], "texture": "#2"},
				"west": {"uv": [2, 2, 4, 3], "texture": "#2"},
				"up": {"uv": [2, 2, 3, 4], "texture": "#2"},
				"down": {"uv": [2, 2, 3, 4], "texture": "#2"}
			}
		},
		{
			"from": [9, 14, 6],
			"to": [10, 15, 7],
			"faces": {
				"north": {"uv": [2, 2, 3, 3], "texture": "#2"},
				"east": {"uv": [2, 2, 3, 3], "texture": "#2"},
				"south": {"uv": [2, 2, 3, 3], "texture": "#2"},
				"west": {"uv": [2, 2, 3, 3], "texture": "#2"},
				"up": {"uv": [2, 2, 3, 3], "texture": "#2"},
				"down": {"uv": [2, 2, 3, 3], "texture": "#2"}
			}
		},
		{
			"from": [9, 14, 8],
			"to": [10, 15, 9],
			"faces": {
				"north": {"uv": [2, 2, 3, 3], "texture": "#2"},
				"east": {"uv": [2, 2, 3, 3], "texture": "#2"},
				"south": {"uv": [2, 2, 3, 3], "texture": "#2"},
				"west": {"uv": [2, 2, 3, 3], "texture": "#2"},
				"up": {"uv": [2, 2, 3, 3], "texture": "#2"},
				"down": {"uv": [2, 2, 3, 3], "texture": "#2"}
			}
		},
		{
			"from": [5, 14, 8],
			"to": [6, 15, 9],
			"faces": {
				"north": {"uv": [2, 2, 3, 3], "texture": "#2"},
				"east": {"uv": [2, 2, 3, 3], "texture": "#2"},
				"south": {"uv": [2, 2, 3, 3], "texture": "#2"},
				"west": {"uv": [2, 2, 3, 3], "texture": "#2"},
				"up": {"uv": [2, 2, 3, 3], "texture": "#2"},
				"down": {"uv": [2, 2, 3, 3], "texture": "#2"}
			}
		},
		{
			"from": [5, 14, 6],
			"to": [6, 15, 7],
			"faces": {
				"north": {"uv": [2, 2, 3, 3], "texture": "#2"},
				"east": {"uv": [2, 2, 3, 3], "texture": "#2"},
				"south": {"uv": [2, 2, 3, 3], "texture": "#2"},
				"west": {"uv": [2, 2, 3, 3], "texture": "#2"},
				"up": {"uv": [2, 2, 3, 3], "texture": "#2"},
				"down": {"uv": [2, 2, 3, 3], "texture": "#2"}
			}
		},
		{
			"from": [10, 14, 4],
			"to": [11, 15, 5],
			"faces": {
				"north": {"uv": [2, 2, 3, 3], "texture": "#2"},
				"east": {"uv": [2, 2, 3, 3], "texture": "#2"},
				"south": {"uv": [2, 2, 3, 3], "texture": "#2"},
				"west": {"uv": [2, 2, 3, 3], "texture": "#2"},
				"up": {"uv": [2, 2, 3, 3], "texture": "#2"},
				"down": {"uv": [2, 2, 3, 3], "texture": "#2"}
			}
		},
		{
			"from": [4, 14, 4],
			"to": [5, 15, 5],
			"faces": {
				"north": {"uv": [2, 2, 3, 3], "texture": "#2"},
				"east": {"uv": [2, 2, 3, 3], "texture": "#2"},
				"south": {"uv": [2, 2, 3, 3], "texture": "#2"},
				"west": {"uv": [2, 2, 3, 3], "texture": "#2"},
				"up": {"uv": [2, 2, 3, 3], "texture": "#2"},
				"down": {"uv": [2, 2, 3, 3], "texture": "#2"}
			}
		},
		{
			"from": [2, 14, 6],
			"to": [3, 15, 7],
			"faces": {
				"north": {"uv": [2, 2, 3, 3], "texture": "#2"},
				"east": {"uv": [2, 2, 3, 3], "texture": "#2"},
				"south": {"uv": [2, 2, 3, 3], "texture": "#2"},
				"west": {"uv": [2, 2, 3, 3], "texture": "#2"},
				"up": {"uv": [2, 2, 3, 3], "texture": "#2"},
				"down": {"uv": [2, 2, 3, 3], "texture": "#2"}
			}
		},
		{
			"from": [2, 14, 8],
			"to": [3, 15, 9],
			"faces": {
				"north": {"uv": [2, 2, 3, 3], "texture": "#2"},
				"east": {"uv": [2, 2, 3, 3], "texture": "#2"},
				"south": {"uv": [2, 2, 3, 3], "texture": "#2"},
				"west": {"uv": [2, 2, 3, 3], "texture": "#2"},
				"up": {"uv": [2, 2, 3, 3], "texture": "#2"},
				"down": {"uv": [2, 2, 3, 3], "texture": "#2"}
			}
		},
		{
			"from": [6, 14, 12],
			"to": [7, 15, 13],
			"faces": {
				"north": {"uv": [2, 2, 3, 3], "texture": "#2"},
				"east": {"uv": [2, 2, 3, 3], "texture": "#2"},
				"south": {"uv": [2, 2, 3, 3], "texture": "#2"},
				"west": {"uv": [2, 2, 3, 3], "texture": "#2"},
				"up": {"uv": [2, 2, 3, 3], "texture": "#2"},
				"down": {"uv": [2, 2, 3, 3], "texture": "#2"}
			}
		},
		{
			"from": [8, 14, 12],
			"to": [9, 15, 13],
			"faces": {
				"north": {"uv": [2, 2, 3, 3], "texture": "#2"},
				"east": {"uv": [2, 2, 3, 3], "texture": "#2"},
				"south": {"uv": [2, 2, 3, 3], "texture": "#2"},
				"west": {"uv": [2, 2, 3, 3], "texture": "#2"},
				"up": {"uv": [2, 2, 3, 3], "texture": "#2"},
				"down": {"uv": [2, 2, 3, 3], "texture": "#2"}
			}
		},
		{
			"from": [12, 14, 8],
			"to": [13, 15, 9],
			"faces": {
				"north": {"uv": [2, 2, 3, 3], "texture": "#2"},
				"east": {"uv": [2, 2, 3, 3], "texture": "#2"},
				"south": {"uv": [2, 2, 3, 3], "texture": "#2"},
				"west": {"uv": [2, 2, 3, 3], "texture": "#2"},
				"up": {"uv": [2, 2, 3, 3], "texture": "#2"},
				"down": {"uv": [2, 2, 3, 3], "texture": "#2"}
			}
		},
		{
			"from": [12, 14, 6],
			"to": [13, 15, 7],
			"faces": {
				"north": {"uv": [2, 2, 3, 3], "texture": "#2"},
				"east": {"uv": [2, 2, 3, 3], "texture": "#2"},
				"south": {"uv": [2, 2, 3, 3], "texture": "#2"},
				"west": {"uv": [2, 2, 3, 3], "texture": "#2"},
				"up": {"uv": [2, 2, 3, 3], "texture": "#2"},
				"down": {"uv": [2, 2, 3, 3], "texture": "#2"}
			}
		},
		{
			"from": [8, 14, 2],
			"to": [9, 15, 3],
			"faces": {
				"north": {"uv": [2, 2, 3, 3], "texture": "#2"},
				"east": {"uv": [2, 2, 3, 3], "texture": "#2"},
				"south": {"uv": [2, 2, 3, 3], "texture": "#2"},
				"west": {"uv": [2, 2, 3, 3], "texture": "#2"},
				"up": {"uv": [2, 2, 3, 3], "texture": "#2"},
				"down": {"uv": [2, 2, 3, 3], "texture": "#2"}
			}
		},
		{
			"from": [6, 14, 2],
			"to": [7, 15, 3],
			"faces": {
				"north": {"uv": [2, 2, 3, 3], "texture": "#2"},
				"east": {"uv": [2, 2, 3, 3], "texture": "#2"},
				"south": {"uv": [2, 2, 3, 3], "texture": "#2"},
				"west": {"uv": [2, 2, 3, 3], "texture": "#2"},
				"up": {"uv": [2, 2, 3, 3], "texture": "#2"},
				"down": {"uv": [2, 2, 3, 3], "texture": "#2"}
			}
		},
		{
			"from": [2, 14, 2],
			"to": [5, 15, 3],
			"faces": {
				"north": {"uv": [2, 2, 5, 3], "texture": "#2"},
				"east": {"uv": [2, 2, 3, 3], "texture": "#2"},
				"south": {"uv": [2, 2, 5, 3], "texture": "#2"},
				"west": {"uv": [2, 2, 3, 3], "texture": "#2"},
				"up": {"uv": [2, 2, 5, 3], "texture": "#2"},
				"down": {"uv": [2, 2, 5, 3], "texture": "#2"}
			}
		},
		{
			"from": [10, 14, 2],
			"to": [13, 15, 3],
			"faces": {
				"north": {"uv": [2, 2, 5, 3], "texture": "#2"},
				"east": {"uv": [2, 2, 3, 3], "texture": "#2"},
				"south": {"uv": [2, 2, 5, 3], "texture": "#2"},
				"west": {"uv": [2, 2, 3, 3], "texture": "#2"},
				"up": {"uv": [2, 2, 5, 3], "texture": "#2"},
				"down": {"uv": [2, 2, 5, 3], "texture": "#2"}
			}
		},
		{
			"from": [10, 14, 12],
			"to": [13, 15, 13],
			"faces": {
				"north": {"uv": [2, 2, 5, 3], "texture": "#2"},
				"east": {"uv": [2, 2, 3, 3], "texture": "#2"},
				"south": {"uv": [2, 2, 5, 3], "texture": "#2"},
				"west": {"uv": [2, 2, 3, 3], "texture": "#2"},
				"up": {"uv": [2, 2, 5, 3], "texture": "#2"},
				"down": {"uv": [2, 2, 5, 3], "texture": "#2"}
			}
		},
		{
			"from": [2, 14, 12],
			"to": [5, 15, 13],
			"faces": {
				"north": {"uv": [2, 2, 5, 3], "texture": "#2"},
				"east": {"uv": [2, 2, 3, 3], "texture": "#2"},
				"south": {"uv": [2, 2, 5, 3], "texture": "#2"},
				"west": {"uv": [2, 2, 3, 3], "texture": "#2"},
				"up": {"uv": [2, 2, 5, 3], "texture": "#2"},
				"down": {"uv": [2, 2, 5, 3], "texture": "#2"}
			}
		},
		{
			"from": [2, 14, 10],
			"to": [3, 15, 12],
			"faces": {
				"north": {"uv": [2, 2, 3, 3], "texture": "#2"},
				"east": {"uv": [2, 2, 4, 3], "texture": "#2"},
				"south": {"uv": [2, 2, 3, 3], "texture": "#2"},
				"west": {"uv": [2, 2, 4, 3], "texture": "#2"},
				"up": {"uv": [2, 2, 3, 4], "texture": "#2"},
				"down": {"uv": [2, 2, 3, 4], "texture": "#2"}
			}
		},
		{
			"from": [2, 14, 3],
			"to": [3, 15, 5],
			"faces": {
				"north": {"uv": [2, 2, 3, 3], "texture": "#2"},
				"east": {"uv": [2, 2, 4, 3], "texture": "#2"},
				"south": {"uv": [2, 2, 3, 3], "texture": "#2"},
				"west": {"uv": [2, 2, 4, 3], "texture": "#2"},
				"up": {"uv": [2, 2, 3, 4], "texture": "#2"},
				"down": {"uv": [2, 2, 3, 4], "texture": "#2"}
			}
		},
		{
			"from": [12, 14, 3],
			"to": [13, 15, 5],
			"faces": {
				"north": {"uv": [2, 2, 3, 3], "texture": "#2"},
				"east": {"uv": [2, 2, 4, 3], "texture": "#2"},
				"south": {"uv": [2, 2, 3, 3], "texture": "#2"},
				"west": {"uv": [2, 2, 4, 3], "texture": "#2"},
				"up": {"uv": [2, 2, 3, 4], "texture": "#2"},
				"down": {"uv": [2, 2, 3, 4], "texture": "#2"}
			}
		},
		{
			"from": [12, 14, 10],
			"to": [13, 15, 12],
			"faces": {
				"north": {"uv": [2, 2, 3, 3], "texture": "#2"},
				"east": {"uv": [2, 2, 4, 3], "texture": "#2"},
				"south": {"uv": [2, 2, 3, 3], "texture": "#2"},
				"west": {"uv": [2, 2, 4, 3], "texture": "#2"},
				"up": {"uv": [2, 2, 3, 4], "texture": "#2"},
				"down": {"uv": [2, 2, 3, 4], "texture": "#2"}
			}
		},
		{
			"from": [6, 14, 3],
			"to": [9, 15, 4],
			"faces": {
				"north": {"uv": [2, 2, 5, 3], "texture": "#2"},
				"east": {"uv": [2, 2, 3, 3], "texture": "#2"},
				"south": {"uv": [2, 2, 5, 3], "texture": "#2"},
				"west": {"uv": [2, 2, 3, 3], "texture": "#2"},
				"up": {"uv": [2, 2, 5, 3], "texture": "#2"},
				"down": {"uv": [2, 2, 5, 3], "texture": "#2"}
			}
		},
		{
			"from": [6, 14, 11],
			"to": [9, 15, 12],
			"faces": {
				"north": {"uv": [2, 2, 5, 3], "texture": "#2"},
				"east": {"uv": [2, 2, 3, 3], "texture": "#2"},
				"south": {"uv": [2, 2, 5, 3], "texture": "#2"},
				"west": {"uv": [2, 2, 3, 3], "texture": "#2"},
				"up": {"uv": [2, 2, 5, 3], "texture": "#2"},
				"down": {"uv": [2, 2, 5, 3], "texture": "#2"}
			}
		},
		{
			"from": [11, 14, 6],
			"to": [12, 15, 9],
			"faces": {
				"north": {"uv": [2, 2, 3, 3], "texture": "#2"},
				"east": {"uv": [2, 2, 5, 3], "texture": "#2"},
				"south": {"uv": [2, 2, 3, 3], "texture": "#2"},
				"west": {"uv": [2, 2, 5, 3], "texture": "#2"},
				"up": {"uv": [2, 2, 3, 5], "texture": "#2"},
				"down": {"uv": [2, 2, 3, 5], "texture": "#2"}
			}
		},
		{
			"from": [3, 14, 6],
			"to": [4, 15, 9],
			"faces": {
				"north": {"uv": [2, 2, 3, 3], "texture": "#2"},
				"east": {"uv": [2, 2, 5, 3], "texture": "#2"},
				"south": {"uv": [2, 2, 3, 3], "texture": "#2"},
				"west": {"uv": [2, 2, 5, 3], "texture": "#2"},
				"up": {"uv": [2, 2, 3, 5], "texture": "#2"},
				"down": {"uv": [2, 2, 3, 5], "texture": "#2"}
			}
		},
		{
			"from": [4, 14, 10],
			"to": [5, 15, 11],
			"faces": {
				"north": {"uv": [2, 2, 3, 3], "texture": "#2"},
				"east": {"uv": [2, 2, 3, 3], "texture": "#2"},
				"south": {"uv": [2, 2, 3, 3], "texture": "#2"},
				"west": {"uv": [2, 2, 3, 3], "texture": "#2"},
				"up": {"uv": [2, 2, 3, 3], "texture": "#2"},
				"down": {"uv": [2, 2, 3, 3], "texture": "#2"}
			}
		},
		{
			"from": [10, 14, 10],
			"to": [11, 15, 11],
			"faces": {
				"north": {"uv": [2, 2, 3, 3], "texture": "#2"},
				"east": {"uv": [2, 2, 3, 3], "texture": "#2"},
				"south": {"uv": [2, 2, 3, 3], "texture": "#2"},
				"west": {"uv": [2, 2, 3, 3], "texture": "#2"},
				"up": {"uv": [2, 2, 3, 3], "texture": "#2"},
				"down": {"uv": [2, 2, 3, 3], "texture": "#2"}
			}
		},
		{
			"from": [5, 11, 0],
			"to": [6, 12, 1],
			"rotation": {"angle": 0, "axis": "y", "origin": [16, 0, 0]},
			"faces": {
				"north": {"uv": [6, 3, 7, 4], "texture": "#2"},
				"east": {"uv": [3, 3, 4, 4], "texture": "#2"},
				"south": {"uv": [6, 3, 7, 4], "texture": "#2"},
				"west": {"uv": [3, 3, 4, 4], "texture": "#2"},
				"up": {"uv": [6, 3, 7, 4], "texture": "#2"},
				"down": {"uv": [6, 3, 7, 4], "texture": "#2"}
			}
		},
		{
			"from": [5, 9, 0],
			"to": [6, 10, 1],
			"rotation": {"angle": 0, "axis": "y", "origin": [16, 0, 0]},
			"faces": {
				"north": {"uv": [6, 3, 7, 4], "texture": "#2"},
				"east": {"uv": [3, 3, 4, 4], "texture": "#2"},
				"south": {"uv": [6, 3, 7, 4], "texture": "#2"},
				"west": {"uv": [3, 3, 4, 4], "texture": "#2"},
				"up": {"uv": [6, 3, 7, 4], "texture": "#2"},
				"down": {"uv": [6, 3, 7, 4], "texture": "#2"}
			}
		},
		{
			"from": [3, 8, 0],
			"to": [4, 11, 1],
			"rotation": {"angle": 0, "axis": "y", "origin": [16, 0, 0]},
			"faces": {
				"north": {"uv": [6, 3, 7, 6], "texture": "#2"},
				"east": {"uv": [3, 3, 4, 6], "texture": "#2"},
				"south": {"uv": [6, 3, 7, 6], "texture": "#2"},
				"west": {"uv": [3, 3, 4, 6], "texture": "#2"},
				"up": {"uv": [6, 3, 7, 4], "texture": "#2"},
				"down": {"uv": [6, 3, 7, 4], "texture": "#2"}
			}
		},
		{
			"from": [1, 9, 0],
			"to": [2, 11, 1],
			"rotation": {"angle": 0, "axis": "y", "origin": [16, 0, 0]},
			"faces": {
				"north": {"uv": [6, 3, 7, 5], "texture": "#2"},
				"east": {"uv": [3, 3, 4, 5], "texture": "#2"},
				"south": {"uv": [6, 3, 7, 5], "texture": "#2"},
				"west": {"uv": [3, 3, 4, 5], "texture": "#2"},
				"up": {"uv": [6, 3, 7, 4], "texture": "#2"},
				"down": {"uv": [6, 3, 7, 4], "texture": "#2"}
			}
		},
		{
			"from": [13, 9, 0],
			"to": [14, 11, 1],
			"rotation": {"angle": 0, "axis": "y", "origin": [16, 0, 0]},
			"faces": {
				"north": {"uv": [6, 3, 7, 5], "texture": "#2"},
				"east": {"uv": [3, 3, 4, 5], "texture": "#2"},
				"south": {"uv": [6, 3, 7, 5], "texture": "#2"},
				"west": {"uv": [3, 3, 4, 5], "texture": "#2"},
				"up": {"uv": [6, 3, 7, 4], "texture": "#2"},
				"down": {"uv": [6, 3, 7, 4], "texture": "#2"}
			}
		},
		{
			"from": [5, 8, 0],
			"to": [7, 9, 1],
			"rotation": {"angle": 0, "axis": "y", "origin": [16, 0, 0]},
			"faces": {
				"north": {"uv": [6, 3, 8, 4], "texture": "#2"},
				"east": {"uv": [3, 3, 4, 4], "texture": "#2"},
				"south": {"uv": [6, 3, 8, 4], "texture": "#2"},
				"west": {"uv": [3, 3, 4, 4], "texture": "#2"},
				"up": {"uv": [6, 3, 8, 4], "texture": "#2"},
				"down": {"uv": [6, 3, 8, 4], "texture": "#2"}
			}
		},
		{
			"from": [9, 4, 0],
			"to": [10, 6, 1],
			"rotation": {"angle": 0, "axis": "y", "origin": [16, 0, 0]},
			"faces": {
				"north": {"uv": [6, 3, 7, 5], "texture": "#2"},
				"east": {"uv": [3, 3, 4, 5], "texture": "#2"},
				"south": {"uv": [6, 3, 7, 5], "texture": "#2"},
				"west": {"uv": [3, 3, 4, 5], "texture": "#2"},
				"up": {"uv": [6, 3, 7, 4], "texture": "#2"},
				"down": {"uv": [6, 3, 7, 4], "texture": "#2"}
			}
		},
		{
			"from": [12, 4, 0],
			"to": [15, 5, 1],
			"rotation": {"angle": 0, "axis": "y", "origin": [16, 0, 0]},
			"faces": {
				"north": {"uv": [6, 3, 9, 4], "texture": "#2"},
				"east": {"uv": [3, 3, 4, 4], "texture": "#2"},
				"south": {"uv": [6, 3, 9, 4], "texture": "#2"},
				"west": {"uv": [3, 3, 4, 4], "texture": "#2"},
				"up": {"uv": [6, 3, 9, 4], "texture": "#2"},
				"down": {"uv": [6, 3, 9, 4], "texture": "#2"}
			}
		},
		{
			"from": [5, 4, 0],
			"to": [6, 6, 1],
			"rotation": {"angle": 0, "axis": "y", "origin": [16, 0, 0]},
			"faces": {
				"north": {"uv": [6, 3, 7, 5], "texture": "#2"},
				"east": {"uv": [3, 3, 4, 5], "texture": "#2"},
				"south": {"uv": [6, 3, 7, 5], "texture": "#2"},
				"west": {"uv": [3, 3, 4, 5], "texture": "#2"},
				"up": {"uv": [6, 3, 7, 4], "texture": "#2"},
				"down": {"uv": [6, 3, 7, 4], "texture": "#2"}
			}
		},
		{
			"from": [7, 3, 0],
			"to": [8, 5, 1],
			"rotation": {"angle": 0, "axis": "y", "origin": [16, 0, 0]},
			"faces": {
				"north": {"uv": [6, 3, 7, 5], "texture": "#2"},
				"east": {"uv": [3, 3, 4, 5], "texture": "#2"},
				"south": {"uv": [6, 3, 7, 5], "texture": "#2"},
				"west": {"uv": [3, 3, 4, 5], "texture": "#2"},
				"up": {"uv": [6, 3, 7, 4], "texture": "#2"},
				"down": {"uv": [6, 3, 7, 4], "texture": "#2"}
			}
		},
		{
			"from": [1, 4, 0],
			"to": [3, 5, 1],
			"rotation": {"angle": 0, "axis": "y", "origin": [16, 0, 0]},
			"faces": {
				"north": {"uv": [6, 3, 8, 4], "texture": "#2"},
				"east": {"uv": [3, 3, 4, 4], "texture": "#2"},
				"south": {"uv": [6, 3, 8, 4], "texture": "#2"},
				"west": {"uv": [3, 3, 4, 4], "texture": "#2"},
				"up": {"uv": [6, 3, 8, 4], "texture": "#2"},
				"down": {"uv": [6, 3, 8, 4], "texture": "#2"}
			}
		},
		{
			"from": [5, 2, 0],
			"to": [10, 3, 1],
			"rotation": {"angle": 0, "axis": "y", "origin": [16, 0, 0]},
			"faces": {
				"north": {"uv": [6, 3, 11, 4], "texture": "#2"},
				"east": {"uv": [3, 3, 4, 4], "texture": "#2"},
				"south": {"uv": [6, 3, 11, 4], "texture": "#2"},
				"west": {"uv": [3, 3, 4, 4], "texture": "#2"},
				"up": {"uv": [6, 3, 11, 4], "texture": "#2"},
				"down": {"uv": [6, 3, 11, 4], "texture": "#2"}
			}
		},
		{
			"from": [2, 7, 0],
			"to": [4, 8, 1],
			"rotation": {"angle": 0, "axis": "y", "origin": [16, 0, 0]},
			"faces": {
				"north": {"uv": [6, 3, 8, 4], "texture": "#2"},
				"east": {"uv": [3, 3, 4, 4], "texture": "#2"},
				"south": {"uv": [6, 3, 8, 4], "texture": "#2"},
				"west": {"uv": [3, 3, 4, 4], "texture": "#2"},
				"up": {"uv": [6, 3, 8, 4], "texture": "#2"},
				"down": {"uv": [6, 3, 8, 4], "texture": "#2"}
			}
		},
		{
			"from": [8, 8, 0],
			"to": [10, 9, 1],
			"rotation": {"angle": 0, "axis": "y", "origin": [16, 0, 0]},
			"faces": {
				"north": {"uv": [6, 3, 8, 4], "texture": "#2"},
				"east": {"uv": [3, 3, 4, 4], "texture": "#2"},
				"south": {"uv": [6, 3, 8, 4], "texture": "#2"},
				"west": {"uv": [3, 3, 4, 4], "texture": "#2"},
				"up": {"uv": [6, 3, 8, 4], "texture": "#2"},
				"down": {"uv": [6, 3, 8, 4], "texture": "#2"}
			}
		},
		{
			"from": [5, 6, 0],
			"to": [10, 7, 1],
			"rotation": {"angle": 0, "axis": "y", "origin": [16, 0, 0]},
			"faces": {
				"north": {"uv": [6, 3, 11, 4], "texture": "#2"},
				"east": {"uv": [3, 3, 4, 4], "texture": "#2"},
				"south": {"uv": [6, 3, 11, 4], "texture": "#2"},
				"west": {"uv": [3, 3, 4, 4], "texture": "#2"},
				"up": {"uv": [6, 3, 11, 4], "texture": "#2"},
				"down": {"uv": [6, 3, 11, 4], "texture": "#2"}
			}
		},
		{
			"from": [11, 7, 0],
			"to": [13, 8, 1],
			"rotation": {"angle": 0, "axis": "y", "origin": [16, 0, 0]},
			"faces": {
				"north": {"uv": [6, 3, 8, 4], "texture": "#2"},
				"east": {"uv": [3, 3, 4, 4], "texture": "#2"},
				"south": {"uv": [6, 3, 8, 4], "texture": "#2"},
				"west": {"uv": [3, 3, 4, 4], "texture": "#2"},
				"up": {"uv": [6, 3, 8, 4], "texture": "#2"},
				"down": {"uv": [6, 3, 8, 4], "texture": "#2"}
			}
		},
		{
			"from": [9, 9, 0],
			"to": [10, 10, 1],
			"rotation": {"angle": 0, "axis": "y", "origin": [16, 0, 0]},
			"faces": {
				"north": {"uv": [6, 3, 7, 4], "texture": "#2"},
				"east": {"uv": [3, 3, 4, 4], "texture": "#2"},
				"south": {"uv": [6, 3, 7, 4], "texture": "#2"},
				"west": {"uv": [3, 3, 4, 4], "texture": "#2"},
				"up": {"uv": [6, 3, 7, 4], "texture": "#2"},
				"down": {"uv": [6, 3, 7, 4], "texture": "#2"}
			}
		},
		{
			"from": [11, 8, 0],
			"to": [12, 11, 1],
			"rotation": {"angle": 0, "axis": "y", "origin": [16, 0, 0]},
			"faces": {
				"north": {"uv": [6, 3, 7, 6], "texture": "#2"},
				"east": {"uv": [3, 3, 4, 6], "texture": "#2"},
				"south": {"uv": [6, 3, 7, 6], "texture": "#2"},
				"west": {"uv": [3, 3, 4, 6], "texture": "#2"},
				"up": {"uv": [6, 3, 7, 4], "texture": "#2"},
				"down": {"uv": [6, 3, 7, 4], "texture": "#2"}
			}
		},
		{
			"from": [5, 14, 0],
			"to": [10, 15, 1],
			"faces": {
				"north": {"uv": [2, 3, 7, 4], "texture": "#2"},
				"east": {"uv": [2, 3, 3, 4], "texture": "#2"},
				"south": {"uv": [2, 3, 7, 4], "texture": "#2"},
				"west": {"uv": [2, 3, 3, 4], "texture": "#2"},
				"up": {"uv": [2, 3, 7, 4], "texture": "#2"},
				"down": {"uv": [2, 3, 7, 4], "texture": "#2"}
			}
		},
		{
			"from": [2, 12, 0],
			"to": [6, 13, 1],
			"faces": {
				"north": {"uv": [2, 3, 6, 4], "texture": "#2"},
				"east": {"uv": [2, 3, 3, 4], "texture": "#2"},
				"south": {"uv": [2, 3, 6, 4], "texture": "#2"},
				"west": {"uv": [2, 3, 3, 4], "texture": "#2"},
				"up": {"uv": [2, 3, 6, 4], "texture": "#2"},
				"down": {"uv": [2, 3, 6, 4], "texture": "#2"}
			}
		},
		{
			"from": [9, 11, 0],
			"to": [10, 12, 1],
			"faces": {
				"north": {"uv": [10, 3, 11, 4], "texture": "#2"},
				"east": {"uv": [4, 3, 5, 4], "texture": "#2"},
				"south": {"uv": [10, 3, 11, 4], "texture": "#2"},
				"west": {"uv": [4, 3, 5, 4], "texture": "#2"},
				"up": {"uv": [10, 3, 11, 4], "texture": "#2"},
				"down": {"uv": [10, 3, 11, 4], "texture": "#2"}
			}
		},
		{
			"from": [9, 12, 0],
			"to": [13, 13, 1],
			"faces": {
				"north": {"uv": [2, 3, 6, 4], "texture": "#2"},
				"east": {"uv": [2, 3, 3, 4], "texture": "#2"},
				"south": {"uv": [2, 3, 6, 4], "texture": "#2"},
				"west": {"uv": [2, 3, 3, 4], "texture": "#2"},
				"up": {"uv": [2, 3, 6, 4], "texture": "#2"},
				"down": {"uv": [2, 3, 6, 4], "texture": "#2"}
			}
		},
		{
			"from": [7, 12, 0],
			"to": [8, 14, 1],
			"faces": {
				"north": {"uv": [2, 3, 3, 5], "texture": "#2"},
				"east": {"uv": [2, 3, 3, 5], "texture": "#2"},
				"south": {"uv": [2, 3, 3, 5], "texture": "#2"},
				"west": {"uv": [2, 3, 3, 5], "texture": "#2"},
				"up": {"uv": [2, 3, 3, 4], "texture": "#2"},
				"down": {"uv": [2, 3, 3, 4], "texture": "#2"}
			}
		},
		{
			"from": [7, 10, 0],
			"to": [8, 11, 1],
			"faces": {
				"north": {"uv": [2, 3, 3, 4], "texture": "#2"},
				"east": {"uv": [2, 3, 3, 4], "texture": "#2"},
				"south": {"uv": [2, 3, 3, 4], "texture": "#2"},
				"west": {"uv": [2, 3, 3, 4], "texture": "#2"},
				"up": {"uv": [2, 3, 3, 4], "texture": "#2"},
				"down": {"uv": [2, 3, 3, 4], "texture": "#2"}
			}
		},
		{
			"from": [3, 3, 0],
			"to": [4, 6, 1],
			"faces": {
				"north": {"uv": [2, 3, 3, 6], "texture": "#2"},
				"east": {"uv": [2, 3, 3, 6], "texture": "#2"},
				"south": {"uv": [2, 3, 3, 6], "texture": "#2"},
				"west": {"uv": [2, 3, 3, 6], "texture": "#2"},
				"up": {"uv": [2, 3, 3, 4], "texture": "#2"},
				"down": {"uv": [2, 3, 3, 4], "texture": "#2"}
			}
		},
		{
			"from": [11, 3, 0],
			"to": [12, 6, 1],
			"faces": {
				"north": {"uv": [2, 3, 3, 6], "texture": "#2"},
				"east": {"uv": [2, 3, 3, 6], "texture": "#2"},
				"south": {"uv": [2, 3, 3, 6], "texture": "#2"},
				"west": {"uv": [2, 3, 3, 6], "texture": "#2"},
				"up": {"uv": [2, 3, 3, 4], "texture": "#2"},
				"down": {"uv": [2, 3, 3, 4], "texture": "#2"}
			}
		},
		{
			"from": [5, 11, 14],
			"to": [6, 12, 15],
			"rotation": {"angle": 0, "axis": "y", "origin": [16, 0, 0]},
			"faces": {
				"north": {"uv": [6, 2.5, 7, 3.5], "texture": "#2"},
				"east": {"uv": [3, 2.5, 4, 3.5], "texture": "#2"},
				"south": {"uv": [6, 2.5, 7, 3.5], "texture": "#2"},
				"west": {"uv": [3, 2.5, 4, 3.5], "texture": "#2"},
				"up": {"uv": [6, 2.5, 7, 3.5], "texture": "#2"},
				"down": {"uv": [6, 2.5, 7, 3.5], "texture": "#2"}
			}
		},
		{
			"from": [5, 9, 14],
			"to": [6, 10, 15],
			"rotation": {"angle": 0, "axis": "y", "origin": [16, 0, 0]},
			"faces": {
				"north": {"uv": [6, 2.5, 7, 3.5], "texture": "#2"},
				"east": {"uv": [3, 2.5, 4, 3.5], "texture": "#2"},
				"south": {"uv": [6, 2.5, 7, 3.5], "texture": "#2"},
				"west": {"uv": [3, 2.5, 4, 3.5], "texture": "#2"},
				"up": {"uv": [6, 2.5, 7, 3.5], "texture": "#2"},
				"down": {"uv": [6, 2.5, 7, 3.5], "texture": "#2"}
			}
		},
		{
			"from": [3, 8, 14],
			"to": [4, 11, 15],
			"rotation": {"angle": 0, "axis": "y", "origin": [16, 0, 0]},
			"faces": {
				"north": {"uv": [6, 2.5, 7, 5.5], "texture": "#2"},
				"east": {"uv": [3, 2.5, 4, 5.5], "texture": "#2"},
				"south": {"uv": [6, 2.5, 7, 5.5], "texture": "#2"},
				"west": {"uv": [3, 2.5, 4, 5.5], "texture": "#2"},
				"up": {"uv": [6, 2.5, 7, 3.5], "texture": "#2"},
				"down": {"uv": [6, 2.5, 7, 3.5], "texture": "#2"}
			}
		},
		{
			"from": [1, 9, 14],
			"to": [2, 11, 15],
			"rotation": {"angle": 0, "axis": "y", "origin": [16, 0, 0]},
			"faces": {
				"north": {"uv": [6, 2.5, 7, 4.5], "texture": "#2"},
				"east": {"uv": [3, 2.5, 4, 4.5], "texture": "#2"},
				"south": {"uv": [6, 2.5, 7, 4.5], "texture": "#2"},
				"west": {"uv": [3, 2.5, 4, 4.5], "texture": "#2"},
				"up": {"uv": [6, 2.5, 7, 3.5], "texture": "#2"},
				"down": {"uv": [6, 2.5, 7, 3.5], "texture": "#2"}
			}
		},
		{
			"from": [13, 9, 14],
			"to": [14, 11, 15],
			"rotation": {"angle": 0, "axis": "y", "origin": [16, 0, 0]},
			"faces": {
				"north": {"uv": [6, 2.5, 7, 4.5], "texture": "#2"},
				"east": {"uv": [3, 2.5, 4, 4.5], "texture": "#2"},
				"south": {"uv": [6, 2.5, 7, 4.5], "texture": "#2"},
				"west": {"uv": [3, 2.5, 4, 4.5], "texture": "#2"},
				"up": {"uv": [6, 2.5, 7, 3.5], "texture": "#2"},
				"down": {"uv": [6, 2.5, 7, 3.5], "texture": "#2"}
			}
		},
		{
			"from": [5, 8, 14],
			"to": [7, 9, 15],
			"rotation": {"angle": 0, "axis": "y", "origin": [16, 0, 0]},
			"faces": {
				"north": {"uv": [6, 2.5, 8, 3.5], "texture": "#2"},
				"east": {"uv": [3, 2.5, 4, 3.5], "texture": "#2"},
				"south": {"uv": [6, 2.5, 8, 3.5], "texture": "#2"},
				"west": {"uv": [3, 2.5, 4, 3.5], "texture": "#2"},
				"up": {"uv": [6, 2.5, 8, 3.5], "texture": "#2"},
				"down": {"uv": [6, 2.5, 8, 3.5], "texture": "#2"}
			}
		},
		{
			"from": [9, 4, 14],
			"to": [10, 6, 15],
			"rotation": {"angle": 0, "axis": "y", "origin": [16, 0, 0]},
			"faces": {
				"north": {"uv": [6, 2.5, 7, 4.5], "texture": "#2"},
				"east": {"uv": [3, 2.5, 4, 4.5], "texture": "#2"},
				"south": {"uv": [6, 2.5, 7, 4.5], "texture": "#2"},
				"west": {"uv": [3, 2.5, 4, 4.5], "texture": "#2"},
				"up": {"uv": [6, 2.5, 7, 3.5], "texture": "#2"},
				"down": {"uv": [6, 2.5, 7, 3.5], "texture": "#2"}
			}
		},
		{
			"from": [12, 4, 14],
			"to": [15, 5, 15],
			"rotation": {"angle": 0, "axis": "y", "origin": [16, 0, 0]},
			"faces": {
				"north": {"uv": [6, 2.5, 9, 3.5], "texture": "#2"},
				"east": {"uv": [3, 2.5, 4, 3.5], "texture": "#2"},
				"south": {"uv": [6, 2.5, 9, 3.5], "texture": "#2"},
				"west": {"uv": [3, 2.5, 4, 3.5], "texture": "#2"},
				"up": {"uv": [6, 2.5, 9, 3.5], "texture": "#2"},
				"down": {"uv": [6, 2.5, 9, 3.5], "texture": "#2"}
			}
		},
		{
			"from": [5, 4, 14],
			"to": [6, 6, 15],
			"rotation": {"angle": 0, "axis": "y", "origin": [16, 0, 0]},
			"faces": {
				"north": {"uv": [6, 2.5, 7, 4.5], "texture": "#2"},
				"east": {"uv": [3, 2.5, 4, 4.5], "texture": "#2"},
				"south": {"uv": [6, 2.5, 7, 4.5], "texture": "#2"},
				"west": {"uv": [3, 2.5, 4, 4.5], "texture": "#2"},
				"up": {"uv": [6, 2.5, 7, 3.5], "texture": "#2"},
				"down": {"uv": [6, 2.5, 7, 3.5], "texture": "#2"}
			}
		},
		{
			"from": [7, 3, 14],
			"to": [8, 5, 15],
			"rotation": {"angle": 0, "axis": "y", "origin": [16, 0, 0]},
			"faces": {
				"north": {"uv": [6, 2.5, 7, 4.5], "texture": "#2"},
				"east": {"uv": [3, 2.5, 4, 4.5], "texture": "#2"},
				"south": {"uv": [6, 2.5, 7, 4.5], "texture": "#2"},
				"west": {"uv": [3, 2.5, 4, 4.5], "texture": "#2"},
				"up": {"uv": [6, 2.5, 7, 3.5], "texture": "#2"},
				"down": {"uv": [6, 2.5, 7, 3.5], "texture": "#2"}
			}
		},
		{
			"from": [1, 4, 14],
			"to": [3, 5, 15],
			"rotation": {"angle": 0, "axis": "y", "origin": [16, 0, 0]},
			"faces": {
				"north": {"uv": [6, 2.5, 8, 3.5], "texture": "#2"},
				"east": {"uv": [3, 2.5, 4, 3.5], "texture": "#2"},
				"south": {"uv": [6, 2.5, 8, 3.5], "texture": "#2"},
				"west": {"uv": [3, 2.5, 4, 3.5], "texture": "#2"},
				"up": {"uv": [6, 2.5, 8, 3.5], "texture": "#2"},
				"down": {"uv": [6, 2.5, 8, 3.5], "texture": "#2"}
			}
		},
		{
			"from": [5, 2, 14],
			"to": [10, 3, 15],
			"rotation": {"angle": 0, "axis": "y", "origin": [16, 0, 0]},
			"faces": {
				"north": {"uv": [6, 2.5, 11, 3.5], "texture": "#2"},
				"east": {"uv": [3, 2.5, 4, 3.5], "texture": "#2"},
				"south": {"uv": [6, 2.5, 11, 3.5], "texture": "#2"},
				"west": {"uv": [3, 2.5, 4, 3.5], "texture": "#2"},
				"up": {"uv": [6, 2.5, 11, 3.5], "texture": "#2"},
				"down": {"uv": [6, 2.5, 11, 3.5], "texture": "#2"}
			}
		},
		{
			"from": [2, 7, 14],
			"to": [4, 8, 15],
			"rotation": {"angle": 0, "axis": "y", "origin": [16, 0, 0]},
			"faces": {
				"north": {"uv": [6, 2.5, 8, 3.5], "texture": "#2"},
				"east": {"uv": [3, 2.5, 4, 3.5], "texture": "#2"},
				"south": {"uv": [6, 2.5, 8, 3.5], "texture": "#2"},
				"west": {"uv": [3, 2.5, 4, 3.5], "texture": "#2"},
				"up": {"uv": [6, 2.5, 8, 3.5], "texture": "#2"},
				"down": {"uv": [6, 2.5, 8, 3.5], "texture": "#2"}
			}
		},
		{
			"from": [8, 8, 14],
			"to": [10, 9, 15],
			"rotation": {"angle": 0, "axis": "y", "origin": [16, 0, 0]},
			"faces": {
				"north": {"uv": [6, 2.5, 8, 3.5], "texture": "#2"},
				"east": {"uv": [3, 2.5, 4, 3.5], "texture": "#2"},
				"south": {"uv": [6, 2.5, 8, 3.5], "texture": "#2"},
				"west": {"uv": [3, 2.5, 4, 3.5], "texture": "#2"},
				"up": {"uv": [6, 2.5, 8, 3.5], "texture": "#2"},
				"down": {"uv": [6, 2.5, 8, 3.5], "texture": "#2"}
			}
		},
		{
			"from": [5, 6, 14],
			"to": [10, 7, 15],
			"rotation": {"angle": 0, "axis": "y", "origin": [16, 0, 0]},
			"faces": {
				"north": {"uv": [6, 2.5, 11, 3.5], "texture": "#2"},
				"east": {"uv": [3, 2.5, 4, 3.5], "texture": "#2"},
				"south": {"uv": [6, 2.5, 11, 3.5], "texture": "#2"},
				"west": {"uv": [3, 2.5, 4, 3.5], "texture": "#2"},
				"up": {"uv": [6, 2.5, 11, 3.5], "texture": "#2"},
				"down": {"uv": [6, 2.5, 11, 3.5], "texture": "#2"}
			}
		},
		{
			"from": [11, 7, 14],
			"to": [13, 8, 15],
			"rotation": {"angle": 0, "axis": "y", "origin": [16, 0, 0]},
			"faces": {
				"north": {"uv": [6, 2.5, 8, 3.5], "texture": "#2"},
				"east": {"uv": [3, 2.5, 4, 3.5], "texture": "#2"},
				"south": {"uv": [6, 2.5, 8, 3.5], "texture": "#2"},
				"west": {"uv": [3, 2.5, 4, 3.5], "texture": "#2"},
				"up": {"uv": [6, 2.5, 8, 3.5], "texture": "#2"},
				"down": {"uv": [6, 2.5, 8, 3.5], "texture": "#2"}
			}
		},
		{
			"from": [9, 9, 14],
			"to": [10, 10, 15],
			"rotation": {"angle": 0, "axis": "y", "origin": [16, 0, 0]},
			"faces": {
				"north": {"uv": [6, 2.5, 7, 3.5], "texture": "#2"},
				"east": {"uv": [3, 2.5, 4, 3.5], "texture": "#2"},
				"south": {"uv": [6, 2.5, 7, 3.5], "texture": "#2"},
				"west": {"uv": [3, 2.5, 4, 3.5], "texture": "#2"},
				"up": {"uv": [6, 2.5, 7, 3.5], "texture": "#2"},
				"down": {"uv": [6, 2.5, 7, 3.5], "texture": "#2"}
			}
		},
		{
			"from": [11, 8, 14],
			"to": [12, 11, 15],
			"rotation": {"angle": 0, "axis": "y", "origin": [16, 0, 0]},
			"faces": {
				"north": {"uv": [6, 2.5, 7, 5.5], "texture": "#2"},
				"east": {"uv": [3, 2.5, 4, 5.5], "texture": "#2"},
				"south": {"uv": [6, 2.5, 7, 5.5], "texture": "#2"},
				"west": {"uv": [3, 2.5, 4, 5.5], "texture": "#2"},
				"up": {"uv": [6, 2.5, 7, 3.5], "texture": "#2"},
				"down": {"uv": [6, 2.5, 7, 3.5], "texture": "#2"}
			}
		},
		{
			"from": [5, 14, 14],
			"to": [10, 15, 15],
			"faces": {
				"north": {"uv": [2, 2.5, 7, 3.5], "texture": "#2"},
				"east": {"uv": [2, 2.5, 3, 3.5], "texture": "#2"},
				"south": {"uv": [2, 2.5, 7, 3.5], "texture": "#2"},
				"west": {"uv": [2, 2.5, 3, 3.5], "texture": "#2"},
				"up": {"uv": [2, 2.5, 7, 3.5], "texture": "#2"},
				"down": {"uv": [2, 2.5, 7, 3.5], "texture": "#2"}
			}
		},
		{
			"from": [2, 12, 14],
			"to": [6, 13, 15],
			"faces": {
				"north": {"uv": [2, 2.5, 6, 3.5], "texture": "#2"},
				"east": {"uv": [2, 2.5, 3, 3.5], "texture": "#2"},
				"south": {"uv": [2, 2.5, 6, 3.5], "texture": "#2"},
				"west": {"uv": [2, 2.5, 3, 3.5], "texture": "#2"},
				"up": {"uv": [2, 2.5, 6, 3.5], "texture": "#2"},
				"down": {"uv": [2, 2.5, 6, 3.5], "texture": "#2"}
			}
		},
		{
			"from": [9, 11, 14],
			"to": [10, 12, 15],
			"faces": {
				"north": {"uv": [10, 2.5, 11, 3.5], "texture": "#2"},
				"east": {"uv": [4, 2.5, 5, 3.5], "texture": "#2"},
				"south": {"uv": [10, 2.5, 11, 3.5], "texture": "#2"},
				"west": {"uv": [4, 2.5, 5, 3.5], "texture": "#2"},
				"up": {"uv": [10, 2.5, 11, 3.5], "texture": "#2"},
				"down": {"uv": [10, 2.5, 11, 3.5], "texture": "#2"}
			}
		},
		{
			"from": [9, 12, 14],
			"to": [13, 13, 15],
			"faces": {
				"north": {"uv": [2, 2.5, 6, 3.5], "texture": "#2"},
				"east": {"uv": [2, 2.5, 3, 3.5], "texture": "#2"},
				"south": {"uv": [2, 2.5, 6, 3.5], "texture": "#2"},
				"west": {"uv": [2, 2.5, 3, 3.5], "texture": "#2"},
				"up": {"uv": [2, 2.5, 6, 3.5], "texture": "#2"},
				"down": {"uv": [2, 2.5, 6, 3.5], "texture": "#2"}
			}
		},
		{
			"from": [7, 12, 14],
			"to": [8, 14, 15],
			"faces": {
				"north": {"uv": [2, 2.5, 3, 4.5], "texture": "#2"},
				"east": {"uv": [2, 2.5, 3, 4.5], "texture": "#2"},
				"south": {"uv": [2, 2.5, 3, 4.5], "texture": "#2"},
				"west": {"uv": [2, 2.5, 3, 4.5], "texture": "#2"},
				"up": {"uv": [2, 2.5, 3, 3.5], "texture": "#2"},
				"down": {"uv": [2, 2.5, 3, 3.5], "texture": "#2"}
			}
		},
		{
			"from": [7, 10, 14],
			"to": [8, 11, 15],
			"faces": {
				"north": {"uv": [2, 2.5, 3, 3.5], "texture": "#2"},
				"east": {"uv": [2, 2.5, 3, 3.5], "texture": "#2"},
				"south": {"uv": [2, 2.5, 3, 3.5], "texture": "#2"},
				"west": {"uv": [2, 2.5, 3, 3.5], "texture": "#2"},
				"up": {"uv": [2, 2.5, 3, 3.5], "texture": "#2"},
				"down": {"uv": [2, 2.5, 3, 3.5], "texture": "#2"}
			}
		},
		{
			"from": [3, 3, 14],
			"to": [4, 6, 15],
			"faces": {
				"north": {"uv": [2, 2.5, 3, 5.5], "texture": "#2"},
				"east": {"uv": [2, 2.5, 3, 5.5], "texture": "#2"},
				"south": {"uv": [2, 2.5, 3, 5.5], "texture": "#2"},
				"west": {"uv": [2, 2.5, 3, 5.5], "texture": "#2"},
				"up": {"uv": [2, 2.5, 3, 3.5], "texture": "#2"},
				"down": {"uv": [2, 2.5, 3, 3.5], "texture": "#2"}
			}
		},
		{
			"from": [11, 3, 14],
			"to": [12, 6, 15],
			"faces": {
				"north": {"uv": [2, 2.5, 3, 5.5], "texture": "#2"},
				"east": {"uv": [2, 2.5, 3, 5.5], "texture": "#2"},
				"south": {"uv": [2, 2.5, 3, 5.5], "texture": "#2"},
				"west": {"uv": [2, 2.5, 3, 5.5], "texture": "#2"},
				"up": {"uv": [2, 2.5, 3, 3.5], "texture": "#2"},
				"down": {"uv": [2, 2.5, 3, 3.5], "texture": "#2"}
			}
		},
		{
			"from": [14, 11, 9],
			"to": [15, 12, 10],
			"rotation": {"angle": 0, "axis": "y", "origin": [16, 0, 0]},
			"faces": {
				"north": {"uv": [2.5, 3.5, 3.5, 4.5], "texture": "#2"},
				"east": {"uv": [5.5, 3.5, 6.5, 4.5], "texture": "#2"},
				"south": {"uv": [2.5, 3.5, 3.5, 4.5], "texture": "#2"},
				"west": {"uv": [5.5, 3.5, 6.5, 4.5], "texture": "#2"},
				"up": {"uv": [5.5, 3.5, 6.5, 4.5], "rotation": 270, "texture": "#2"},
				"down": {"uv": [5.5, 3.5, 6.5, 4.5], "rotation": 90, "texture": "#2"}
			}
		},
		{
			"from": [14, 9, 9],
			"to": [15, 10, 10],
			"rotation": {"angle": 0, "axis": "y", "origin": [16, 0, 0]},
			"faces": {
				"north": {"uv": [2.5, 3.5, 3.5, 4.5], "texture": "#2"},
				"east": {"uv": [5.5, 3.5, 6.5, 4.5], "texture": "#2"},
				"south": {"uv": [2.5, 3.5, 3.5, 4.5], "texture": "#2"},
				"west": {"uv": [5.5, 3.5, 6.5, 4.5], "texture": "#2"},
				"up": {"uv": [5.5, 3.5, 6.5, 4.5], "rotation": 270, "texture": "#2"},
				"down": {"uv": [5.5, 3.5, 6.5, 4.5], "rotation": 90, "texture": "#2"}
			}
		},
		{
			"from": [14, 8, 11],
			"to": [15, 11, 12],
			"rotation": {"angle": 0, "axis": "y", "origin": [16, 0, 0]},
			"faces": {
				"north": {"uv": [2.5, 3.5, 3.5, 6.5], "texture": "#2"},
				"east": {"uv": [5.5, 3.5, 6.5, 6.5], "texture": "#2"},
				"south": {"uv": [2.5, 3.5, 3.5, 6.5], "texture": "#2"},
				"west": {"uv": [5.5, 3.5, 6.5, 6.5], "texture": "#2"},
				"up": {"uv": [5.5, 3.5, 6.5, 4.5], "rotation": 270, "texture": "#2"},
				"down": {"uv": [5.5, 3.5, 6.5, 4.5], "rotation": 90, "texture": "#2"}
			}
		},
		{
			"from": [14, 9, 13],
			"to": [15, 11, 14],
			"rotation": {"angle": 0, "axis": "y", "origin": [16, 0, 0]},
			"faces": {
				"north": {"uv": [2.5, 3.5, 3.5, 5.5], "texture": "#2"},
				"east": {"uv": [5.5, 3.5, 6.5, 5.5], "texture": "#2"},
				"south": {"uv": [2.5, 3.5, 3.5, 5.5], "texture": "#2"},
				"west": {"uv": [5.5, 3.5, 6.5, 5.5], "texture": "#2"},
				"up": {"uv": [5.5, 3.5, 6.5, 4.5], "rotation": 270, "texture": "#2"},
				"down": {"uv": [5.5, 3.5, 6.5, 4.5], "rotation": 90, "texture": "#2"}
			}
		},
		{
			"from": [14, 10, 14],
			"to": [15, 11, 15],
			"rotation": {"angle": 0, "axis": "y", "origin": [16, 0, 0]},
			"faces": {
				"north": {"uv": [2.5, 3.5, 3.5, 4.5], "texture": "#2"},
				"east": {"uv": [5.5, 3.5, 6.5, 4.5], "texture": "#2"},
				"south": {"uv": [2.5, 3.5, 3.5, 4.5], "texture": "#2"},
				"west": {"uv": [5.5, 3.5, 6.5, 4.5], "texture": "#2"},
				"up": {"uv": [5.5, 3.5, 6.5, 4.5], "rotation": 270, "texture": "#2"},
				"down": {"uv": [5.5, 3.5, 6.5, 4.5], "rotation": 90, "texture": "#2"}
			}
		},
		{
			"from": [14, 10, 0],
			"to": [15, 11, 1],
			"rotation": {"angle": 0, "axis": "y", "origin": [16, 0, 0]},
			"faces": {
				"north": {"uv": [2.5, 3.5, 3.5, 4.5], "texture": "#2"},
				"east": {"uv": [5.5, 3.5, 6.5, 4.5], "texture": "#2"},
				"south": {"uv": [2.5, 3.5, 3.5, 4.5], "texture": "#2"},
				"west": {"uv": [5.5, 3.5, 6.5, 4.5], "texture": "#2"},
				"up": {"uv": [5.5, 3.5, 6.5, 4.5], "rotation": 270, "texture": "#2"},
				"down": {"uv": [5.5, 3.5, 6.5, 4.5], "rotation": 90, "texture": "#2"}
			}
		},
		{
			"from": [14, 9, 1],
			"to": [15, 11, 2],
			"rotation": {"angle": 0, "axis": "y", "origin": [16, 0, 0]},
			"faces": {
				"north": {"uv": [2.5, 3.5, 3.5, 5.5], "texture": "#2"},
				"east": {"uv": [5.5, 3.5, 6.5, 5.5], "texture": "#2"},
				"south": {"uv": [2.5, 3.5, 3.5, 5.5], "texture": "#2"},
				"west": {"uv": [5.5, 3.5, 6.5, 5.5], "texture": "#2"},
				"up": {"uv": [5.5, 3.5, 6.5, 4.5], "rotation": 270, "texture": "#2"},
				"down": {"uv": [5.5, 3.5, 6.5, 4.5], "rotation": 90, "texture": "#2"}
			}
		},
		{
			"from": [14, 8, 8],
			"to": [15, 9, 10],
			"rotation": {"angle": 0, "axis": "y", "origin": [16, 0, 0]},
			"faces": {
				"north": {"uv": [2.5, 3.5, 3.5, 4.5], "texture": "#2"},
				"east": {"uv": [5.5, 3.5, 7.5, 4.5], "texture": "#2"},
				"south": {"uv": [2.5, 3.5, 3.5, 4.5], "texture": "#2"},
				"west": {"uv": [5.5, 3.5, 7.5, 4.5], "texture": "#2"},
				"up": {"uv": [5.5, 3.5, 7.5, 4.5], "rotation": 270, "texture": "#2"},
				"down": {"uv": [5.5, 3.5, 7.5, 4.5], "rotation": 90, "texture": "#2"}
			}
		},
		{
			"from": [14, 4, 5],
			"to": [15, 6, 6],
			"rotation": {"angle": 0, "axis": "y", "origin": [16, 0, 0]},
			"faces": {
				"north": {"uv": [2.5, 3.5, 3.5, 5.5], "texture": "#2"},
				"east": {"uv": [5.5, 3.5, 6.5, 5.5], "texture": "#2"},
				"south": {"uv": [2.5, 3.5, 3.5, 5.5], "texture": "#2"},
				"west": {"uv": [5.5, 3.5, 6.5, 5.5], "texture": "#2"},
				"up": {"uv": [5.5, 3.5, 6.5, 4.5], "rotation": 270, "texture": "#2"},
				"down": {"uv": [5.5, 3.5, 6.5, 4.5], "rotation": 90, "texture": "#2"}
			}
		},
		{
			"from": [14, 4, 1],
			"to": [15, 5, 3],
			"rotation": {"angle": 0, "axis": "y", "origin": [16, 0, 0]},
			"faces": {
				"north": {"uv": [2.5, 3.5, 3.5, 4.5], "texture": "#2"},
				"east": {"uv": [5.5, 3.5, 7.5, 4.5], "texture": "#2"},
				"south": {"uv": [2.5, 3.5, 3.5, 4.5], "texture": "#2"},
				"west": {"uv": [5.5, 3.5, 7.5, 4.5], "texture": "#2"},
				"up": {"uv": [5.5, 3.5, 7.5, 4.5], "rotation": 270, "texture": "#2"},
				"down": {"uv": [5.5, 3.5, 7.5, 4.5], "rotation": 90, "texture": "#2"}
			}
		},
		{
			"from": [14, 4, 9],
			"to": [15, 6, 10],
			"rotation": {"angle": 0, "axis": "y", "origin": [16, 0, 0]},
			"faces": {
				"north": {"uv": [2.5, 3.5, 3.5, 5.5], "texture": "#2"},
				"east": {"uv": [5.5, 3.5, 6.5, 5.5], "texture": "#2"},
				"south": {"uv": [2.5, 3.5, 3.5, 5.5], "texture": "#2"},
				"west": {"uv": [5.5, 3.5, 6.5, 5.5], "texture": "#2"},
				"up": {"uv": [5.5, 3.5, 6.5, 4.5], "rotation": 270, "texture": "#2"},
				"down": {"uv": [5.5, 3.5, 6.5, 4.5], "rotation": 90, "texture": "#2"}
			}
		},
		{
			"from": [14, 3, 7],
			"to": [15, 5, 8],
			"rotation": {"angle": 0, "axis": "y", "origin": [16, 0, 0]},
			"faces": {
				"north": {"uv": [2.5, 3.5, 3.5, 5.5], "texture": "#2"},
				"east": {"uv": [5.5, 3.5, 6.5, 5.5], "texture": "#2"},
				"south": {"uv": [2.5, 3.5, 3.5, 5.5], "texture": "#2"},
				"west": {"uv": [5.5, 3.5, 6.5, 5.5], "texture": "#2"},
				"up": {"uv": [5.5, 3.5, 6.5, 4.5], "rotation": 270, "texture": "#2"},
				"down": {"uv": [5.5, 3.5, 6.5, 4.5], "rotation": 90, "texture": "#2"}
			}
		},
		{
			"from": [14, 4, 12],
			"to": [15, 5, 15],
			"rotation": {"angle": 0, "axis": "y", "origin": [16, 0, 0]},
			"faces": {
				"north": {"uv": [2.5, 3.5, 3.5, 4.5], "texture": "#2"},
				"east": {"uv": [5.5, 3.5, 8.5, 4.5], "texture": "#2"},
				"south": {"uv": [2.5, 3.5, 3.5, 4.5], "texture": "#2"},
				"west": {"uv": [5.5, 3.5, 8.5, 4.5], "texture": "#2"},
				"up": {"uv": [5.5, 3.5, 8.5, 4.5], "rotation": 270, "texture": "#2"},
				"down": {"uv": [5.5, 3.5, 8.5, 4.5], "rotation": 90, "texture": "#2"}
			}
		},
		{
			"from": [14, 2, 5],
			"to": [15, 3, 10],
			"rotation": {"angle": 0, "axis": "y", "origin": [16, 0, 0]},
			"faces": {
				"north": {"uv": [2.5, 3.5, 3.5, 4.5], "texture": "#2"},
				"east": {"uv": [5.5, 3.5, 10.5, 4.5], "texture": "#2"},
				"south": {"uv": [2.5, 3.5, 3.5, 4.5], "texture": "#2"},
				"west": {"uv": [5.5, 3.5, 10.5, 4.5], "texture": "#2"},
				"up": {"uv": [5.5, 3.5, 10.5, 4.5], "rotation": 270, "texture": "#2"},
				"down": {"uv": [5.5, 3.5, 10.5, 4.5], "rotation": 90, "texture": "#2"}
			}
		},
		{
			"from": [14, 7, 11],
			"to": [15, 8, 13],
			"rotation": {"angle": 0, "axis": "y", "origin": [16, 0, 0]},
			"faces": {
				"north": {"uv": [2.5, 3.5, 3.5, 4.5], "texture": "#2"},
				"east": {"uv": [5.5, 3.5, 7.5, 4.5], "texture": "#2"},
				"south": {"uv": [2.5, 3.5, 3.5, 4.5], "texture": "#2"},
				"west": {"uv": [5.5, 3.5, 7.5, 4.5], "texture": "#2"},
				"up": {"uv": [5.5, 3.5, 7.5, 4.5], "rotation": 270, "texture": "#2"},
				"down": {"uv": [5.5, 3.5, 7.5, 4.5], "rotation": 90, "texture": "#2"}
			}
		},
		{
			"from": [14, 8, 5],
			"to": [15, 9, 7],
			"rotation": {"angle": 0, "axis": "y", "origin": [16, 0, 0]},
			"faces": {
				"north": {"uv": [2.5, 3.5, 3.5, 4.5], "texture": "#2"},
				"east": {"uv": [5.5, 3.5, 7.5, 4.5], "texture": "#2"},
				"south": {"uv": [2.5, 3.5, 3.5, 4.5], "texture": "#2"},
				"west": {"uv": [5.5, 3.5, 7.5, 4.5], "texture": "#2"},
				"up": {"uv": [5.5, 3.5, 7.5, 4.5], "rotation": 270, "texture": "#2"},
				"down": {"uv": [5.5, 3.5, 7.5, 4.5], "rotation": 90, "texture": "#2"}
			}
		},
		{
			"from": [14, 6, 5],
			"to": [15, 7, 10],
			"rotation": {"angle": 0, "axis": "y", "origin": [16, 0, 0]},
			"faces": {
				"north": {"uv": [2.5, 3.5, 3.5, 4.5], "texture": "#2"},
				"east": {"uv": [5.5, 3.5, 10.5, 4.5], "texture": "#2"},
				"south": {"uv": [2.5, 3.5, 3.5, 4.5], "texture": "#2"},
				"west": {"uv": [5.5, 3.5, 10.5, 4.5], "texture": "#2"},
				"up": {"uv": [5.5, 3.5, 10.5, 4.5], "rotation": 270, "texture": "#2"},
				"down": {"uv": [5.5, 3.5, 10.5, 4.5], "rotation": 90, "texture": "#2"}
			}
		},
		{
			"from": [14, 7, 2],
			"to": [15, 8, 4],
			"rotation": {"angle": 0, "axis": "y", "origin": [16, 0, 0]},
			"faces": {
				"north": {"uv": [2.5, 3.5, 3.5, 4.5], "texture": "#2"},
				"east": {"uv": [5.5, 3.5, 7.5, 4.5], "texture": "#2"},
				"south": {"uv": [2.5, 3.5, 3.5, 4.5], "texture": "#2"},
				"west": {"uv": [5.5, 3.5, 7.5, 4.5], "texture": "#2"},
				"up": {"uv": [5.5, 3.5, 7.5, 4.5], "rotation": 270, "texture": "#2"},
				"down": {"uv": [5.5, 3.5, 7.5, 4.5], "rotation": 90, "texture": "#2"}
			}
		},
		{
			"from": [14, 9, 5],
			"to": [15, 10, 6],
			"rotation": {"angle": 0, "axis": "y", "origin": [16, 0, 0]},
			"faces": {
				"north": {"uv": [2.5, 3.5, 3.5, 4.5], "texture": "#2"},
				"east": {"uv": [5.5, 3.5, 6.5, 4.5], "texture": "#2"},
				"south": {"uv": [2.5, 3.5, 3.5, 4.5], "texture": "#2"},
				"west": {"uv": [5.5, 3.5, 6.5, 4.5], "texture": "#2"},
				"up": {"uv": [5.5, 3.5, 6.5, 4.5], "rotation": 270, "texture": "#2"},
				"down": {"uv": [5.5, 3.5, 6.5, 4.5], "rotation": 90, "texture": "#2"}
			}
		},
		{
			"from": [14, 8, 3],
			"to": [15, 11, 4],
			"rotation": {"angle": 0, "axis": "y", "origin": [16, 0, 0]},
			"faces": {
				"north": {"uv": [2.5, 3.5, 3.5, 6.5], "texture": "#2"},
				"east": {"uv": [5.5, 3.5, 6.5, 6.5], "texture": "#2"},
				"south": {"uv": [2.5, 3.5, 3.5, 6.5], "texture": "#2"},
				"west": {"uv": [5.5, 3.5, 6.5, 6.5], "texture": "#2"},
				"up": {"uv": [5.5, 3.5, 6.5, 4.5], "rotation": 270, "texture": "#2"},
				"down": {"uv": [5.5, 3.5, 6.5, 4.5], "rotation": 90, "texture": "#2"}
			}
		},
		{
			"from": [14, 14, 5],
			"to": [15, 15, 10],
			"rotation": {"angle": 0, "axis": "y", "origin": [16, 0, 0]},
			"faces": {
				"north": {"uv": [1.5, 3.5, 2.5, 4.5], "texture": "#2"},
				"east": {"uv": [1.5, 3.5, 6.5, 4.5], "texture": "#2"},
				"south": {"uv": [1.5, 3.5, 2.5, 4.5], "texture": "#2"},
				"west": {"uv": [1.5, 3.5, 6.5, 4.5], "texture": "#2"},
				"up": {"uv": [1.5, 3.5, 6.5, 4.5], "rotation": 270, "texture": "#2"},
				"down": {"uv": [1.5, 3.5, 6.5, 4.5], "rotation": 90, "texture": "#2"}
			}
		},
		{
			"from": [14, 12, 9],
			"to": [15, 13, 13],
			"rotation": {"angle": 0, "axis": "y", "origin": [16, 0, 0]},
			"faces": {
				"north": {"uv": [1.5, 3.5, 2.5, 4.5], "texture": "#2"},
				"east": {"uv": [1.5, 3.5, 5.5, 4.5], "texture": "#2"},
				"south": {"uv": [1.5, 3.5, 2.5, 4.5], "texture": "#2"},
				"west": {"uv": [1.5, 3.5, 5.5, 4.5], "texture": "#2"},
				"up": {"uv": [1.5, 3.5, 5.5, 4.5], "rotation": 270, "texture": "#2"},
				"down": {"uv": [1.5, 3.5, 5.5, 4.5], "rotation": 90, "texture": "#2"}
			}
		},
		{
			"from": [14, 11, 5],
			"to": [15, 12, 6],
			"rotation": {"angle": 0, "axis": "y", "origin": [16, 0, 0]},
			"faces": {
				"north": {"uv": [3.5, 3.5, 4.5, 4.5], "texture": "#2"},
				"east": {"uv": [9.5, 3.5, 10.5, 4.5], "texture": "#2"},
				"south": {"uv": [3.5, 3.5, 4.5, 4.5], "texture": "#2"},
				"west": {"uv": [9.5, 3.5, 10.5, 4.5], "texture": "#2"},
				"up": {"uv": [9.5, 3.5, 10.5, 4.5], "rotation": 270, "texture": "#2"},
				"down": {"uv": [9.5, 3.5, 10.5, 4.5], "rotation": 90, "texture": "#2"}
			}
		},
		{
			"from": [14, 12, 2],
			"to": [15, 13, 6],
			"rotation": {"angle": 0, "axis": "y", "origin": [16, 0, 0]},
			"faces": {
				"north": {"uv": [1.5, 3.5, 2.5, 4.5], "texture": "#2"},
				"east": {"uv": [1.5, 3.5, 5.5, 4.5], "texture": "#2"},
				"south": {"uv": [1.5, 3.5, 2.5, 4.5], "texture": "#2"},
				"west": {"uv": [1.5, 3.5, 5.5, 4.5], "texture": "#2"},
				"up": {"uv": [1.5, 3.5, 5.5, 4.5], "rotation": 270, "texture": "#2"},
				"down": {"uv": [1.5, 3.5, 5.5, 4.5], "rotation": 90, "texture": "#2"}
			}
		},
		{
			"from": [14, 12, 7],
			"to": [15, 14, 8],
			"rotation": {"angle": 0, "axis": "y", "origin": [16, 0, 0]},
			"faces": {
				"north": {"uv": [1.5, 3.5, 2.5, 5.5], "texture": "#2"},
				"east": {"uv": [1.5, 3.5, 2.5, 5.5], "texture": "#2"},
				"south": {"uv": [1.5, 3.5, 2.5, 5.5], "texture": "#2"},
				"west": {"uv": [1.5, 3.5, 2.5, 5.5], "texture": "#2"},
				"up": {"uv": [1.5, 3.5, 2.5, 4.5], "rotation": 270, "texture": "#2"},
				"down": {"uv": [1.5, 3.5, 2.5, 4.5], "rotation": 90, "texture": "#2"}
			}
		},
		{
			"from": [14, 10, 7],
			"to": [15, 11, 8],
			"rotation": {"angle": 0, "axis": "y", "origin": [16, 0, 0]},
			"faces": {
				"north": {"uv": [1.5, 3.5, 2.5, 4.5], "texture": "#2"},
				"east": {"uv": [1.5, 3.5, 2.5, 4.5], "texture": "#2"},
				"south": {"uv": [1.5, 3.5, 2.5, 4.5], "texture": "#2"},
				"west": {"uv": [1.5, 3.5, 2.5, 4.5], "texture": "#2"},
				"up": {"uv": [1.5, 3.5, 2.5, 4.5], "rotation": 270, "texture": "#2"},
				"down": {"uv": [1.5, 3.5, 2.5, 4.5], "rotation": 90, "texture": "#2"}
			}
		},
		{
			"from": [14, 3, 11],
			"to": [15, 6, 12],
			"rotation": {"angle": 0, "axis": "y", "origin": [16, 0, 0]},
			"faces": {
				"north": {"uv": [1.5, 3.5, 2.5, 6.5], "texture": "#2"},
				"east": {"uv": [1.5, 3.5, 2.5, 6.5], "texture": "#2"},
				"south": {"uv": [1.5, 3.5, 2.5, 6.5], "texture": "#2"},
				"west": {"uv": [1.5, 3.5, 2.5, 6.5], "texture": "#2"},
				"up": {"uv": [1.5, 3.5, 2.5, 4.5], "rotation": 270, "texture": "#2"},
				"down": {"uv": [1.5, 3.5, 2.5, 4.5], "rotation": 90, "texture": "#2"}
			}
		},
		{
			"from": [14, 3, 3],
			"to": [15, 6, 4],
			"rotation": {"angle": 0, "axis": "y", "origin": [16, 0, 0]},
			"faces": {
				"north": {"uv": [1.5, 3.5, 2.5, 6.5], "texture": "#2"},
				"east": {"uv": [1.5, 3.5, 2.5, 6.5], "texture": "#2"},
				"south": {"uv": [1.5, 3.5, 2.5, 6.5], "texture": "#2"},
				"west": {"uv": [1.5, 3.5, 2.5, 6.5], "texture": "#2"},
				"up": {"uv": [1.5, 3.5, 2.5, 4.5], "rotation": 270, "texture": "#2"},
				"down": {"uv": [1.5, 3.5, 2.5, 4.5], "rotation": 90, "texture": "#2"}
			}
		},
		{
			"from": [0, 11, 9],
			"to": [1, 12, 10],
			"rotation": {"angle": 0, "axis": "y", "origin": [16, 0, 0]},
			"faces": {
				"north": {"uv": [1, 0, 2, 1], "texture": "#2"},
				"east": {"uv": [6, 3, 7, 4], "texture": "#2"},
				"south": {"uv": [1, 0, 2, 1], "texture": "#2"},
				"west": {"uv": [4, 0, 5, 1], "texture": "#2"},
				"up": {"uv": [4, 0, 5, 1], "rotation": 270, "texture": "#2"},
				"down": {"uv": [4, 0, 5, 1], "rotation": 90, "texture": "#2"}
			}
		},
		{
			"from": [0, 9, 9],
			"to": [1, 10, 10],
			"rotation": {"angle": 0, "axis": "y", "origin": [16, 0, 0]},
			"faces": {
				"north": {"uv": [1, 0, 2, 1], "texture": "#2"},
				"east": {"uv": [6, 3, 7, 4], "texture": "#2"},
				"south": {"uv": [1, 0, 2, 1], "texture": "#2"},
				"west": {"uv": [4, 0, 5, 1], "texture": "#2"},
				"up": {"uv": [4, 0, 5, 1], "rotation": 270, "texture": "#2"},
				"down": {"uv": [4, 0, 5, 1], "rotation": 90, "texture": "#2"}
			}
		},
		{
			"from": [0, 8, 11],
			"to": [1, 11, 12],
			"rotation": {"angle": 0, "axis": "y", "origin": [16, 0, 0]},
			"faces": {
				"north": {"uv": [1, 0, 2, 3], "texture": "#2"},
				"east": {"uv": [6, 3, 7, 6], "texture": "#2"},
				"south": {"uv": [1, 0, 2, 3], "texture": "#2"},
				"west": {"uv": [4, 0, 5, 3], "texture": "#2"},
				"up": {"uv": [4, 0, 5, 1], "rotation": 270, "texture": "#2"},
				"down": {"uv": [4, 0, 5, 1], "rotation": 90, "texture": "#2"}
			}
		},
		{
			"from": [0, 9, 13],
			"to": [1, 11, 14],
			"rotation": {"angle": 0, "axis": "y", "origin": [16, 0, 0]},
			"faces": {
				"north": {"uv": [1, 0, 2, 2], "texture": "#2"},
				"east": {"uv": [6, 3, 7, 5], "texture": "#2"},
				"south": {"uv": [1, 0, 2, 2], "texture": "#2"},
				"west": {"uv": [4, 0, 5, 2], "texture": "#2"},
				"up": {"uv": [4, 0, 5, 1], "rotation": 270, "texture": "#2"},
				"down": {"uv": [4, 0, 5, 1], "rotation": 90, "texture": "#2"}
			}
		},
		{
			"from": [0, 10, 14],
			"to": [1, 11, 15],
			"rotation": {"angle": 0, "axis": "y", "origin": [16, 0, 0]},
			"faces": {
				"north": {"uv": [1, 0, 2, 1], "texture": "#2"},
				"east": {"uv": [6, 3, 7, 4], "texture": "#2"},
				"south": {"uv": [1, 0, 2, 1], "texture": "#2"},
				"west": {"uv": [4, 0, 5, 1], "texture": "#2"},
				"up": {"uv": [4, 0, 5, 1], "rotation": 270, "texture": "#2"},
				"down": {"uv": [4, 0, 5, 1], "rotation": 90, "texture": "#2"}
			}
		},
		{
			"from": [0, 10, 0],
			"to": [1, 11, 1],
			"rotation": {"angle": 0, "axis": "y", "origin": [16, 0, 0]},
			"faces": {
				"north": {"uv": [1, 0, 2, 1], "texture": "#2"},
				"east": {"uv": [6, 3, 7, 4], "texture": "#2"},
				"south": {"uv": [1, 0, 2, 1], "texture": "#2"},
				"west": {"uv": [4, 0, 5, 1], "texture": "#2"},
				"up": {"uv": [4, 0, 5, 1], "rotation": 270, "texture": "#2"},
				"down": {"uv": [4, 0, 5, 1], "rotation": 90, "texture": "#2"}
			}
		},
		{
			"from": [0, 9, 1],
			"to": [1, 11, 2],
			"rotation": {"angle": 0, "axis": "y", "origin": [16, 0, 0]},
			"faces": {
				"north": {"uv": [1, 0, 2, 2], "texture": "#2"},
				"east": {"uv": [6, 3, 7, 5], "texture": "#2"},
				"south": {"uv": [1, 0, 2, 2], "texture": "#2"},
				"west": {"uv": [4, 0, 5, 2], "texture": "#2"},
				"up": {"uv": [4, 0, 5, 1], "rotation": 270, "texture": "#2"},
				"down": {"uv": [4, 0, 5, 1], "rotation": 90, "texture": "#2"}
			}
		},
		{
			"from": [0, 8, 8],
			"to": [1, 9, 10],
			"rotation": {"angle": 0, "axis": "y", "origin": [16, 0, 0]},
			"faces": {
				"north": {"uv": [1, 0, 2, 1], "texture": "#2"},
				"east": {"uv": [6, 3, 8, 4], "texture": "#2"},
				"south": {"uv": [1, 0, 2, 1], "texture": "#2"},
				"west": {"uv": [4, 0, 6, 1], "texture": "#2"},
				"up": {"uv": [4, 0, 6, 1], "rotation": 270, "texture": "#2"},
				"down": {"uv": [4, 0, 6, 1], "rotation": 90, "texture": "#2"}
			}
		},
		{
			"from": [0, 4, 5],
			"to": [1, 6, 6],
			"rotation": {"angle": 0, "axis": "y", "origin": [16, 0, 0]},
			"faces": {
				"north": {"uv": [1, 0, 2, 2], "texture": "#2"},
				"east": {"uv": [6, 3, 7, 5], "texture": "#2"},
				"south": {"uv": [1, 0, 2, 2], "texture": "#2"},
				"west": {"uv": [4, 0, 5, 2], "texture": "#2"},
				"up": {"uv": [4, 0, 5, 1], "rotation": 270, "texture": "#2"},
				"down": {"uv": [4, 0, 5, 1], "rotation": 90, "texture": "#2"}
			}
		},
		{
			"from": [0, 4, 1],
			"to": [1, 5, 3],
			"rotation": {"angle": 0, "axis": "y", "origin": [16, 0, 0]},
			"faces": {
				"north": {"uv": [1, 0, 2, 1], "texture": "#2"},
				"east": {"uv": [6, 3, 8, 4], "texture": "#2"},
				"south": {"uv": [1, 0, 2, 1], "texture": "#2"},
				"west": {"uv": [4, 0, 6, 1], "texture": "#2"},
				"up": {"uv": [4, 0, 6, 1], "rotation": 270, "texture": "#2"},
				"down": {"uv": [4, 0, 6, 1], "rotation": 90, "texture": "#2"}
			}
		},
		{
			"from": [0, 4, 9],
			"to": [1, 6, 10],
			"rotation": {"angle": 0, "axis": "y", "origin": [16, 0, 0]},
			"faces": {
				"north": {"uv": [1, 0, 2, 2], "texture": "#2"},
				"east": {"uv": [6, 3, 7, 5], "texture": "#2"},
				"south": {"uv": [1, 0, 2, 2], "texture": "#2"},
				"west": {"uv": [4, 0, 5, 2], "texture": "#2"},
				"up": {"uv": [4, 0, 5, 1], "rotation": 270, "texture": "#2"},
				"down": {"uv": [4, 0, 5, 1], "rotation": 90, "texture": "#2"}
			}
		},
		{
			"from": [0, 3, 7],
			"to": [1, 5, 8],
			"rotation": {"angle": 0, "axis": "y", "origin": [16, 0, 0]},
			"faces": {
				"north": {"uv": [1, 0, 2, 2], "texture": "#2"},
				"east": {"uv": [6, 3, 7, 5], "texture": "#2"},
				"south": {"uv": [1, 0, 2, 2], "texture": "#2"},
				"west": {"uv": [4, 0, 5, 2], "texture": "#2"},
				"up": {"uv": [4, 0, 5, 1], "rotation": 270, "texture": "#2"},
				"down": {"uv": [4, 0, 5, 1], "rotation": 90, "texture": "#2"}
			}
		},
		{
			"from": [0, 4, 12],
			"to": [1, 5, 15],
			"rotation": {"angle": 0, "axis": "y", "origin": [16, 0, 0]},
			"faces": {
				"north": {"uv": [1, 0, 2, 1], "texture": "#2"},
				"east": {"uv": [6, 3, 9, 4], "texture": "#2"},
				"south": {"uv": [1, 0, 2, 1], "texture": "#2"},
				"west": {"uv": [4, 0, 7, 1], "texture": "#2"},
				"up": {"uv": [4, 0, 7, 1], "rotation": 270, "texture": "#2"},
				"down": {"uv": [4, 0, 7, 1], "rotation": 90, "texture": "#2"}
			}
		},
		{
			"from": [0, 2, 5],
			"to": [1, 3, 10],
			"rotation": {"angle": 0, "axis": "y", "origin": [16, 0, 0]},
			"faces": {
				"north": {"uv": [1, 0, 2, 1], "texture": "#2"},
				"east": {"uv": [6, 3, 11, 4], "texture": "#2"},
				"south": {"uv": [1, 0, 2, 1], "texture": "#2"},
				"west": {"uv": [4, 0, 9, 1], "texture": "#2"},
				"up": {"uv": [4, 0, 9, 1], "rotation": 270, "texture": "#2"},
				"down": {"uv": [4, 0, 9, 1], "rotation": 90, "texture": "#2"}
			}
		},
		{
			"from": [0, 7, 11],
			"to": [1, 8, 13],
			"rotation": {"angle": 0, "axis": "y", "origin": [16, 0, 0]},
			"faces": {
				"north": {"uv": [1, 0, 2, 1], "texture": "#2"},
				"east": {"uv": [6, 3, 8, 4], "texture": "#2"},
				"south": {"uv": [1, 0, 2, 1], "texture": "#2"},
				"west": {"uv": [4, 0, 6, 1], "texture": "#2"},
				"up": {"uv": [4, 0, 6, 1], "rotation": 270, "texture": "#2"},
				"down": {"uv": [4, 0, 6, 1], "rotation": 90, "texture": "#2"}
			}
		},
		{
			"from": [0, 8, 5],
			"to": [1, 9, 7],
			"rotation": {"angle": 0, "axis": "y", "origin": [16, 0, 0]},
			"faces": {
				"north": {"uv": [1, 0, 2, 1], "texture": "#2"},
				"east": {"uv": [6, 3, 8, 4], "texture": "#2"},
				"south": {"uv": [1, 0, 2, 1], "texture": "#2"},
				"west": {"uv": [4, 0, 6, 1], "texture": "#2"},
				"up": {"uv": [4, 0, 6, 1], "rotation": 270, "texture": "#2"},
				"down": {"uv": [4, 0, 6, 1], "rotation": 90, "texture": "#2"}
			}
		},
		{
			"from": [0, 6, 5],
			"to": [1, 7, 10],
			"rotation": {"angle": 0, "axis": "y", "origin": [16, 0, 0]},
			"faces": {
				"north": {"uv": [1, 0, 2, 1], "texture": "#2"},
				"east": {"uv": [6, 3, 11, 4], "texture": "#2"},
				"south": {"uv": [1, 0, 2, 1], "texture": "#2"},
				"west": {"uv": [4, 0, 9, 1], "texture": "#2"},
				"up": {"uv": [4, 0, 9, 1], "rotation": 270, "texture": "#2"},
				"down": {"uv": [4, 0, 9, 1], "rotation": 90, "texture": "#2"}
			}
		},
		{
			"from": [0, 7, 2],
			"to": [1, 8, 4],
			"rotation": {"angle": 0, "axis": "y", "origin": [16, 0, 0]},
			"faces": {
				"north": {"uv": [1, 0, 2, 1], "texture": "#2"},
				"east": {"uv": [6, 3, 8, 4], "texture": "#2"},
				"south": {"uv": [1, 0, 2, 1], "texture": "#2"},
				"west": {"uv": [4, 0, 6, 1], "texture": "#2"},
				"up": {"uv": [4, 0, 6, 1], "rotation": 270, "texture": "#2"},
				"down": {"uv": [4, 0, 6, 1], "rotation": 90, "texture": "#2"}
			}
		},
		{
			"from": [0, 9, 5],
			"to": [1, 10, 6],
			"rotation": {"angle": 0, "axis": "y", "origin": [16, 0, 0]},
			"faces": {
				"north": {"uv": [1, 0, 2, 1], "texture": "#2"},
				"east": {"uv": [6, 3, 7, 4], "texture": "#2"},
				"south": {"uv": [1, 0, 2, 1], "texture": "#2"},
				"west": {"uv": [4, 0, 5, 1], "texture": "#2"},
				"up": {"uv": [4, 0, 5, 1], "rotation": 270, "texture": "#2"},
				"down": {"uv": [4, 0, 5, 1], "rotation": 90, "texture": "#2"}
			}
		},
		{
			"from": [0, 8, 3],
			"to": [1, 11, 4],
			"rotation": {"angle": 0, "axis": "y", "origin": [16, 0, 0]},
			"faces": {
				"north": {"uv": [1, 0, 2, 3], "texture": "#2"},
				"east": {"uv": [6, 3, 7, 6], "texture": "#2"},
				"south": {"uv": [1, 0, 2, 3], "texture": "#2"},
				"west": {"uv": [4, 0, 5, 3], "texture": "#2"},
				"up": {"uv": [4, 0, 5, 1], "rotation": 270, "texture": "#2"},
				"down": {"uv": [4, 0, 5, 1], "rotation": 90, "texture": "#2"}
			}
		},
		{
			"from": [0, 14, 5],
			"to": [1, 15, 10],
			"rotation": {"angle": 0, "axis": "y", "origin": [16, 0, 0]},
			"faces": {
				"north": {"uv": [0, 0, 1, 1], "texture": "#2"},
				"east": {"uv": [2, 3, 7, 4], "texture": "#2"},
				"south": {"uv": [0, 0, 1, 1], "texture": "#2"},
				"west": {"uv": [0, 0, 5, 1], "texture": "#2"},
				"up": {"uv": [0, 0, 5, 1], "rotation": 270, "texture": "#2"},
				"down": {"uv": [0, 0, 5, 1], "rotation": 90, "texture": "#2"}
			}
		},
		{
			"from": [0, 12, 9],
			"to": [1, 13, 13],
			"rotation": {"angle": 0, "axis": "y", "origin": [16, 0, 0]},
			"faces": {
				"north": {"uv": [0, 0, 1, 1], "texture": "#2"},
				"east": {"uv": [2, 3, 6, 4], "texture": "#2"},
				"south": {"uv": [0, 0, 1, 1], "texture": "#2"},
				"west": {"uv": [0, 0, 4, 1], "texture": "#2"},
				"up": {"uv": [0, 0, 4, 1], "rotation": 270, "texture": "#2"},
				"down": {"uv": [0, 0, 4, 1], "rotation": 90, "texture": "#2"}
			}
		},
		{
			"from": [0, 11, 5],
			"to": [1, 12, 6],
			"rotation": {"angle": 0, "axis": "y", "origin": [16, 0, 0]},
			"faces": {
				"north": {"uv": [2, 0, 3, 1], "texture": "#2"},
				"east": {"uv": [10, 3, 11, 4], "texture": "#2"},
				"south": {"uv": [2, 0, 3, 1], "texture": "#2"},
				"west": {"uv": [8, 0, 9, 1], "texture": "#2"},
				"up": {"uv": [8, 0, 9, 1], "rotation": 270, "texture": "#2"},
				"down": {"uv": [8, 0, 9, 1], "rotation": 90, "texture": "#2"}
			}
		},
		{
			"from": [0, 12, 2],
			"to": [1, 13, 6],
			"rotation": {"angle": 0, "axis": "y", "origin": [16, 0, 0]},
			"faces": {
				"north": {"uv": [0, 0, 1, 1], "texture": "#2"},
				"east": {"uv": [2, 3, 6, 4], "texture": "#2"},
				"south": {"uv": [0, 0, 1, 1], "texture": "#2"},
				"west": {"uv": [0, 0, 4, 1], "texture": "#2"},
				"up": {"uv": [0, 0, 4, 1], "rotation": 270, "texture": "#2"},
				"down": {"uv": [0, 0, 4, 1], "rotation": 90, "texture": "#2"}
			}
		},
		{
			"from": [0, 12, 7],
			"to": [1, 14, 8],
			"rotation": {"angle": 0, "axis": "y", "origin": [16, 0, 0]},
			"faces": {
				"north": {"uv": [0, 0, 1, 2], "texture": "#2"},
				"east": {"uv": [2, 3, 3, 5], "texture": "#2"},
				"south": {"uv": [0, 0, 1, 2], "texture": "#2"},
				"west": {"uv": [0, 0, 1, 2], "texture": "#2"},
				"up": {"uv": [0, 0, 1, 1], "rotation": 270, "texture": "#2"},
				"down": {"uv": [0, 0, 1, 1], "rotation": 90, "texture": "#2"}
			}
		},
		{
			"from": [0, 10, 7],
			"to": [1, 11, 8],
			"rotation": {"angle": 0, "axis": "y", "origin": [16, 0, 0]},
			"faces": {
				"north": {"uv": [0, 0, 1, 1], "texture": "#2"},
				"east": {"uv": [2, 3, 3, 4], "texture": "#2"},
				"south": {"uv": [0, 0, 1, 1], "texture": "#2"},
				"west": {"uv": [0, 0, 1, 1], "texture": "#2"},
				"up": {"uv": [0, 0, 1, 1], "rotation": 270, "texture": "#2"},
				"down": {"uv": [0, 0, 1, 1], "rotation": 90, "texture": "#2"}
			}
		},
		{
			"from": [0, 3, 11],
			"to": [1, 6, 12],
			"rotation": {"angle": 0, "axis": "y", "origin": [16, 0, 0]},
			"faces": {
				"north": {"uv": [0, 0, 1, 3], "texture": "#2"},
				"east": {"uv": [2, 3, 3, 6], "texture": "#2"},
				"south": {"uv": [0, 0, 1, 3], "texture": "#2"},
				"west": {"uv": [0, 0, 1, 3], "texture": "#2"},
				"up": {"uv": [0, 0, 1, 1], "rotation": 270, "texture": "#2"},
				"down": {"uv": [0, 0, 1, 1], "rotation": 90, "texture": "#2"}
			}
		},
		{
			"from": [0, 3, 3],
			"to": [1, 6, 4],
			"rotation": {"angle": 0, "axis": "y", "origin": [16, 0, 0]},
			"faces": {
				"north": {"uv": [0, 0, 1, 3], "texture": "#2"},
				"east": {"uv": [2, 3, 3, 6], "texture": "#2"},
				"south": {"uv": [0, 0, 1, 3], "texture": "#2"},
				"west": {"uv": [0, 0, 1, 3], "texture": "#2"},
				"up": {"uv": [0, 0, 1, 1], "rotation": 270, "texture": "#2"},
				"down": {"uv": [0, 0, 1, 1], "rotation": 90, "texture": "#2"}
			}
		}
	],
	"gui_light": "front",
	"display": {
		"gui": {
			"rotation": [13, -17, 0],
			"translation": [0.25, 0, 0],
			"scale": [0.8, 0.8, 0.8]
		},
		"fixed": {
			"rotation": [-90, 0, 0],
			"translation": [0, 0, -8.75],
			"scale": [1.25, 1.25, 1.25]
		}
	},
	"groups": [
		0,
		{
			"name": "outlines_top",
			"origin": [0, 0, 0],
			"color": 0,
			"children": [1, 2, 3, 4, 5, 6, 7, 8, 9, 10, 11, 12, 13, 14, 15, 16, 17, 18, 19, 20, 21, 22, 23, 24, 25, 26, 27, 28, 29, 30, 31, 32]
		},
		{
			"name": "outlines_north",
			"origin": [16, 0, 0],
			"color": 0,
			"children": [33, 34, 35, 36, 37, 38, 39, 40, 41, 42, 43, 44, 45, 46, 47, 48, 49, 50, 51, 52, 53, 54, 55, 56, 57, 58]
		},
		{
			"name": "outlines_south",
			"origin": [16, 0, 0],
			"color": 0,
			"children": [59, 60, 61, 62, 63, 64, 65, 66, 67, 68, 69, 70, 71, 72, 73, 74, 75, 76, 77, 78, 79, 80, 81, 82, 83, 84]
		},
		{
			"name": "outlines_east",
			"origin": [16, 0, 0],
			"color": 0,
			"children": [85, 86, 87, 88, 89, 90, 91, 92, 93, 94, 95, 96, 97, 98, 99, 100, 101, 102, 103, 104, 105, 106, 107, 108, 109, 110, 111, 112]
		},
		{
			"name": "outlines_west",
			"origin": [16, 0, 0],
			"color": 0,
			"children": [113, 114, 115, 116, 117, 118, 119, 120, 121, 122, 123, 124, 125, 126, 127, 128, 129, 130, 131, 132, 133, 134, 135, 136, 137, 138, 139, 140]
		}
	]
}