{
	"credit": "Made with Blockbench",
	"texture_size": [32, 32],
	"textures": {
		"4": "plagiatus:item/trophy/toxic/throphy_bronze",
		"particle": "plagiatus:item/trophy/toxic/throphy_none"
	},
	"elements": [
		{
			"from": [4.5, 0, 4.5],
			"to": [11.5, 1, 11.5],
			"faces": {
				"north": {"uv": [0, 7, 3.5, 7.5], "texture": "#4"},
				"east": {"uv": [7, 5, 10.5, 5.5], "texture": "#4"},
				"south": {"uv": [7, 5.5, 10.5, 6], "texture": "#4"},
				"west": {"uv": [7, 6, 10.5, 6.5], "texture": "#4"},
				"up": {"uv": [3.5, 3.5, 0, 0], "texture": "#4"},
				"down": {"uv": [3.5, 3.5, 0, 7], "texture": "#4"}
			}
		},
		{
			"from": [5.5, 1, 5.5],
			"to": [10.5, 2, 10.5],
			"faces": {
				"north": {"uv": [7.5, 7.5, 10, 8], "texture": "#4"},
				"east": {"uv": [7.5, 8, 10, 8.5], "texture": "#4"},
				"south": {"uv": [8.5, 0, 11, 0.5], "texture": "#4"},
				"west": {"uv": [8.5, 0.5, 11, 1], "texture": "#4"},
				"up": {"uv": [8.5, 2.5, 6, 0], "texture": "#4"},
				"down": {"uv": [8.5, 2.5, 6, 5], "texture": "#4"}
			}
		},
		{
			"from": [5.5, 2, 7.5],
			"to": [10.5, 11, 8.5],
			"faces": {
				"north": {"uv": [3.5, 0, 6, 4.5], "texture": "#4"},
				"east": {"uv": [6, 5, 6.5, 9.5], "texture": "#4"},
				"south": {"uv": [3.5, 4.5, 6, 9], "texture": "#4"},
				"west": {"uv": [6.5, 5, 7, 9.5], "texture": "#4"},
				"up": {"uv": [10, 7, 7.5, 6.5], "texture": "#4"},
				"down": {"uv": [10, 7, 7.5, 7.5], "texture": "#4"}
			}
		},
		{
			"from": [10.5, 3, 7.5],
			"to": [11.5, 10, 8.5],
			"faces": {
				"north": {"uv": [7, 6.5, 7.5, 10], "texture": "#4"},
				"east": {"uv": [0, 7.5, 0.5, 11], "texture": "#4"},
				"south": {"uv": [0.5, 7.5, 1, 11], "texture": "#4"},
				"west": {"uv": [1, 7.5, 1.5, 11], "texture": "#4"},
				"up": {"uv": [4.5, 9.5, 4, 9], "texture": "#4"},
				"down": {"uv": [5, 9, 4.5, 9.5], "texture": "#4"}
			}
		},
		{
			"from": [4.5, 3, 7.5],
			"to": [5.5, 10, 8.5],
			"faces": {
				"north": {"uv": [1.5, 7.5, 2, 11], "texture": "#4"},
				"east": {"uv": [2, 7.5, 2.5, 11], "texture": "#4"},
				"south": {"uv": [2.5, 7.5, 3, 11], "texture": "#4"},
				"west": {"uv": [3, 7.5, 3.5, 11], "texture": "#4"},
				"up": {"uv": [9.5, 9, 9, 8.5], "texture": "#4"},
				"down": {"uv": [9.5, 9, 9, 9.5], "texture": "#4"}
			}
		},
		{
			"from": [11.5, 5, 7.5],
			"to": [12.5, 9, 8.5],
			"faces": {
				"north": {"uv": [8.5, 1, 9, 3], "texture": "#4"},
				"east": {"uv": [8.5, 3, 9, 5], "texture": "#4"},
				"south": {"uv": [7.5, 8.5, 8, 10.5], "texture": "#4"},
				"west": {"uv": [8, 8.5, 8.5, 10.5], "texture": "#4"},
				"up": {"uv": [5.5, 9.5, 5, 9], "texture": "#4"},
				"down": {"uv": [6, 9, 5.5, 9.5], "texture": "#4"}
			}
		},
		{
			"from": [3.5, 5, 7.5],
			"to": [4.5, 9, 8.5],
			"faces": {
				"north": {"uv": [8.5, 8.5, 9, 10.5], "texture": "#4"},
				"east": {"uv": [9, 1, 9.5, 3], "texture": "#4"},
				"south": {"uv": [9, 3, 9.5, 5], "texture": "#4"},
				"west": {"uv": [3.5, 9, 4, 11], "texture": "#4"},
				"up": {"uv": [10, 1.5, 9.5, 1], "texture": "#4"},
				"down": {"uv": [10, 1.5, 9.5, 2], "texture": "#4"}
			}
		}
	],
	"display": {
		"gui": {
			"rotation": [9, -20, 0],
			"translation": [0, 3, 0],
			"scale": [1.25, 1.25, 1.25]
		},
		"fixed": {
			"rotation": [-90, 0, 0],
			"translation": [0, 0, -16],
			"scale": [2, 2, 2]
		}
	}
}