{
	"credit": "Made with Blockbench",
	"textures": {
		"0": "plagiatus:item/villager/bronze",
		"1": "block/command_block_back",
		"particle": "plagiatus:item/villager/bronze"
	},
	"elements": [
		{
			"from": [5.43645, 6.4471, 6.22115],
			"to": [8.20355, 8.4236, 9.77885],
			"rotation": {"angle": 22.5, "axis": "y", "origin": [4.8376, 0, 4.8376]},
			"faces": {
				"north": {"uv": [1.5, 0.5, 8.5, 5.5], "texture": "#0"},
				"east": {"uv": [1.5, 0.5, 10.5, 5.5], "texture": "#0"},
				"south": {"uv": [1.5, 0.5, 8.5, 5.5], "texture": "#0"},
				"west": {"uv": [1.5, 0.5, 10.5, 5.5], "texture": "#0"},
				"up": {"uv": [1.5, 0.5, 8.5, 9.5], "texture": "#0"},
				"down": {"uv": [1.5, 0.5, 8.5, 9.5], "texture": "#0"}
			}
		},
		{
			"from": [5.2388, 6.4471, 5.82585],
			"to": [8.4012, 8.0283, 7.01175],
			"rotation": {"angle": 22.5, "axis": "y", "origin": [4.8376, 0, 4.8376]},
			"faces": {
				"north": {"uv": [1.5, 0.5, 9.5, 4.5], "texture": "#0"},
				"east": {"uv": [1.5, 0.5, 4.5, 4.5], "texture": "#0"},
				"south": {"uv": [1.5, 0.5, 9.5, 4.5], "texture": "#0"},
				"west": {"uv": [1.5, 0.5, 4.5, 4.5], "texture": "#0"},
				"up": {"uv": [1.5, 0.5, 9.5, 3.5], "texture": "#0"},
				"down": {"uv": [1.5, 0.5, 9.5, 3.5], "texture": "#0"}
			}
		},
		{
			"from": [5.43645, 8.4236, 6.61645],
			"to": [6.62235, 9.2142, 7.80235],
			"rotation": {"angle": 22.5, "axis": "y", "origin": [4.8376, 0, 4.8376]},
			"faces": {
				"north": {"uv": [1.5, 0.5, 4.5, 2.5], "texture": "#0"},
				"east": {"uv": [1.5, 0.5, 4.5, 2.5], "texture": "#0"},
				"south": {"uv": [1.5, 0.5, 4.5, 2.5], "texture": "#0"},
				"west": {"uv": [1.5, 0.5, 4.5, 2.5], "texture": "#0"},
				"up": {"uv": [1.5, 0.5, 4.5, 3.5], "texture": "#0"},
				"down": {"uv": [1.5, 0.5, 4.5, 3.5], "texture": "#0"}
			}
		},
		{
			"from": [7.01765, 8.4236, 6.61645],
			"to": [8.20355, 9.2142, 7.80235],
			"rotation": {"angle": 22.5, "axis": "y", "origin": [4.8376, 0, 4.8376]},
			"faces": {
				"north": {"uv": [1.5, 0.5, 4.5, 2.5], "texture": "#0"},
				"east": {"uv": [1.5, 0.5, 4.5, 2.5], "texture": "#0"},
				"south": {"uv": [1.5, 0.5, 4.5, 2.5], "texture": "#0"},
				"west": {"uv": [1.5, 0.5, 4.5, 2.5], "texture": "#0"},
				"up": {"uv": [1.5, 0.5, 4.5, 3.5], "texture": "#0"},
				"down": {"uv": [1.5, 0.5, 4.5, 3.5], "texture": "#0"}
			}
		},
		{
			"from": [8.20355, 6.0518, 6.4188],
			"to": [8.99415, 7.2377, 7.6047],
			"rotation": {"angle": 22.5, "axis": "y", "origin": [4.8376, 0, 4.8376]},
			"faces": {
				"north": {"uv": [1.5, 0.5, 3.5, 3.5], "texture": "#0"},
				"east": {"uv": [1.5, 0.5, 4.5, 3.5], "texture": "#0"},
				"south": {"uv": [1.5, 0.5, 3.5, 3.5], "texture": "#0"},
				"west": {"uv": [1.5, 0.5, 4.5, 3.5], "texture": "#0"},
				"up": {"uv": [1.5, 0.5, 3.5, 3.5], "texture": "#0"},
				"down": {"uv": [1.5, 0.5, 3.5, 3.5], "texture": "#0"}
			}
		},
		{
			"from": [8.20355, 6.0518, 8.3953],
			"to": [8.99415, 7.2377, 9.5812],
			"rotation": {"angle": 22.5, "axis": "y", "origin": [4.8376, 0, 4.8376]},
			"faces": {
				"north": {"uv": [1.5, 0.5, 3.5, 3.5], "texture": "#0"},
				"east": {"uv": [1.5, 0.5, 4.5, 3.5], "texture": "#0"},
				"south": {"uv": [1.5, 0.5, 3.5, 3.5], "texture": "#0"},
				"west": {"uv": [1.5, 0.5, 4.5, 3.5], "texture": "#0"},
				"up": {"uv": [1.5, 0.5, 3.5, 3.5], "texture": "#0"},
				"down": {"uv": [1.5, 0.5, 3.5, 3.5], "texture": "#0"}
			}
		},
		{
			"from": [4.64585, 6.0518, 8.3953],
			"to": [5.43645, 7.2377, 9.5812],
			"rotation": {"angle": 22.5, "axis": "y", "origin": [4.8376, 0, 4.8376]},
			"faces": {
				"north": {"uv": [1.5, 0.5, 3.5, 3.5], "texture": "#0"},
				"east": {"uv": [1.5, 0.5, 4.5, 3.5], "texture": "#0"},
				"south": {"uv": [1.5, 0.5, 3.5, 3.5], "texture": "#0"},
				"west": {"uv": [1.5, 0.5, 4.5, 3.5], "texture": "#0"},
				"up": {"uv": [1.5, 0.5, 3.5, 3.5], "texture": "#0"},
				"down": {"uv": [1.5, 0.5, 3.5, 3.5], "texture": "#0"}
			}
		},
		{
			"from": [4.64585, 6.0518, 6.4188],
			"to": [5.43645, 7.2377, 7.6047],
			"rotation": {"angle": 22.5, "axis": "y", "origin": [4.8376, 0, 4.8376]},
			"faces": {
				"north": {"uv": [1.5, 0.5, 3.5, 3.5], "texture": "#0"},
				"east": {"uv": [1.5, 0.5, 4.5, 3.5], "texture": "#0"},
				"south": {"uv": [1.5, 0.5, 3.5, 3.5], "texture": "#0"},
				"west": {"uv": [1.5, 0.5, 4.5, 3.5], "texture": "#0"},
				"up": {"uv": [1.5, 0.5, 3.5, 3.5], "texture": "#0"},
				"down": {"uv": [1.5, 0.5, 3.5, 3.5], "texture": "#0"}
			}
		},
		{
			"from": [7.41295, 6.0518, 6.0235],
			"to": [8.20355, 6.0518, 7.2094],
			"rotation": {"angle": 22.5, "axis": "y", "origin": [4.8376, 0, 4.8376]},
			"faces": {
				"north": {"uv": [1.5, 0.5, 3.5, 0.5], "texture": "#0"},
				"east": {"uv": [1.5, 0.5, 4.5, 0.5], "texture": "#0"},
				"south": {"uv": [1.5, 0.5, 3.5, 0.5], "texture": "#0"},
				"west": {"uv": [1.5, 0.5, 4.5, 0.5], "texture": "#0"},
				"up": {"uv": [1.5, 0.5, 3.5, 3.5], "texture": "#0"},
				"down": {"uv": [1.5, 0.5, 3.5, 3.5], "texture": "#0"}
			}
		},
		{
			"from": [5.43645, 6.0518, 6.0235],
			"to": [6.22705, 6.0518, 7.2094],
			"rotation": {"angle": 22.5, "axis": "y", "origin": [4.8376, 0, 4.8376]},
			"faces": {
				"north": {"uv": [1.5, 0.5, 3.5, 0.5], "texture": "#0"},
				"east": {"uv": [1.5, 0.5, 4.5, 0.5], "texture": "#0"},
				"south": {"uv": [1.5, 0.5, 3.5, 0.5], "texture": "#0"},
				"west": {"uv": [1.5, 0.5, 4.5, 0.5], "texture": "#0"},
				"up": {"uv": [1.5, 0.5, 3.5, 3.5], "texture": "#0"},
				"down": {"uv": [1.5, 0.5, 3.5, 3.5], "texture": "#0"}
			}
		},
		{
			"from": [8.99415, 6.0518, 8.7906],
			"to": [9.78475, 6.0518, 9.9765],
			"rotation": {"angle": 22.5, "axis": "y", "origin": [4.8376, 0, 4.8376]},
			"faces": {
				"north": {"uv": [1.5, 0.5, 3.5, 0.5], "texture": "#0"},
				"east": {"uv": [1.5, 0.5, 4.5, 0.5], "texture": "#0"},
				"south": {"uv": [1.5, 0.5, 3.5, 0.5], "texture": "#0"},
				"west": {"uv": [1.5, 0.5, 4.5, 0.5], "texture": "#0"},
				"up": {"uv": [1.5, 0.5, 3.5, 3.5], "texture": "#0"},
				"down": {"uv": [1.5, 0.5, 3.5, 3.5], "texture": "#0"}
			}
		},
		{
			"from": [3.85525, 6.0518, 8.7906],
			"to": [4.64585, 6.0518, 9.9765],
			"rotation": {"angle": 22.5, "axis": "y", "origin": [4.8376, 0, 4.8376]},
			"faces": {
				"north": {"uv": [1.5, 0.5, 3.5, 0.5], "texture": "#0"},
				"east": {"uv": [1.5, 0.5, 4.5, 0.5], "texture": "#0"},
				"south": {"uv": [1.5, 0.5, 3.5, 0.5], "texture": "#0"},
				"west": {"uv": [1.5, 0.5, 4.5, 0.5], "texture": "#0"},
				"up": {"uv": [1.5, 0.5, 3.5, 3.5], "texture": "#0"},
				"down": {"uv": [1.5, 0.5, 3.5, 3.5], "texture": "#0"}
			}
		},
		{
			"from": [5, 0, 4],
			"to": [11, 6, 10],
			"faces": {
				"north": {"uv": [0, 0, 16, 16], "texture": "#1"},
				"east": {"uv": [0, 0, 16, 16], "texture": "#1"},
				"south": {"uv": [0, 0, 16, 16], "texture": "#1"},
				"west": {"uv": [0, 0, 16, 16], "texture": "#1"},
				"up": {"uv": [0, 0, 16, 16], "texture": "#1"},
				"down": {"uv": [0, 0, 16, 16], "texture": "#1"}
			}
		}
	],
	"display": {
		"gui": {
			"rotation": [17, 140, 0],
			"translation": [1, 5.5, 0],
			"scale": [1.5, 1.5, 1.5]
		},
		"fixed": {
			"rotation": [-90, 0, 0],
			"translation": [0, 0, -20.5],
			"scale": [2.5, 2.5, 2.5]
		}
	},
	"groups": [
		{
			"name": "group",
			"origin": [4.8376, 0, 4.8376],
			"color": 0,
			"children": [0, 1, 2, 3, 4, 5, 6, 7, 8, 9, 10, 11]
		},
		12
	]
}