{
	"credit": "Made by TheWaschtlPlays using Blockbench",
	"parent": "minecraft:block/template_chiseled_bookshelf_slot_bottom_left",
	"textures": {
		"texture": "block/chiseled_bookshelf_occupied"
	},
	"elements": [
		{
			"from": [6, 12, 0.25],
			"to": [10, 13, 0.5],
			"faces": {
				"north": {"uv": [1, 11, 5, 12], "texture": "#texture", "cullface": "north"},
				"east": {"uv": [1, 11, 2, 12], "texture": "#texture", "cullface": "north"},
				"west": {"uv": [4, 11, 5, 12], "texture": "#texture", "cullface": "north"},
				"up": {"uv": [1, 11, 5, 12], "rotation": 180, "texture": "#texture", "cullface": "north"},
				"down": {"uv": [1, 11, 5, 12], "rotation": 180, "texture": "#texture", "cullface": "north"}
			}
		},
		{
			"from": [6, 9, 0.5],
			"to": [10, 15, 1],
			"faces": {
				"north": {"uv": [1, 9, 5, 15], "texture": "#texture", "cullface": "north"},
				"east": {"uv": [1, 9, 2, 15], "texture": "#texture", "cullface": "north"},
				"west": {"uv": [4, 9, 5, 15], "texture": "#texture", "cullface": "north"}
			}
		}
	],
	"groups": [
		{
			"name": "book",
			"origin": [0, 0, 0],
			"color": 0,
			"children": [0, 1]
		}
	]
}