{
	"credit": "Made by TheWaschtlPlays using Blockbench",
	"parent": "minecraft:block/template_chiseled_bookshelf_slot_top_right",
	"textures": {
		"texture": "block/chiseled_bookshelf_occupied"
	},
	"elements": [
		{
			"from": [11, 1, 0.75],
			"to": [15, 7, 1],
			"faces": {
				"north": {"uv": [11, 1, 15, 7], "texture": "#texture", "cullface": "north"},
				"west": {"uv": [14, 1, 15, 7], "texture": "#texture", "cullface": "north"}
			}
		}
	],
	"groups": [
		{
			"name": "book",
			"origin": [0, 0, 0],
			"color": 0,
			"children": [0]
		}
	]
}