{
	"credit": "Made with Blockbench",
	"texture_size": [64, 64],
	"textures": {
		"0": "checkmc:item/billyskin"
	},
	"elements": [
		{
			"name": "Head",
			"from": [4, 16, 4],
			"to": [12, 24, 12],
			"rotation": {"angle": 22.5, "axis": "x", "origin": [8, 19.75, 7]},
			"faces": {
				"north": {"uv": [2, 2, 4, 4], "texture": "#0"},
				"east": {"uv": [0, 2, 2, 4], "texture": "#0"},
				"south": {"uv": [6, 2, 8, 4], "texture": "#0"},
				"west": {"uv": [4, 2, 6, 4], "texture": "#0"},
				"up": {"uv": [4, 2, 2, 0], "texture": "#0"},
				"down": {"uv": [6, 0, 4, 2], "texture": "#0"}
			}
		},
		{
			"name": "Hat Layer",
			"from": [3.5, 15, 3.5],
			"to": [12.5, 24, 12.5],
			"rotation": {"angle": 22.5, "axis": "x", "origin": [8, 19.75, 7]},
			"faces": {
				"north": {"uv": [10, 2, 12, 4], "texture": "#0"},
				"east": {"uv": [8, 2, 10, 4], "texture": "#0"},
				"south": {"uv": [14, 2, 16, 4], "texture": "#0"},
				"west": {"uv": [12, 2, 14, 4], "texture": "#0"},
				"up": {"uv": [12, 2, 10, 0], "texture": "#0"},
				"down": {"uv": [14, 0, 12, 2], "texture": "#0"}
			}
		},
		{
			"name": "Body",
			"from": [3.75, 3.75, 5],
			"to": [11.75, 15.75, 9],
			"rotation": {"angle": 22.5, "axis": "y", "origin": [8, 10, 7]},
			"faces": {
				"north": {"uv": [5, 5, 7, 8], "texture": "#0"},
				"east": {"uv": [4, 5, 5, 8], "texture": "#0"},
				"south": {"uv": [8, 5, 10, 8], "texture": "#0"},
				"west": {"uv": [7, 5, 8, 8], "texture": "#0"},
				"up": {"uv": [7, 5, 5, 4], "texture": "#0"},
				"down": {"uv": [9, 4, 7, 5], "texture": "#0"}
			}
		},
		{
			"name": "Body Layer",
			"from": [3.5, 3.5, 4.75],
			"to": [12, 16, 9.25],
			"rotation": {"angle": 22.5, "axis": "y", "origin": [8, 10, 7]},
			"faces": {
				"north": {"uv": [5, 9, 7, 12], "texture": "#0"},
				"east": {"uv": [4, 9, 5, 12], "texture": "#0"},
				"south": {"uv": [8, 9, 10, 12], "texture": "#0"},
				"west": {"uv": [7, 9, 8, 12], "texture": "#0"},
				"up": {"uv": [7, 9, 5, 8], "texture": "#0"},
				"down": {"uv": [9, 8, 7, 9], "texture": "#0"}
			}
		},
		{
			"name": "Right Arm",
			"from": [12, 14, 5],
			"to": [16, 26, 9],
			"rotation": {"angle": -22.5, "axis": "z", "origin": [14, 15, 7]},
			"faces": {
				"north": {"uv": [11, 5, 12, 8], "rotation": 180, "texture": "#0"},
				"east": {"uv": [12, 5, 13, 8], "rotation": 180, "texture": "#0"},
				"south": {"uv": [13, 5, 14, 8], "rotation": 180, "texture": "#0"},
				"west": {"uv": [10, 5, 11, 8], "rotation": 180, "texture": "#0"},
				"up": {"uv": [13, 4, 12, 5], "rotation": 180, "texture": "#0"},
				"down": {"uv": [12, 5, 11, 4], "rotation": 180, "texture": "#0"}
			}
		},
		{
			"name": "Right Arm Layer",
			"from": [11.75, 13.75, 4.75],
			"to": [16.25, 26.25, 9.25],
			"rotation": {"angle": -22.5, "axis": "z", "origin": [14, 15, 7]},
			"faces": {
				"north": {"uv": [11, 9, 12, 12], "rotation": 180, "texture": "#0"},
				"east": {"uv": [12, 9, 13, 12], "rotation": 180, "texture": "#0"},
				"south": {"uv": [13, 9, 14, 12], "rotation": 180, "texture": "#0"},
				"west": {"uv": [10, 9, 11, 12], "rotation": 180, "texture": "#0"},
				"up": {"uv": [13, 8, 12, 9], "rotation": 180, "texture": "#0"},
				"down": {"uv": [12, 9, 11, 8], "rotation": 180, "texture": "#0"}
			}
		},
		{
			"name": "Left Arm",
			"from": [0, 15, 7],
			"to": [4, 27, 11],
			"rotation": {"angle": 22.5, "axis": "z", "origin": [2, 16, 7]},
			"faces": {
				"north": {"uv": [9, 13, 10, 16], "rotation": 180, "texture": "#0"},
				"east": {"uv": [10, 13, 11, 16], "rotation": 180, "texture": "#0"},
				"south": {"uv": [11, 13, 12, 16], "rotation": 180, "texture": "#0"},
				"west": {"uv": [8, 13, 9, 16], "rotation": 180, "texture": "#0"},
				"up": {"uv": [11, 12, 10, 13], "rotation": 180, "texture": "#0"},
				"down": {"uv": [10, 13, 9, 12], "rotation": 180, "texture": "#0"}
			}
		},
		{
			"name": "Left Arm Layer",
			"from": [-0.25, 14.75, 6.75],
			"to": [4.25, 27.25, 11.25],
			"rotation": {"angle": 22.5, "axis": "z", "origin": [2, 16, 7]},
			"faces": {
				"north": {"uv": [13, 13, 14, 16], "rotation": 180, "texture": "#0"},
				"east": {"uv": [14, 13, 15, 16], "rotation": 180, "texture": "#0"},
				"south": {"uv": [15, 13, 16, 16], "rotation": 180, "texture": "#0"},
				"west": {"uv": [12, 13, 13, 16], "rotation": 180, "texture": "#0"},
				"up": {"uv": [15, 12, 14, 13], "rotation": 180, "texture": "#0"},
				"down": {"uv": [14, 13, 13, 12], "rotation": 180, "texture": "#0"}
			}
		},
		{
			"name": "Right Leg",
			"from": [8.4, -8, 4],
			"to": [12.4, 4, 8],
			"rotation": {"angle": 22.5, "axis": "y", "origin": [9.9, -2, 7]},
			"faces": {
				"north": {"uv": [1, 5, 2, 8], "texture": "#0"},
				"east": {"uv": [0, 5, 1, 8], "texture": "#0"},
				"south": {"uv": [3, 5, 4, 8], "texture": "#0"},
				"west": {"uv": [2, 5, 3, 8], "texture": "#0"},
				"up": {"uv": [2, 5, 1, 4], "texture": "#0"},
				"down": {"uv": [3, 4, 2, 5], "texture": "#0"}
			}
		},
		{
			"name": "Right Leg Layer",
			"from": [8.15, -8.25, 3.75],
			"to": [12.65, 4.25, 8.25],
			"rotation": {"angle": 22.5, "axis": "y", "origin": [9.9, -2, 7]},
			"faces": {
				"north": {"uv": [1, 9, 2, 12], "texture": "#0"},
				"east": {"uv": [0, 9, 1, 12], "texture": "#0"},
				"south": {"uv": [3, 9, 4, 12], "texture": "#0"},
				"west": {"uv": [2, 9, 3, 12], "texture": "#0"},
				"up": {"uv": [2, 9, 1, 8], "texture": "#0"},
				"down": {"uv": [3, 8, 2, 9], "texture": "#0"}
			}
		},
		{
			"name": "Left Leg",
			"from": [2.11956, -8.15851, 7.5],
			"to": [6.11956, 3.84149, 11.5],
			"rotation": {"angle": 45, "axis": "y", "origin": [2.86956, -2.15851, 7]},
			"faces": {
				"north": {"uv": [5, 13, 6, 16], "texture": "#0"},
				"east": {"uv": [4, 13, 5, 16], "texture": "#0"},
				"south": {"uv": [7, 13, 8, 16], "texture": "#0"},
				"west": {"uv": [6, 13, 7, 16], "texture": "#0"},
				"up": {"uv": [6, 13, 5, 12], "texture": "#0"},
				"down": {"uv": [7, 12, 6, 13], "texture": "#0"}
			}
		},
		{
			"name": "Left Leg Layer",
			"from": [1.86956, -8.40851, 7.25],
			"to": [6.36956, 4.09149, 11.75],
			"rotation": {"angle": 45, "axis": "y", "origin": [2.86956, -2.15851, 7]},
			"faces": {
				"north": {"uv": [1, 13, 2, 16], "texture": "#0"},
				"east": {"uv": [0, 13, 1, 16], "texture": "#0"},
				"south": {"uv": [3, 13, 4, 16], "texture": "#0"},
				"west": {"uv": [2, 13, 3, 16], "texture": "#0"},
				"up": {"uv": [2, 13, 1, 12], "texture": "#0"},
				"down": {"uv": [3, 12, 2, 13], "texture": "#0"}
			}
		}
	],
	"groups": [
		{
			"name": "Head",
			"origin": [0, 24, 0],
			"rotation": [6, -5, 0],
			"color": 0,
			"nbt": "{}",
			"children": [0, 1]
		},
		{
			"name": "Body",
			"origin": [0, 24, 0],
			"color": 0,
			"nbt": "{}",
			"children": [2, 3]
		},
		{
			"name": "Right Arm",
			"origin": [5, 22, 0],
			"rotation": [10, 0, 0],
			"color": 0,
			"nbt": "{}",
			"children": [4, 5]
		},
		{
			"name": "Left Arm",
			"origin": [-5, 22, 0],
			"rotation": [-12, 0, 0],
			"color": 0,
			"nbt": "{}",
			"children": [6, 7]
		},
		{
			"name": "Right Leg",
			"origin": [1.9, 12, 0],
			"rotation": [-11, 0, 2],
			"color": 0,
			"nbt": "{}",
			"children": [8, 9]
		},
		{
			"name": "Left Leg",
			"origin": [-1.9, 12, 0],
			"rotation": [10, 0, -2],
			"color": 0,
			"nbt": "{}",
			"children": [10, 11]
		}
	]
}