{
	"credit": "Made with Blockbench",
	"texture_size": [64, 64],
	"textures": {
		"0": "checkmc:item/calverin"
	},
	"elements": [
		{
			"name": "Head",
			"from": [3, 17, 5],
			"to": [11, 25, 13],
			"rotation": {"angle": 22.5, "axis": "x", "origin": [7, 19.75, 7]},
			"faces": {
				"north": {"uv": [2, 2, 4, 4], "texture": "#0"},
				"east": {"uv": [0, 2, 2, 4], "texture": "#0"},
				"south": {"uv": [6, 2, 8, 4], "texture": "#0"},
				"west": {"uv": [4, 2, 6, 4], "texture": "#0"},
				"up": {"uv": [4, 2, 2, 0], "texture": "#0"},
				"down": {"uv": [6, 0, 4, 2], "texture": "#0"}
			}
		},
		{
			"name": "Hat Layer",
			"from": [2.5, 16.25, 4.75],
			"to": [11.5, 25.25, 13.75],
			"rotation": {"angle": 22.5, "axis": "x", "origin": [7, 19.75, 7]},
			"faces": {
				"north": {"uv": [10, 2, 12, 4], "texture": "#0"},
				"east": {"uv": [8, 2, 10, 4], "texture": "#0"},
				"south": {"uv": [14, 2, 16, 4], "texture": "#0"},
				"west": {"uv": [12, 2, 14, 4], "texture": "#0"},
				"up": {"uv": [12, 2, 10, 0], "texture": "#0"},
				"down": {"uv": [14, 0, 12, 2], "texture": "#0"}
			}
		},
		{
			"name": "Body",
			"from": [3, 4, 5],
			"to": [11, 16, 9],
			"rotation": {"angle": 0, "axis": "y", "origin": [7, 10, 7]},
			"faces": {
				"north": {"uv": [5, 5, 7, 8], "texture": "#0"},
				"east": {"uv": [4, 5, 5, 8], "texture": "#0"},
				"south": {"uv": [8, 5, 10, 8], "texture": "#0"},
				"west": {"uv": [7, 5, 8, 8], "texture": "#0"},
				"up": {"uv": [7, 5, 5, 4], "texture": "#0"},
				"down": {"uv": [9, 4, 7, 5], "texture": "#0"}
			}
		},
		{
			"name": "Body Layer",
			"from": [2.75, 3.75, 4.75],
			"to": [11.25, 16.25, 9.25],
			"rotation": {"angle": 0, "axis": "y", "origin": [7, 10, 7]},
			"faces": {
				"north": {"uv": [5, 9, 7, 12], "texture": "#0"},
				"east": {"uv": [4, 9, 5, 12], "texture": "#0"},
				"south": {"uv": [8, 9, 10, 12], "texture": "#0"},
				"west": {"uv": [7, 9, 8, 12], "texture": "#0"},
				"up": {"uv": [7, 9, 5, 8], "texture": "#0"},
				"down": {"uv": [9, 8, 7, 9], "texture": "#0"}
			}
		},
		{
			"name": "Right Arm",
			"from": [11.02164, 3.62327, 5.65275],
			"to": [15.02164, 15.62327, 9.65275],
			"rotation": {"angle": 0, "axis": "x", "origin": [13.02164, 9.62327, 8.65275]},
			"faces": {
				"north": {"uv": [11, 5, 12, 8], "texture": "#0"},
				"east": {"uv": [10, 5, 11, 8], "texture": "#0"},
				"south": {"uv": [13, 5, 14, 8], "texture": "#0"},
				"west": {"uv": [12, 5, 13, 8], "texture": "#0"},
				"up": {"uv": [12, 5, 11, 4], "texture": "#0"},
				"down": {"uv": [13, 4, 12, 5], "texture": "#0"}
			}
		},
		{
			"name": "Right Arm Layer",
			"from": [10.77164, 3.37327, 5.40275],
			"to": [15.27164, 15.87327, 9.90275],
			"rotation": {"angle": 0, "axis": "x", "origin": [13.02164, 9.62327, 8.65275]},
			"faces": {
				"north": {"uv": [11, 9, 12, 12], "texture": "#0"},
				"east": {"uv": [10, 9, 11, 12], "texture": "#0"},
				"south": {"uv": [13, 9, 14, 12], "texture": "#0"},
				"west": {"uv": [12, 9, 13, 12], "texture": "#0"},
				"up": {"uv": [12, 9, 11, 8], "texture": "#0"},
				"down": {"uv": [13, 8, 12, 9], "texture": "#0"}
			}
		},
		{
			"name": "Left Arm",
			"from": [-0.96508, 3.68925, 5.5],
			"to": [3.03492, 15.68925, 9.5],
			"rotation": {"angle": 0, "axis": "x", "origin": [1.03492, 9.68925, 6]},
			"faces": {
				"north": {"uv": [9, 13, 10, 16], "texture": "#0"},
				"east": {"uv": [8, 13, 9, 16], "texture": "#0"},
				"south": {"uv": [11, 13, 12, 16], "texture": "#0"},
				"west": {"uv": [10, 13, 11, 16], "texture": "#0"},
				"up": {"uv": [10, 13, 9, 12], "texture": "#0"},
				"down": {"uv": [11, 12, 10, 13], "texture": "#0"}
			}
		},
		{
			"name": "Left Arm Layer",
			"from": [-1.21508, 3.43925, 5.25],
			"to": [3.28492, 15.93925, 9.75],
			"rotation": {"angle": 0, "axis": "x", "origin": [1.03492, 9.68925, 6]},
			"faces": {
				"north": {"uv": [13, 13, 14, 16], "texture": "#0"},
				"east": {"uv": [12, 13, 13, 16], "texture": "#0"},
				"south": {"uv": [15, 13, 16, 16], "texture": "#0"},
				"west": {"uv": [14, 13, 15, 16], "texture": "#0"},
				"up": {"uv": [14, 13, 13, 12], "texture": "#0"},
				"down": {"uv": [15, 12, 14, 13], "texture": "#0"}
			}
		},
		{
			"name": "Right Leg",
			"from": [6.9, -8, 5],
			"to": [10.9, 4, 9],
			"rotation": {"angle": 0, "axis": "y", "origin": [8.9, -2, 7]},
			"faces": {
				"north": {"uv": [1, 5, 2, 8], "texture": "#0"},
				"east": {"uv": [0, 5, 1, 8], "texture": "#0"},
				"south": {"uv": [3, 5, 4, 8], "texture": "#0"},
				"west": {"uv": [2, 5, 3, 8], "texture": "#0"},
				"up": {"uv": [2, 5, 1, 4], "texture": "#0"},
				"down": {"uv": [3, 4, 2, 5], "texture": "#0"}
			}
		},
		{
			"name": "Right Leg Layer",
			"from": [6.65, -8.25, 4.75],
			"to": [11.15, 4.25, 9.25],
			"rotation": {"angle": 0, "axis": "y", "origin": [8.9, -2, 7]},
			"faces": {
				"north": {"uv": [1, 9, 2, 12], "texture": "#0"},
				"east": {"uv": [0, 9, 1, 12], "texture": "#0"},
				"south": {"uv": [3, 9, 4, 12], "texture": "#0"},
				"west": {"uv": [2, 9, 3, 12], "texture": "#0"},
				"up": {"uv": [2, 9, 1, 8], "texture": "#0"},
				"down": {"uv": [3, 8, 2, 9], "texture": "#0"}
			}
		},
		{
			"name": "Left Leg",
			"from": [3.1, -9, 2],
			"to": [7.1, 3, 6],
			"rotation": {"angle": 22.5, "axis": "x", "origin": [5.1, -2, 6]},
			"faces": {
				"north": {"uv": [5, 13, 6, 16], "texture": "#0"},
				"east": {"uv": [4, 13, 5, 16], "texture": "#0"},
				"south": {"uv": [7, 13, 8, 16], "texture": "#0"},
				"west": {"uv": [6, 13, 7, 16], "texture": "#0"},
				"up": {"uv": [6, 13, 5, 12], "texture": "#0"},
				"down": {"uv": [7, 12, 6, 13], "texture": "#0"}
			}
		},
		{
			"name": "Left Leg Layer",
			"from": [2.85, -9.25, 1.75],
			"to": [7.35, 3.25, 6.25],
			"rotation": {"angle": 22.5, "axis": "x", "origin": [5.1, -2, 6]},
			"faces": {
				"north": {"uv": [1, 13, 2, 16], "texture": "#0"},
				"east": {"uv": [0, 13, 1, 16], "texture": "#0"},
				"south": {"uv": [3, 13, 4, 16], "texture": "#0"},
				"west": {"uv": [2, 13, 3, 16], "texture": "#0"},
				"up": {"uv": [2, 13, 1, 12], "texture": "#0"},
				"down": {"uv": [3, 12, 2, 13], "texture": "#0"}
			}
		}
	],
	"groups": [
		{
			"name": "Head",
			"origin": [0, 24, 0],
			"rotation": [6, -5, 0],
			"color": 0,
			"nbt": "{}",
			"children": [0, 1]
		},
		{
			"name": "Body",
			"origin": [0, 24, 0],
			"color": 0,
			"nbt": "{}",
			"children": [2, 3]
		},
		{
			"name": "Right Arm",
			"origin": [5, 22, 0],
			"rotation": [10, 0, 0],
			"color": 0,
			"nbt": "{}",
			"children": [4, 5]
		},
		{
			"name": "Left Arm",
			"origin": [-5, 22, 0],
			"rotation": [-12, 0, 0],
			"color": 0,
			"nbt": "{}",
			"children": [6, 7]
		},
		{
			"name": "Right Leg",
			"origin": [1.9, 12, 0],
			"rotation": [-11, 0, 2],
			"color": 0,
			"nbt": "{}",
			"children": [8, 9]
		},
		{
			"name": "Left Leg",
			"origin": [-1.9, 12, 0],
			"rotation": [10, 0, -2],
			"color": 0,
			"nbt": "{}",
			"children": [10, 11]
		}
	]
}