{
	"credit": "Made with Blockbench",
	"texture_size": [64, 64],
	"textures": {
		"0": "checkmc:item/quackleb"
	},
	"elements": [
		{
			"name": "Head",
			"from": [3, 13.75, 8.25],
			"to": [11, 21.75, 16.25],
			"rotation": {"angle": -22.5, "axis": "x", "origin": [7, 21.75, 9]},
			"faces": {
				"north": {"uv": [6, 0, 4, 2], "rotation": 180, "texture": "#0"},
				"east": {"uv": [0, 2, 2, 4], "rotation": 270, "texture": "#0"},
				"south": {"uv": [4, 2, 2, 0], "texture": "#0"},
				"west": {"uv": [4, 2, 6, 4], "rotation": 90, "texture": "#0"},
				"up": {"uv": [2, 2, 4, 4], "rotation": 180, "texture": "#0"},
				"down": {"uv": [6, 2, 8, 4], "texture": "#0"}
			}
		},
		{
			"name": "Hat Layer",
			"from": [2.5, 13.25, 7.5],
			"to": [11.5, 22.25, 16.5],
			"rotation": {"angle": -22.5, "axis": "x", "origin": [7, 21.75, 9]},
			"faces": {
				"north": {"uv": [14, 0, 12, 2], "rotation": 180, "texture": "#0"},
				"east": {"uv": [8, 2, 10, 4], "rotation": 270, "texture": "#0"},
				"south": {"uv": [12, 2, 10, 0], "texture": "#0"},
				"west": {"uv": [12, 2, 14, 4], "rotation": 90, "texture": "#0"},
				"up": {"uv": [10, 2, 12, 4], "rotation": 180, "texture": "#0"},
				"down": {"uv": [14, 2, 16, 4], "texture": "#0"}
			}
		},
		{
			"name": "Body",
			"from": [3, 6, 7],
			"to": [11, 18, 11],
			"faces": {
				"north": {"uv": [5, 5, 7, 8], "texture": "#0"},
				"east": {"uv": [4, 5, 5, 8], "texture": "#0"},
				"south": {"uv": [8, 5, 10, 8], "texture": "#0"},
				"west": {"uv": [7, 5, 8, 8], "texture": "#0"},
				"up": {"uv": [7, 5, 5, 4], "texture": "#0"},
				"down": {"uv": [9, 4, 7, 5], "texture": "#0"}
			}
		},
		{
			"name": "Body Layer",
			"from": [2.75, 5.75, 6.75],
			"to": [11.25, 18.25, 11.25],
			"faces": {
				"north": {"uv": [5, 9, 7, 12], "texture": "#0"},
				"east": {"uv": [4, 9, 5, 12], "texture": "#0"},
				"south": {"uv": [8, 9, 10, 12], "texture": "#0"},
				"west": {"uv": [7, 9, 8, 12], "texture": "#0"},
				"up": {"uv": [7, 9, 5, 8], "texture": "#0"},
				"down": {"uv": [9, 8, 7, 9], "texture": "#0"}
			}
		},
		{
			"name": "Right Arm",
			"from": [11, 17, 7],
			"to": [14, 29, 11],
			"rotation": {"angle": -22.5, "axis": "z", "origin": [12.5, 18, 9]},
			"faces": {
				"north": {"uv": [11, 5, 11.75, 8], "rotation": 180, "texture": "#0"},
				"east": {"uv": [11.75, 5, 12.75, 8], "rotation": 180, "texture": "#0"},
				"south": {"uv": [12.75, 5, 13.5, 8], "rotation": 180, "texture": "#0"},
				"west": {"uv": [10, 5, 11, 8], "rotation": 180, "texture": "#0"},
				"up": {"uv": [12.5, 4, 11.75, 5], "rotation": 180, "texture": "#0"},
				"down": {"uv": [11.75, 5, 11, 4], "rotation": 180, "texture": "#0"}
			}
		},
		{
			"name": "Right Arm Layer",
			"from": [10.75, 16.75, 6.75],
			"to": [14.25, 29.25, 11.25],
			"rotation": {"angle": -22.5, "axis": "z", "origin": [12.5, 18, 9]},
			"faces": {
				"north": {"uv": [11, 9, 11.75, 12], "rotation": 180, "texture": "#0"},
				"east": {"uv": [11.75, 9, 12.75, 12], "rotation": 180, "texture": "#0"},
				"south": {"uv": [12.75, 9, 13.5, 12], "rotation": 180, "texture": "#0"},
				"west": {"uv": [10, 9, 11, 12], "rotation": 180, "texture": "#0"},
				"up": {"uv": [12.5, 8, 11.75, 9], "rotation": 180, "texture": "#0"},
				"down": {"uv": [11.75, 9, 11, 8], "rotation": 180, "texture": "#0"}
			}
		},
		{
			"name": "Left Arm",
			"from": [-0.25, 17, 7],
			"to": [2.75, 29, 11],
			"rotation": {"angle": 22.5, "axis": "z", "origin": [1.5, 18, 9]},
			"faces": {
				"north": {"uv": [9, 13, 9.75, 16], "rotation": 180, "texture": "#0"},
				"east": {"uv": [9.75, 13, 10.75, 16], "rotation": 180, "texture": "#0"},
				"south": {"uv": [10.75, 13, 11.5, 16], "rotation": 180, "texture": "#0"},
				"west": {"uv": [8, 13, 9, 16], "rotation": 180, "texture": "#0"},
				"up": {"uv": [10.5, 12, 9.75, 13], "rotation": 180, "texture": "#0"},
				"down": {"uv": [9.75, 13, 9, 12], "rotation": 180, "texture": "#0"}
			}
		},
		{
			"name": "Left Arm Layer",
			"from": [-0.5, 16.75, 6.75],
			"to": [3, 29.25, 11.25],
			"rotation": {"angle": 22.5, "axis": "z", "origin": [1.5, 18, 9]},
			"faces": {
				"north": {"uv": [13, 13, 13.75, 16], "rotation": 180, "texture": "#0"},
				"east": {"uv": [13.75, 13, 14.75, 16], "rotation": 180, "texture": "#0"},
				"south": {"uv": [14.75, 13, 15.5, 16], "rotation": 180, "texture": "#0"},
				"west": {"uv": [12, 13, 13, 16], "rotation": 180, "texture": "#0"},
				"up": {"uv": [14.5, 12, 13.75, 13], "rotation": 180, "texture": "#0"},
				"down": {"uv": [13.75, 13, 13, 12], "rotation": 180, "texture": "#0"}
			}
		},
		{
			"name": "Right Leg",
			"from": [6.9, -6, 7],
			"to": [10.9, 6, 11],
			"faces": {
				"north": {"uv": [1, 5, 2, 8], "texture": "#0"},
				"east": {"uv": [0, 5, 1, 8], "texture": "#0"},
				"south": {"uv": [3, 5, 4, 8], "texture": "#0"},
				"west": {"uv": [2, 5, 3, 8], "texture": "#0"},
				"up": {"uv": [2, 5, 1, 4], "texture": "#0"},
				"down": {"uv": [3, 4, 2, 5], "texture": "#0"}
			}
		},
		{
			"name": "Right Leg Layer",
			"from": [6.65, -6.25, 6.75],
			"to": [11.15, 6.25, 11.25],
			"faces": {
				"north": {"uv": [1, 9, 2, 12], "texture": "#0"},
				"east": {"uv": [0, 9, 1, 12], "texture": "#0"},
				"south": {"uv": [3, 9, 4, 12], "texture": "#0"},
				"west": {"uv": [2, 9, 3, 12], "texture": "#0"},
				"up": {"uv": [2, 9, 1, 8], "texture": "#0"},
				"down": {"uv": [3, 8, 2, 9], "texture": "#0"}
			}
		},
		{
			"name": "Left Leg",
			"from": [3.1, -6, 7],
			"to": [7.1, 6, 11],
			"faces": {
				"north": {"uv": [5, 13, 6, 16], "texture": "#0"},
				"east": {"uv": [4, 13, 5, 16], "texture": "#0"},
				"south": {"uv": [7, 13, 8, 16], "texture": "#0"},
				"west": {"uv": [6, 13, 7, 16], "texture": "#0"},
				"up": {"uv": [6, 13, 5, 12], "texture": "#0"},
				"down": {"uv": [7, 12, 6, 13], "texture": "#0"}
			}
		},
		{
			"name": "Left Leg Layer",
			"from": [2.85, -6.25, 6.75],
			"to": [7.35, 6.25, 11.25],
			"faces": {
				"north": {"uv": [1, 13, 2, 16], "texture": "#0"},
				"east": {"uv": [0, 13, 1, 16], "texture": "#0"},
				"south": {"uv": [3, 13, 4, 16], "texture": "#0"},
				"west": {"uv": [2, 13, 3, 16], "texture": "#0"},
				"up": {"uv": [2, 13, 1, 12], "texture": "#0"},
				"down": {"uv": [3, 12, 2, 13], "texture": "#0"}
			}
		}
	],
	"groups": [
		{
			"name": "Head",
			"origin": [0, 24, 0],
			"rotation": [6, -5, 0],
			"color": 0,
			"nbt": "{}",
			"children": [0, 1]
		},
		{
			"name": "Body",
			"origin": [0, 24, 0],
			"color": 0,
			"nbt": "{}",
			"children": [2, 3]
		},
		{
			"name": "Right Arm",
			"origin": [5, 22, 0],
			"rotation": [10, 0, 0],
			"color": 0,
			"nbt": "{}",
			"children": [4, 5]
		},
		{
			"name": "Left Arm",
			"origin": [-5, 22, 0],
			"rotation": [-12, 0, 0],
			"color": 0,
			"nbt": "{}",
			"children": [6, 7]
		},
		{
			"name": "Right Leg",
			"origin": [1.9, 12, 0],
			"rotation": [-11, 0, 2],
			"color": 0,
			"nbt": "{}",
			"children": [8, 9]
		},
		{
			"name": "Left Leg",
			"origin": [-1.9, 12, 0],
			"rotation": [10, 0, -2],
			"color": 0,
			"nbt": "{}",
			"children": [10, 11]
		}
	]
}