{
	"credit": "Made by playtrix using Blockbench",
	"ambientocclusion": false,
	"textures": {
		"0": "#crop",
		"particle": "#crop"
	},
	"elements": [
		{
			"from": [12.25, -1, 4],
			"to": [12.25, 15, 20],
			"rotation": {"angle": 45, "axis": "y", "origin": [13, 8, 12]},
			"shade": false,
			"faces": {
				"east": {"uv": [0, 0, 16, 16], "texture": "#0"},
				"west": {"uv": [16, 0, 0, 16], "texture": "#0"}
			}
		},
		{
			"from": [4.25, -1, 12],
			"to": [20.25, 15, 12],
			"rotation": {"angle": 45, "axis": "y", "origin": [13, 8, 12]},
			"shade": false,
			"faces": {
				"north": {"uv": [0, 0, 16, 16], "texture": "#0"},
				"south": {"uv": [16, 0, 0, 16], "texture": "#0"}
			}	
		}
	]
}