{
	"credit": "Made by TheWaschtlPlays using Blockbench",
	"textures": {
		"side": "custom_textures/cactus/cactus_side",
		"particle": "block/cactus_top",
		"top": "block/cactus_top",
		"bottom": "block/cactus_bottom"
	},
	"elements": [
		{
			"name": "Cactus",
			"from": [1, 0, 1],
			"to": [15, 16, 15],
			"faces": {
				"north": {"uv": [1, 0, 15, 16], "texture": "#side"},
				"east": {"uv": [1, 0, 15, 16], "texture": "#side"},
				"south": {"uv": [1, 0, 15, 16], "texture": "#side"},
				"west": {"uv": [1, 0, 15, 16], "texture": "#side"},
				"up": {"uv": [1, 1, 15, 15], "texture": "#top", "cullface": "up"},
				"down": {"uv": [1, 1, 15, 15], "texture": "#bottom", "cullface": "down"}
			}
		},
		{
			"name": "Cube",
			"from": [6, 16, 12],
			"to": [7, 16.25, 13],
			"faces": {
				"north": {"uv": [6, 12, 7, 12.25], "texture": "#top", "cullface": "up"},
				"east": {"uv": [6, 12, 7, 12.25], "texture": "#top", "cullface": "up"},
				"south": {"uv": [6, 12, 7, 12.25], "texture": "#top", "cullface": "up"},
				"west": {"uv": [6, 12, 7, 12.25], "texture": "#top", "cullface": "up"},
				"up": {"uv": [6, 12, 7, 13], "texture": "#top", "cullface": "up"}
			}
		},
		{
			"name": "Cube",
			"from": [4, 16, 3],
			"to": [5, 16.35, 4],
			"faces": {
				"north": {"uv": [4, 3, 5, 3.35], "texture": "#top", "cullface": "up"},
				"east": {"uv": [4, 3, 5, 3.35], "texture": "#top", "cullface": "up"},
				"south": {"uv": [4, 3, 5, 3.35], "texture": "#top", "cullface": "up"},
				"west": {"uv": [4, 3, 5, 3.35], "texture": "#top", "cullface": "up"},
				"up": {"uv": [4, 3, 5, 4], "texture": "#top", "cullface": "up"}
			}
		},
		{
			"name": "Cube",
			"from": [8, 16, 1],
			"to": [9, 16.25, 2],
			"faces": {
				"north": {"uv": [8, 1, 9, 1.25], "texture": "#top", "cullface": "up"},
				"east": {"uv": [8, 1, 9, 1.25], "texture": "#top", "cullface": "up"},
				"south": {"uv": [8, 1, 9, 1.25], "texture": "#top", "cullface": "up"},
				"west": {"uv": [8, 1, 9, 1.25], "texture": "#top", "cullface": "up"},
				"up": {"uv": [8, 1, 9, 2], "texture": "#top", "cullface": "up"}
			}
		},
		{
			"name": "Cube",
			"from": [7, 16, 4],
			"to": [8, 16.5, 5],
			"faces": {
				"north": {"uv": [7, 4, 8, 4.5], "texture": "#top", "cullface": "up"},
				"east": {"uv": [7, 4, 8, 4.5], "texture": "#top", "cullface": "up"},
				"south": {"uv": [7, 4, 8, 4.5], "texture": "#top", "cullface": "up"},
				"west": {"uv": [7, 4, 8, 4.5], "texture": "#top", "cullface": "up"},
				"up": {"uv": [7, 4, 8, 5], "texture": "#top", "cullface": "up"}
			}
		},
		{
			"name": "Cube",
			"from": [10, 16, 5],
			"to": [11, 16.75, 6],
			"faces": {
				"north": {"uv": [10, 5, 11, 5.75], "texture": "#top", "cullface": "up"},
				"east": {"uv": [10, 5, 11, 5.75], "texture": "#top", "cullface": "up"},
				"south": {"uv": [10, 5, 11, 5.75], "texture": "#top", "cullface": "up"},
				"west": {"uv": [10, 5, 11, 5.75], "texture": "#top", "cullface": "up"},
				"up": {"uv": [10, 5, 11, 6], "texture": "#top", "cullface": "up"}
			}
		},
		{
			"name": "Cube",
			"from": [2, 16, 6],
			"to": [3, 16.35, 7],
			"faces": {
				"north": {"uv": [2, 6, 3, 6.35], "texture": "#top", "cullface": "up"},
				"east": {"uv": [2, 6, 3, 6.35], "texture": "#top", "cullface": "up"},
				"south": {"uv": [2, 6, 3, 6.35], "texture": "#top", "cullface": "up"},
				"west": {"uv": [2, 6, 3, 6.35], "texture": "#top", "cullface": "up"},
				"up": {"uv": [2, 6, 3, 7], "texture": "#top", "cullface": "up"}
			}
		},
		{
			"name": "Cube",
			"from": [5, 16, 8],
			"to": [6, 16.75, 9],
			"faces": {
				"north": {"uv": [5, 8, 6, 8.75], "texture": "#top", "cullface": "up"},
				"east": {"uv": [5, 8, 6, 8.75], "texture": "#top", "cullface": "up"},
				"south": {"uv": [5, 8, 6, 8.75], "texture": "#top", "cullface": "up"},
				"west": {"uv": [5, 8, 6, 8.75], "texture": "#top", "cullface": "up"},
				"up": {"uv": [5, 8, 6, 9], "texture": "#top", "cullface": "up"}
			}
		},
		{
			"name": "Cube",
			"from": [9, 16, 9],
			"to": [10, 17, 10],
			"faces": {
				"north": {"uv": [9, 9, 10, 10], "texture": "#top", "cullface": "up"},
				"east": {"uv": [9, 9, 10, 10], "texture": "#top", "cullface": "up"},
				"south": {"uv": [9, 9, 10, 10], "texture": "#top", "cullface": "up"},
				"west": {"uv": [9, 9, 10, 10], "texture": "#top", "cullface": "up"},
				"up": {"uv": [9, 9, 10, 10], "texture": "#top", "cullface": "up"}
			}
		},
		{
			"name": "Cube",
			"from": [12, 16, 9],
			"to": [13, 16.5, 10],
			"faces": {
				"north": {"uv": [12, 9, 13, 9.5], "texture": "#top", "cullface": "up"},
				"east": {"uv": [12, 9, 13, 9.5], "texture": "#top", "cullface": "up"},
				"south": {"uv": [12, 9, 13, 9.5], "texture": "#top", "cullface": "up"},
				"west": {"uv": [12, 9, 13, 9.5], "texture": "#top", "cullface": "up"},
				"up": {"uv": [12, 9, 13, 10], "texture": "#top", "cullface": "up"}
			}
		},
		{
			"name": "Cube",
			"from": [12, 16, 12],
			"to": [13, 16.3, 13],
			"faces": {
				"north": {"uv": [12, 12, 13, 12.3], "texture": "#top", "cullface": "up"},
				"east": {"uv": [12, 12, 13, 12.3], "texture": "#top", "cullface": "up"},
				"south": {"uv": [12, 12, 13, 12.3], "texture": "#top", "cullface": "up"},
				"west": {"uv": [12, 12, 13, 12.3], "texture": "#top", "cullface": "up"},
				"up": {"uv": [12, 12, 13, 13], "texture": "#top", "cullface": "up"}
			}
		},
		{
			"name": "Spike",
			"from": [5, 1, 0],
			"to": [6, 2, 1],
			"faces": {
				"north": {"uv": [9, 9, 10, 10], "texture": "#top"},
				"east": {"uv": [9, 9, 10, 10], "texture": "#top"},
				"west": {"uv": [9, 9, 10, 10], "texture": "#top"},
				"up": {"uv": [9, 9, 10, 10], "texture": "#top"},
				"down": {"uv": [9, 9, 10, 10], "texture": "#top"}
			}
		},
		{
			"name": "Spike",
			"from": [10, 5, 0.25],
			"to": [11, 6, 1],
			"faces": {
				"north": {"uv": [10, 5, 11, 6], "texture": "#top"},
				"east": {"uv": [10, 5, 11, 6], "texture": "#top"},
				"west": {"uv": [10, 5, 11, 6], "texture": "#top"},
				"up": {"uv": [10, 5, 11, 6], "texture": "#top"},
				"down": {"uv": [10, 5, 11, 6], "texture": "#top"}
			}
		},
		{
			"name": "Spike",
			"from": [14, 3, 0.5],
			"to": [15, 4, 1],
			"faces": {
				"north": {"uv": [2, 6, 3, 7], "texture": "#top"},
				"east": {"uv": [2, 6, 3, 7], "texture": "#top"},
				"west": {"uv": [2, 6, 3, 7], "texture": "#top"},
				"up": {"uv": [2, 6, 3, 7], "texture": "#top"},
				"down": {"uv": [2, 6, 3, 7], "texture": "#top"}
			}
		},
		{
			"name": "Spike",
			"from": [8, 9, 0.25],
			"to": [9, 10, 1],
			"faces": {
				"north": {"uv": [7, 4, 8, 5], "texture": "#top"},
				"east": {"uv": [7, 4, 8, 5], "texture": "#top"},
				"west": {"uv": [7, 4, 8, 5], "texture": "#top"},
				"up": {"uv": [7, 4, 8, 5], "texture": "#top"},
				"down": {"uv": [7, 4, 8, 5], "texture": "#top"}
			}
		},
		{
			"name": "Spike",
			"from": [1, 5, 0.625],
			"to": [2, 6, 1],
			"faces": {
				"north": {"uv": [9, 9, 10, 10], "texture": "#top"},
				"east": {"uv": [9, 9, 10, 10], "texture": "#top"},
				"west": {"uv": [9, 9, 10, 10], "texture": "#top"},
				"up": {"uv": [9, 9, 10, 10], "texture": "#top"},
				"down": {"uv": [9, 9, 10, 10], "texture": "#top"}
			}
		},
		{
			"name": "Spike",
			"from": [1, 10, 0.5],
			"to": [2, 11, 1],
			"faces": {
				"north": {"uv": [12, 12, 13, 13], "texture": "#top"},
				"east": {"uv": [12, 12, 13, 13], "texture": "#top"},
				"west": {"uv": [12, 12, 13, 13], "texture": "#top"},
				"up": {"uv": [12, 12, 13, 13], "texture": "#top"},
				"down": {"uv": [12, 12, 13, 13], "texture": "#top"}
			}
		},
		{
			"name": "Spike",
			"from": [1, 14, 0.75],
			"to": [2, 15, 1],
			"faces": {
				"north": {"uv": [8, 1, 9, 2], "texture": "#top"},
				"east": {"uv": [8, 1, 9, 2], "texture": "#top"},
				"west": {"uv": [8, 1, 9, 2], "texture": "#top"},
				"up": {"uv": [8, 1, 9, 2], "texture": "#top"},
				"down": {"uv": [8, 1, 9, 2], "texture": "#top"}
			}
		},
		{
			"name": "Spike",
			"from": [10, 14, 0.25],
			"to": [11, 15, 1],
			"faces": {
				"north": {"uv": [8, 1, 9, 2], "texture": "#top"},
				"east": {"uv": [8, 1, 9, 2], "texture": "#top"},
				"west": {"uv": [8, 1, 9, 2], "texture": "#top"},
				"up": {"uv": [8, 1, 9, 2], "texture": "#top"},
				"down": {"uv": [8, 1, 9, 2], "texture": "#top"}
			}
		},
		{
			"name": "Spike",
			"from": [14, 13, 0.625],
			"to": [15, 14, 1],
			"faces": {
				"north": {"uv": [4, 3, 5, 4], "texture": "#top"},
				"east": {"uv": [4, 3, 5, 4], "texture": "#top"},
				"west": {"uv": [4, 3, 5, 4], "texture": "#top"},
				"up": {"uv": [4, 3, 5, 4], "texture": "#top"},
				"down": {"uv": [4, 3, 5, 4], "texture": "#top"}
			}
		},
		{
			"name": "Spike",
			"from": [5, 12, 0],
			"to": [6, 13, 1],
			"faces": {
				"north": {"uv": [10, 5, 11, 6], "texture": "#top"},
				"east": {"uv": [10, 5, 11, 6], "texture": "#top"},
				"west": {"uv": [10, 5, 11, 6], "texture": "#top"},
				"up": {"uv": [10, 5, 11, 6], "texture": "#top"},
				"down": {"uv": [10, 5, 11, 6], "texture": "#top"}
			}
		},
		{
			"name": "Spike",
			"from": [0, 1, 10],
			"to": [1, 2, 11],
			"faces": {
				"north": {"uv": [9, 9, 10, 10], "texture": "#top"},
				"south": {"uv": [9, 9, 10, 10], "texture": "#top"},
				"west": {"uv": [9, 9, 10, 10], "texture": "#top"},
				"up": {"uv": [9, 9, 10, 10], "rotation": 270, "texture": "#top"},
				"down": {"uv": [9, 9, 10, 10], "rotation": 90, "texture": "#top"}
			}
		},
		{
			"name": "Spike",
			"from": [0.25, 5, 5],
			"to": [1, 6, 6],
			"faces": {
				"north": {"uv": [10, 5, 11, 6], "texture": "#top"},
				"south": {"uv": [10, 5, 11, 6], "texture": "#top"},
				"west": {"uv": [10, 5, 11, 6], "texture": "#top"},
				"up": {"uv": [10, 5, 11, 6], "rotation": 270, "texture": "#top"},
				"down": {"uv": [10, 5, 11, 6], "rotation": 90, "texture": "#top"}
			}
		},
		{
			"name": "Spike",
			"from": [0.5, 3, 1],
			"to": [1, 4, 2],
			"faces": {
				"north": {"uv": [2, 6, 3, 7], "texture": "#top"},
				"south": {"uv": [2, 6, 3, 7], "texture": "#top"},
				"west": {"uv": [2, 6, 3, 7], "texture": "#top"},
				"up": {"uv": [2, 6, 3, 7], "rotation": 270, "texture": "#top"},
				"down": {"uv": [2, 6, 3, 7], "rotation": 90, "texture": "#top"}
			}
		},
		{
			"name": "Spike",
			"from": [0.25, 9, 7],
			"to": [1, 10, 8],
			"faces": {
				"north": {"uv": [7, 4, 8, 5], "texture": "#top"},
				"south": {"uv": [7, 4, 8, 5], "texture": "#top"},
				"west": {"uv": [7, 4, 8, 5], "texture": "#top"},
				"up": {"uv": [7, 4, 8, 5], "rotation": 270, "texture": "#top"},
				"down": {"uv": [7, 4, 8, 5], "rotation": 90, "texture": "#top"}
			}
		},
		{
			"name": "Spike",
			"from": [0.625, 5, 14],
			"to": [1, 6, 15],
			"faces": {
				"north": {"uv": [9, 9, 10, 10], "texture": "#top"},
				"south": {"uv": [9, 9, 10, 10], "texture": "#top"},
				"west": {"uv": [9, 9, 10, 10], "texture": "#top"},
				"up": {"uv": [9, 9, 10, 10], "rotation": 270, "texture": "#top"},
				"down": {"uv": [9, 9, 10, 10], "rotation": 90, "texture": "#top"}
			}
		},
		{
			"name": "Spike",
			"from": [0.5, 10, 14],
			"to": [1, 11, 15],
			"faces": {
				"north": {"uv": [12, 12, 13, 13], "texture": "#top"},
				"south": {"uv": [12, 12, 13, 13], "texture": "#top"},
				"west": {"uv": [12, 12, 13, 13], "texture": "#top"},
				"up": {"uv": [12, 12, 13, 13], "rotation": 270, "texture": "#top"},
				"down": {"uv": [12, 12, 13, 13], "rotation": 90, "texture": "#top"}
			}
		},
		{
			"name": "Spike",
			"from": [0.75, 14, 14],
			"to": [1, 15, 15],
			"faces": {
				"north": {"uv": [8, 1, 9, 2], "texture": "#top"},
				"south": {"uv": [8, 1, 9, 2], "texture": "#top"},
				"west": {"uv": [8, 1, 9, 2], "texture": "#top"},
				"up": {"uv": [8, 1, 9, 2], "rotation": 270, "texture": "#top"},
				"down": {"uv": [8, 1, 9, 2], "rotation": 90, "texture": "#top"}
			}
		},
		{
			"name": "Spike",
			"from": [0.25, 14, 5],
			"to": [1, 15, 6],
			"faces": {
				"north": {"uv": [8, 1, 9, 2], "texture": "#top"},
				"south": {"uv": [8, 1, 9, 2], "texture": "#top"},
				"west": {"uv": [8, 1, 9, 2], "texture": "#top"},
				"up": {"uv": [8, 1, 9, 2], "rotation": 270, "texture": "#top"},
				"down": {"uv": [8, 1, 9, 2], "rotation": 90, "texture": "#top"}
			}
		},
		{
			"name": "Spike",
			"from": [0.625, 13, 1],
			"to": [1, 14, 2],
			"faces": {
				"north": {"uv": [4, 3, 5, 4], "texture": "#top"},
				"south": {"uv": [4, 3, 5, 4], "texture": "#top"},
				"west": {"uv": [4, 3, 5, 4], "texture": "#top"},
				"up": {"uv": [4, 3, 5, 4], "rotation": 270, "texture": "#top"},
				"down": {"uv": [4, 3, 5, 4], "rotation": 90, "texture": "#top"}
			}
		},
		{
			"name": "Spike",
			"from": [0, 12, 10],
			"to": [1, 13, 11],
			"faces": {
				"north": {"uv": [10, 5, 11, 6], "texture": "#top"},
				"south": {"uv": [10, 5, 11, 6], "texture": "#top"},
				"west": {"uv": [10, 5, 11, 6], "texture": "#top"},
				"up": {"uv": [10, 5, 11, 6], "rotation": 270, "texture": "#top"},
				"down": {"uv": [10, 5, 11, 6], "rotation": 90, "texture": "#top"}
			}
		},
		{
			"name": "Spike",
			"from": [10, 1, 15],
			"to": [11, 2, 16],
			"faces": {
				"east": {"uv": [9, 9, 10, 10], "texture": "#top"},
				"south": {"uv": [9, 9, 10, 10], "texture": "#top"},
				"west": {"uv": [9, 9, 10, 10], "texture": "#top"},
				"up": {"uv": [9, 9, 10, 10], "rotation": 180, "texture": "#top"},
				"down": {"uv": [9, 9, 10, 10], "rotation": 180, "texture": "#top"}
			}
		},
		{
			"name": "Spike",
			"from": [5, 5, 15],
			"to": [6, 6, 15.75],
			"faces": {
				"east": {"uv": [10, 5, 11, 6], "texture": "#top"},
				"south": {"uv": [10, 5, 11, 6], "texture": "#top"},
				"west": {"uv": [10, 5, 11, 6], "texture": "#top"},
				"up": {"uv": [10, 5, 11, 6], "rotation": 180, "texture": "#top"},
				"down": {"uv": [10, 5, 11, 6], "rotation": 180, "texture": "#top"}
			}
		},
		{
			"name": "Spike",
			"from": [1, 3, 15],
			"to": [2, 4, 15.5],
			"faces": {
				"east": {"uv": [2, 6, 3, 7], "texture": "#top"},
				"south": {"uv": [2, 6, 3, 7], "texture": "#top"},
				"west": {"uv": [2, 6, 3, 7], "texture": "#top"},
				"up": {"uv": [2, 6, 3, 7], "rotation": 180, "texture": "#top"},
				"down": {"uv": [2, 6, 3, 7], "rotation": 180, "texture": "#top"}
			}
		},
		{
			"name": "Spike",
			"from": [7, 9, 15],
			"to": [8, 10, 15.75],
			"faces": {
				"east": {"uv": [7, 4, 8, 5], "texture": "#top"},
				"south": {"uv": [7, 4, 8, 5], "texture": "#top"},
				"west": {"uv": [7, 4, 8, 5], "texture": "#top"},
				"up": {"uv": [7, 4, 8, 5], "rotation": 180, "texture": "#top"},
				"down": {"uv": [7, 4, 8, 5], "rotation": 180, "texture": "#top"}
			}
		},
		{
			"name": "Spike",
			"from": [14, 5, 15],
			"to": [15, 6, 15.375],
			"faces": {
				"east": {"uv": [9, 9, 10, 10], "texture": "#top"},
				"south": {"uv": [9, 9, 10, 10], "texture": "#top"},
				"west": {"uv": [9, 9, 10, 10], "texture": "#top"},
				"up": {"uv": [9, 9, 10, 10], "rotation": 180, "texture": "#top"},
				"down": {"uv": [9, 9, 10, 10], "rotation": 180, "texture": "#top"}
			}
		},
		{
			"name": "Spike",
			"from": [14, 10, 15],
			"to": [15, 11, 15.5],
			"faces": {
				"east": {"uv": [12, 12, 13, 13], "texture": "#top"},
				"south": {"uv": [12, 12, 13, 13], "texture": "#top"},
				"west": {"uv": [12, 12, 13, 13], "texture": "#top"},
				"up": {"uv": [12, 12, 13, 13], "rotation": 180, "texture": "#top"},
				"down": {"uv": [12, 12, 13, 13], "rotation": 180, "texture": "#top"}
			}
		},
		{
			"name": "Spike",
			"from": [14, 14, 15],
			"to": [15, 15, 15.25],
			"faces": {
				"east": {"uv": [8, 1, 9, 2], "texture": "#top"},
				"south": {"uv": [8, 1, 9, 2], "texture": "#top"},
				"west": {"uv": [8, 1, 9, 2], "texture": "#top"},
				"up": {"uv": [8, 1, 9, 2], "rotation": 180, "texture": "#top"},
				"down": {"uv": [8, 1, 9, 2], "rotation": 180, "texture": "#top"}
			}
		},
		{
			"name": "Spike",
			"from": [5, 14, 15],
			"to": [6, 15, 15.75],
			"faces": {
				"east": {"uv": [8, 1, 9, 2], "texture": "#top"},
				"south": {"uv": [8, 1, 9, 2], "texture": "#top"},
				"west": {"uv": [8, 1, 9, 2], "texture": "#top"},
				"up": {"uv": [8, 1, 9, 2], "rotation": 180, "texture": "#top"},
				"down": {"uv": [8, 1, 9, 2], "rotation": 180, "texture": "#top"}
			}
		},
		{
			"name": "Spike",
			"from": [1, 13, 15],
			"to": [2, 14, 15.375],
			"faces": {
				"east": {"uv": [4, 3, 5, 4], "texture": "#top"},
				"south": {"uv": [4, 3, 5, 4], "texture": "#top"},
				"west": {"uv": [4, 3, 5, 4], "texture": "#top"},
				"up": {"uv": [4, 3, 5, 4], "rotation": 180, "texture": "#top"},
				"down": {"uv": [4, 3, 5, 4], "rotation": 180, "texture": "#top"}
			}
		},
		{
			"name": "Spike",
			"from": [10, 12, 15],
			"to": [11, 13, 16],
			"faces": {
				"east": {"uv": [10, 5, 11, 6], "texture": "#top"},
				"south": {"uv": [10, 5, 11, 6], "texture": "#top"},
				"west": {"uv": [10, 5, 11, 6], "texture": "#top"},
				"up": {"uv": [10, 5, 11, 6], "rotation": 180, "texture": "#top"},
				"down": {"uv": [10, 5, 11, 6], "rotation": 180, "texture": "#top"}
			}
		},
		{
			"name": "Spike",
			"from": [15, 1, 5],
			"to": [16, 2, 6],
			"faces": {
				"north": {"uv": [9, 9, 10, 10], "texture": "#top"},
				"east": {"uv": [9, 9, 10, 10], "texture": "#top"},
				"south": {"uv": [9, 9, 10, 10], "texture": "#top"},
				"up": {"uv": [9, 9, 10, 10], "rotation": 90, "texture": "#top"},
				"down": {"uv": [9, 9, 10, 10], "rotation": 270, "texture": "#top"}
			}
		},
		{
			"name": "Spike",
			"from": [15, 5, 10],
			"to": [15.75, 6, 11],
			"faces": {
				"north": {"uv": [10, 5, 11, 6], "texture": "#top"},
				"east": {"uv": [10, 5, 11, 6], "texture": "#top"},
				"south": {"uv": [10, 5, 11, 6], "texture": "#top"},
				"up": {"uv": [10, 5, 11, 6], "rotation": 90, "texture": "#top"},
				"down": {"uv": [10, 5, 11, 6], "rotation": 270, "texture": "#top"}
			}
		},
		{
			"name": "Spike",
			"from": [15, 3, 14],
			"to": [15.5, 4, 15],
			"faces": {
				"north": {"uv": [2, 6, 3, 7], "texture": "#top"},
				"east": {"uv": [2, 6, 3, 7], "texture": "#top"},
				"south": {"uv": [2, 6, 3, 7], "texture": "#top"},
				"up": {"uv": [2, 6, 3, 7], "rotation": 90, "texture": "#top"},
				"down": {"uv": [2, 6, 3, 7], "rotation": 270, "texture": "#top"}
			}
		},
		{
			"name": "Spike",
			"from": [15, 9, 8],
			"to": [15.75, 10, 9],
			"faces": {
				"north": {"uv": [7, 4, 8, 5], "texture": "#top"},
				"east": {"uv": [7, 4, 8, 5], "texture": "#top"},
				"south": {"uv": [7, 4, 8, 5], "texture": "#top"},
				"up": {"uv": [7, 4, 8, 5], "rotation": 90, "texture": "#top"},
				"down": {"uv": [7, 4, 8, 5], "rotation": 270, "texture": "#top"}
			}
		},
		{
			"name": "Spike",
			"from": [15, 5, 1],
			"to": [15.375, 6, 2],
			"faces": {
				"north": {"uv": [9, 9, 10, 10], "texture": "#top"},
				"east": {"uv": [9, 9, 10, 10], "texture": "#top"},
				"south": {"uv": [9, 9, 10, 10], "texture": "#top"},
				"up": {"uv": [9, 9, 10, 10], "rotation": 90, "texture": "#top"},
				"down": {"uv": [9, 9, 10, 10], "rotation": 270, "texture": "#top"}
			}
		},
		{
			"name": "Spike",
			"from": [15, 10, 1],
			"to": [15.5, 11, 2],
			"faces": {
				"north": {"uv": [12, 12, 13, 13], "texture": "#top"},
				"east": {"uv": [12, 12, 13, 13], "texture": "#top"},
				"south": {"uv": [12, 12, 13, 13], "texture": "#top"},
				"up": {"uv": [12, 12, 13, 13], "rotation": 90, "texture": "#top"},
				"down": {"uv": [12, 12, 13, 13], "rotation": 270, "texture": "#top"}
			}
		},
		{
			"name": "Spike",
			"from": [15, 14, 1],
			"to": [15.25, 15, 2],
			"faces": {
				"north": {"uv": [8, 1, 9, 2], "texture": "#top"},
				"east": {"uv": [8, 1, 9, 2], "texture": "#top"},
				"south": {"uv": [8, 1, 9, 2], "texture": "#top"},
				"up": {"uv": [8, 1, 9, 2], "rotation": 90, "texture": "#top"},
				"down": {"uv": [8, 1, 9, 2], "rotation": 270, "texture": "#top"}
			}
		},
		{
			"name": "Spike",
			"from": [15, 14, 10],
			"to": [15.75, 15, 11],
			"faces": {
				"north": {"uv": [8, 1, 9, 2], "texture": "#top"},
				"east": {"uv": [8, 1, 9, 2], "texture": "#top"},
				"south": {"uv": [8, 1, 9, 2], "texture": "#top"},
				"up": {"uv": [8, 1, 9, 2], "rotation": 90, "texture": "#top"},
				"down": {"uv": [8, 1, 9, 2], "rotation": 270, "texture": "#top"}
			}
		},
		{
			"name": "Spike",
			"from": [15, 13, 14],
			"to": [15.375, 14, 15],
			"faces": {
				"north": {"uv": [4, 3, 5, 4], "texture": "#top"},
				"east": {"uv": [4, 3, 5, 4], "texture": "#top"},
				"south": {"uv": [4, 3, 5, 4], "texture": "#top"},
				"up": {"uv": [4, 3, 5, 4], "rotation": 90, "texture": "#top"},
				"down": {"uv": [4, 3, 5, 4], "rotation": 270, "texture": "#top"}
			}
		},
		{
			"name": "Spike",
			"from": [15, 12, 5],
			"to": [16, 13, 6],
			"faces": {
				"north": {"uv": [10, 5, 11, 6], "texture": "#top"},
				"east": {"uv": [10, 5, 11, 6], "texture": "#top"},
				"south": {"uv": [10, 5, 11, 6], "texture": "#top"},
				"up": {"uv": [10, 5, 11, 6], "rotation": 90, "texture": "#top"},
				"down": {"uv": [10, 5, 11, 6], "rotation": 270, "texture": "#top"}
			}
		}
	],
	"display": {
		"thirdperson_righthand": {
			"rotation": [75, 45, 0],
			"translation": [0, 2.5, 0],
			"scale": [0.375, 0.375, 0.375]
		},
		"thirdperson_lefthand": {
			"rotation": [75, 45, 0],
			"translation": [0, 2.5, 0],
			"scale": [0.375, 0.375, 0.375]
		},
		"firstperson_righthand": {
			"rotation": [0, 135, 0],
			"scale": [0.4, 0.4, 0.4]
		},
		"firstperson_lefthand": {
			"rotation": [0, 135, 0],
			"scale": [0.4, 0.4, 0.4]
		},
		"ground": {
			"translation": [0, 3, 0],
			"scale": [0.25, 0.25, 0.25]
		},
		"gui": {
			"rotation": [30, -135, 0],
			"scale": [0.625, 0.625, 0.625]
		},
		"fixed": {
			"scale": [0.5, 0.5, 0.5]
		}
	},
	"groups": [
		0,
		{
			"name": "U",
			"origin": [8, 8, 8],
			"color": 0,
			"children": [1, 2, 3, 4, 5, 6, 7, 8, 9, 10]
		},
		{
			"name": "N",
			"origin": [8, 8, 8],
			"color": 0,
			"children": [11, 12, 13, 14, 15, 16, 17, 18, 19, 20]
		},
		{
			"name": "E",
			"origin": [8, 8, 8],
			"color": 0,
			"children": [21, 22, 23, 24, 25, 26, 27, 28, 29, 30]
		},
		{
			"name": "S",
			"origin": [8, 8, 8],
			"color": 0,
			"children": [31, 32, 33, 34, 35, 36, 37, 38, 39, 40]
		},
		{
			"name": "W",
			"origin": [8, 8, 8],
			"color": 0,
			"children": [41, 42, 43, 44, 45, 46, 47, 48, 49, 50]
		}
	]
}