{
	"credit": "Made by TheWaschtlPlays using Blockbench",
	"parent": "block/block",
	"textures": {
		"particle": "custom_textures/custom_chain",
		"all": "custom_textures/custom_chain"
	},
	"elements": [
		{
			"name": "chainlink",
			"from": [7.5, 14, 7.75],
			"to": [8.5, 14.75, 8.25],
			"rotation": {"angle": -45, "axis": "y", "origin": [8, 15, 8]},
			"faces": {
				"north": {"uv": [4, 6, 5, 6.75], "texture": "#all"},
				"south": {"uv": [4, 6, 5, 6.75], "texture": "#all"},
				"up": {"uv": [4, 6, 5, 6.5], "texture": "#all"},
				"down": {"uv": [4, 6, 5, 6.5], "texture": "#all"}
			}
		},
		{
			"name": "chainlink",
			"from": [8.5, 14, 7.75],
			"to": [9.5, 16, 8.25],
			"rotation": {"angle": -45, "axis": "y", "origin": [8, 15, 8]},
			"faces": {
				"north": {"uv": [3, 0, 4, 2], "texture": "#all"},
				"east": {"uv": [3, 0, 4, 2], "texture": "#all"},
				"south": {"uv": [3, 0, 4, 2], "texture": "#all"},
				"west": {"uv": [3, 0, 4, 2], "texture": "#all"},
				"up": {"uv": [3, 0, 4, 0.5], "texture": "#all", "cullface": "up"},
				"down": {"uv": [3, 1, 4, 1.5], "texture": "#all"}
			}
		},
		{
			"name": "chainlink",
			"from": [6.5, 14, 7.75],
			"to": [7.5, 16, 8.25],
			"rotation": {"angle": -45, "axis": "y", "origin": [8, 15, 8]},
			"faces": {
				"north": {"uv": [5, 0, 6, 2], "texture": "#all"},
				"east": {"uv": [5, 0, 6, 2], "texture": "#all"},
				"south": {"uv": [5, 0, 6, 2], "texture": "#all"},
				"west": {"uv": [5, 0, 6, 2], "texture": "#all"},
				"up": {"uv": [5, 0, 6, 0.5], "texture": "#all", "cullface": "up"},
				"down": {"uv": [5, 1, 6, 1.5], "texture": "#all"}
			}
		},
		{
			"name": "chainlink",
			"from": [7.75, 11.5, 7.5],
			"to": [8.25, 12.25, 8.5],
			"rotation": {"angle": -22.5, "axis": "y", "origin": [8, 13.5, 8]},
			"faces": {
				"east": {"uv": [1, 4, 2, 4.75], "texture": "#all"},
				"west": {"uv": [1, 4, 2, 4.75], "texture": "#all"},
				"up": {"uv": [1, 4, 2, 4.5], "rotation": 270, "texture": "#all"},
				"down": {"uv": [1, 4, 2, 4.5], "rotation": 90, "texture": "#all"}
			}
		},
		{
			"name": "chainlink",
			"from": [7.75, 11.5, 6.5],
			"to": [8.25, 15.5, 7.5],
			"rotation": {"angle": -22.5, "axis": "y", "origin": [8, 13.5, 8]},
			"faces": {
				"north": {"uv": [0, 1, 0.5, 5], "texture": "#all"},
				"east": {"uv": [0, 1, 1, 5], "texture": "#all"},
				"south": {"uv": [0, 1, 0.5, 5], "texture": "#all"},
				"west": {"uv": [0, 1, 1, 5], "texture": "#all"},
				"up": {"uv": [0, 1, 1, 1.5], "rotation": 270, "texture": "#all"},
				"down": {"uv": [0, 4, 1, 4.5], "rotation": 90, "texture": "#all"}
			}
		},
		{
			"name": "chainlink",
			"from": [7.75, 11.5, 8.5],
			"to": [8.25, 15.5, 9.5],
			"rotation": {"angle": -22.5, "axis": "y", "origin": [8, 13.5, 8]},
			"faces": {
				"north": {"uv": [2, 1, 2.5, 5], "texture": "#all"},
				"east": {"uv": [2, 1, 3, 5], "texture": "#all"},
				"south": {"uv": [2, 1, 2.5, 5], "texture": "#all"},
				"west": {"uv": [2, 1, 3, 5], "texture": "#all"},
				"up": {"uv": [2, 1, 3, 1.5], "rotation": 270, "texture": "#all"},
				"down": {"uv": [2, 4, 3, 4.5], "rotation": 90, "texture": "#all"}
			}
		},
		{
			"name": "chainlink",
			"from": [7.75, 14.75, 7.5],
			"to": [8.25, 15.5, 8.5],
			"rotation": {"angle": -22.5, "axis": "y", "origin": [8, 13.5, 8]},
			"faces": {
				"east": {"uv": [1, 1, 2, 1.75], "texture": "#all"},
				"west": {"uv": [1, 1, 2, 1.75], "texture": "#all"},
				"up": {"uv": [1, 1, 2, 1.5], "rotation": 270, "texture": "#all"},
				"down": {"uv": [1, 1, 2, 1.5], "rotation": 90, "texture": "#all"}
			}
		},
		{
			"name": "chainlink",
			"from": [7.5, 9, 7.75],
			"to": [8.5, 9.75, 8.25],
			"rotation": {"angle": 0, "axis": "y", "origin": [8, 11, 8]},
			"faces": {
				"north": {"uv": [4, 6, 5, 6.75], "texture": "#all"},
				"south": {"uv": [4, 6, 5, 6.75], "texture": "#all"},
				"up": {"uv": [4, 6, 5, 6.5], "texture": "#all"},
				"down": {"uv": [4, 6, 5, 6.5], "texture": "#all"}
			}
		},
		{
			"name": "chainlink",
			"from": [8.5, 9, 7.75],
			"to": [9.5, 13, 8.25],
			"rotation": {"angle": 0, "axis": "y", "origin": [8, 11, 8]},
			"faces": {
				"north": {"uv": [3, 3, 4, 7], "texture": "#all"},
				"east": {"uv": [3, 3, 3.5, 7], "texture": "#all"},
				"south": {"uv": [3, 3, 4, 7], "texture": "#all"},
				"west": {"uv": [3, 3, 3.5, 7], "texture": "#all"},
				"up": {"uv": [3, 3, 4, 3.5], "texture": "#all"},
				"down": {"uv": [3, 6, 4, 6.5], "texture": "#all"}
			}
		},
		{
			"name": "chainlink",
			"from": [6.5, 9, 7.75],
			"to": [7.5, 13, 8.25],
			"rotation": {"angle": 0, "axis": "y", "origin": [8, 11, 8]},
			"faces": {
				"north": {"uv": [5, 3, 6, 7], "texture": "#all"},
				"east": {"uv": [5, 3, 5.5, 7], "texture": "#all"},
				"south": {"uv": [5, 3, 6, 7], "texture": "#all"},
				"west": {"uv": [5, 3, 5.5, 7], "texture": "#all"},
				"up": {"uv": [5, 3, 6, 3.5], "texture": "#all"},
				"down": {"uv": [5, 6, 6, 6.5], "texture": "#all"}
			}
		},
		{
			"name": "chainlink",
			"from": [7.5, 12.25, 7.75],
			"to": [8.5, 13, 8.25],
			"rotation": {"angle": 0, "axis": "y", "origin": [8, 11, 8]},
			"faces": {
				"north": {"uv": [4, 3, 5, 3.75], "texture": "#all"},
				"south": {"uv": [4, 3, 5, 3.75], "texture": "#all"},
				"up": {"uv": [4, 3, 5, 3.5], "texture": "#all"},
				"down": {"uv": [4, 3, 5, 3.5], "texture": "#all"}
			}
		},
		{
			"name": "chainlink",
			"from": [7.75, 5.5, 7.5],
			"to": [8.25, 6.25, 8.5],
			"rotation": {"angle": 22.5, "axis": "y", "origin": [8, 8, 8]},
			"faces": {
				"east": {"uv": [1, 10, 2, 10.75], "texture": "#all"},
				"west": {"uv": [1, 10, 2, 10.75], "texture": "#all"},
				"up": {"uv": [1, 10, 2, 10.5], "rotation": 270, "texture": "#all"},
				"down": {"uv": [1, 10, 2, 10.5], "rotation": 90, "texture": "#all"}
			}
		},
		{
			"name": "chainlink",
			"from": [7.75, 5.5, 6.5],
			"to": [8.25, 10.5, 7.5],
			"rotation": {"angle": 22.5, "axis": "y", "origin": [8, 8, 8]},
			"faces": {
				"north": {"uv": [0, 6, 0.5, 11], "texture": "#all"},
				"east": {"uv": [0, 6, 1, 11], "texture": "#all"},
				"south": {"uv": [0, 6, 0.5, 11], "texture": "#all"},
				"west": {"uv": [0, 6, 1, 11], "texture": "#all"},
				"up": {"uv": [0, 6, 1, 6.5], "rotation": 270, "texture": "#all"},
				"down": {"uv": [0, 10, 1, 10.5], "rotation": 90, "texture": "#all"}
			}
		},
		{
			"name": "chainlink",
			"from": [7.75, 5.5, 8.5],
			"to": [8.25, 10.5, 9.5],
			"rotation": {"angle": 22.5, "axis": "y", "origin": [8, 8, 8]},
			"faces": {
				"north": {"uv": [2, 6, 2.5, 11], "texture": "#all"},
				"east": {"uv": [2, 6, 3, 11], "texture": "#all"},
				"south": {"uv": [2, 6, 2.5, 11], "texture": "#all"},
				"west": {"uv": [2, 6, 3, 11], "texture": "#all"},
				"up": {"uv": [2, 6, 3, 6.5], "rotation": 270, "texture": "#all"},
				"down": {"uv": [2, 10, 3, 10.5], "rotation": 90, "texture": "#all"}
			}
		},
		{
			"name": "chainlink",
			"from": [7.75, 9.75, 7.5],
			"to": [8.25, 10.5, 8.5],
			"rotation": {"angle": 22.5, "axis": "y", "origin": [8, 8, 8]},
			"faces": {
				"east": {"uv": [1, 6, 2, 6.75], "texture": "#all"},
				"west": {"uv": [1, 6, 2, 6.75], "texture": "#all"},
				"up": {"uv": [1, 6, 2, 6.5], "rotation": 270, "texture": "#all"},
				"down": {"uv": [1, 6, 2, 6.5], "rotation": 90, "texture": "#all"}
			}
		},
		{
			"name": "chainlink",
			"from": [7.5, 3, 7.75],
			"to": [8.5, 3.75, 8.25],
			"rotation": {"angle": 22.5, "axis": "y", "origin": [8, 5, 8]},
			"faces": {
				"north": {"uv": [4, 12, 5, 12.75], "texture": "#all"},
				"south": {"uv": [4, 12, 5, 12.75], "texture": "#all"},
				"up": {"uv": [4, 12, 5, 12.5], "texture": "#all"},
				"down": {"uv": [4, 12, 5, 12.5], "texture": "#all"}
			}
		},
		{
			"name": "chainlink",
			"from": [8.5, 3, 7.75],
			"to": [9.5, 7, 8.25],
			"rotation": {"angle": 22.5, "axis": "y", "origin": [8, 5, 8]},
			"faces": {
				"north": {"uv": [3, 9, 4, 13], "texture": "#all"},
				"east": {"uv": [3, 9, 3.5, 13], "texture": "#all"},
				"south": {"uv": [3, 9, 4, 13], "texture": "#all"},
				"west": {"uv": [3, 9, 3.5, 13], "texture": "#all"},
				"up": {"uv": [3, 9, 4, 9.5], "texture": "#all"},
				"down": {"uv": [3, 12, 4, 12.5], "texture": "#all"}
			}
		},
		{
			"name": "chainlink",
			"from": [6.5, 3, 7.75],
			"to": [7.5, 7, 8.25],
			"rotation": {"angle": 22.5, "axis": "y", "origin": [8, 5, 8]},
			"faces": {
				"north": {"uv": [5, 9, 6, 13], "texture": "#all"},
				"east": {"uv": [5, 9, 5.5, 13], "texture": "#all"},
				"south": {"uv": [5, 9, 6, 13], "texture": "#all"},
				"west": {"uv": [5, 9, 5.5, 13], "texture": "#all"},
				"up": {"uv": [5, 9, 6, 9.5], "texture": "#all"},
				"down": {"uv": [5, 12, 6, 12.5], "texture": "#all"}
			}
		},
		{
			"name": "chainlink",
			"from": [7.5, 6.25, 7.75],
			"to": [8.5, 7, 8.25],
			"rotation": {"angle": 22.5, "axis": "y", "origin": [8, 5, 8]},
			"faces": {
				"north": {"uv": [4, 9, 5, 9.75], "texture": "#all"},
				"south": {"uv": [4, 9, 5, 9.75], "texture": "#all"},
				"up": {"uv": [4, 9, 5, 9.5], "texture": "#all"},
				"down": {"uv": [4, 9, 5, 9.5], "texture": "#all"}
			}
		},
		{
			"name": "chainlink",
			"from": [7.75, 0.5, 7.5],
			"to": [8.25, 1.25, 8.5],
			"rotation": {"angle": -22.5, "axis": "y", "origin": [8, 2.5, 8]},
			"faces": {
				"east": {"uv": [1, 14, 2, 14.75], "texture": "#all"},
				"west": {"uv": [1, 14, 2, 14.75], "texture": "#all"},
				"up": {"uv": [1, 14, 2, 14.5], "rotation": 270, "texture": "#all"},
				"down": {"uv": [1, 14, 2, 14.5], "rotation": 90, "texture": "#all"}
			}
		},
		{
			"name": "chainlink",
			"from": [7.75, 0.5, 6.5],
			"to": [8.25, 4.5, 7.5],
			"rotation": {"angle": -22.5, "axis": "y", "origin": [8, 2.5, 8]},
			"faces": {
				"north": {"uv": [0, 11, 0.5, 15], "texture": "#all"},
				"east": {"uv": [0, 11, 1, 15], "texture": "#all"},
				"south": {"uv": [0, 11, 0.5, 15], "texture": "#all"},
				"west": {"uv": [0, 11, 1, 15], "texture": "#all"},
				"up": {"uv": [0, 11, 1, 11.5], "rotation": 270, "texture": "#all"},
				"down": {"uv": [0, 14, 1, 14.5], "rotation": 90, "texture": "#all"}
			}
		},
		{
			"name": "chainlink",
			"from": [7.75, 0.5, 8.5],
			"to": [8.25, 4.5, 9.5],
			"rotation": {"angle": -22.5, "axis": "y", "origin": [8, 2.5, 8]},
			"faces": {
				"north": {"uv": [2, 11, 2.5, 15], "texture": "#all"},
				"east": {"uv": [2, 11, 3, 15], "texture": "#all"},
				"south": {"uv": [2, 11, 2.5, 15], "texture": "#all"},
				"west": {"uv": [2, 11, 3, 15], "texture": "#all"},
				"up": {"uv": [2, 11, 3, 11.5], "rotation": 270, "texture": "#all"},
				"down": {"uv": [2, 14, 3, 14.5], "rotation": 90, "texture": "#all"}
			}
		},
		{
			"name": "chainlink",
			"from": [7.75, 3.75, 7.5],
			"to": [8.25, 4.5, 8.5],
			"rotation": {"angle": -22.5, "axis": "y", "origin": [8, 2.5, 8]},
			"faces": {
				"east": {"uv": [4, 3, 5, 3.5], "texture": "#all"},
				"west": {"uv": [4, 3, 5, 3.5], "texture": "#all"},
				"up": {"uv": [4, 3, 5, 3.5], "rotation": 270, "texture": "#all"},
				"down": {"uv": [4, 3, 5, 3.5], "rotation": 90, "texture": "#all"}
			}
		},
		{
			"name": "chainlink",
			"from": [8.5, 0, 7.75],
			"to": [9.5, 2, 8.25],
			"rotation": {"angle": -45, "axis": "y", "origin": [8, 1, 8]},
			"faces": {
				"north": {"uv": [3, 14, 4, 16], "texture": "#all"},
				"east": {"uv": [3, 14, 3.5, 16], "texture": "#all"},
				"south": {"uv": [3, 14, 4, 16], "texture": "#all"},
				"west": {"uv": [3, 14, 3.5, 16], "texture": "#all"},
				"up": {"uv": [3, 14, 4, 14.5], "texture": "#all"},
				"down": {"uv": [3, 15, 4, 15.5], "texture": "#all", "cullface": "down"}
			}
		},
		{
			"name": "chainlink",
			"from": [6.5, 0, 7.75],
			"to": [7.5, 2, 8.25],
			"rotation": {"angle": -45, "axis": "y", "origin": [8, 1, 8]},
			"faces": {
				"north": {"uv": [5, 14, 6, 16], "texture": "#all"},
				"east": {"uv": [5, 14, 5.5, 16], "texture": "#all"},
				"south": {"uv": [5, 14, 6, 16], "texture": "#all"},
				"west": {"uv": [5, 14, 5.5, 16], "texture": "#all"},
				"up": {"uv": [5, 14, 6, 14.5], "texture": "#all"},
				"down": {"uv": [5, 15, 6, 15.5], "texture": "#all", "cullface": "down"}
			}
		},
		{
			"name": "chainlink",
			"from": [7.5, 1.25, 7.75],
			"to": [8.5, 2, 8.25],
			"rotation": {"angle": -45, "axis": "y", "origin": [8, 1, 8]},
			"faces": {
				"north": {"uv": [4, 14, 5, 14.75], "texture": "#all"},
				"south": {"uv": [4, 14, 5, 14.75], "texture": "#all"},
				"up": {"uv": [4, 14, 5, 14.5], "texture": "#all"},
				"down": {"uv": [4, 14, 5, 14.5], "texture": "#all"}
			}
		}
	],
	"groups": [
		{
			"name": "Element NW-SE",
			"origin": [8, 9.25, 8],
			"children": [0, 1, 2]
		},
		{
			"name": "Element NE-SW",
			"origin": [8, 9.25, 8],
			"children": [3, 4, 5, 6]
		},
		{
			"name": "Element NW-SE",
			"origin": [8, 9.25, 8],
			"children": [7, 8, 9, 10]
		},
		{
			"name": "Element NE-SW",
			"origin": [8, 9.25, 8],
			"children": [11, 12, 13, 14]
		},
		{
			"name": "Element NW-SE",
			"origin": [8, 9.25, 8],
			"children": [15, 16, 17, 18]
		},
		{
			"name": "Element NE-SW",
			"origin": [8, 9.25, 8],
			"children": [19, 20, 21, 22]
		},
		{
			"name": "Element NW-SE",
			"origin": [8, 9.25, 8],
			"children": [23, 24, 25]
		}
	]
}