{
	"credit": "Made by TheWaschtlPlays using Blockbench",
	"textures": {
		"0": "block/crafting_table_front",
		"1": "block/crafting_table_side",
		"2": "block/crafting_table_top",
		"3": "custom_textures/crafting_table_blank",
		"4": "block/oak_planks",
		"particle": "block/crafting_table_side"
	},
	"elements": [
		{
			"name": "body",
			"from": [1, 0.5, 1],
			"to": [15, 15.5, 15],
			"faces": {
				"up": {"uv": [1, 1, 15, 15], "texture": "#2", "cullface": "up"},
				"down": {"uv": [1, 1, 15, 15], "texture": "#4", "cullface": "down"}
			}
		},
		{
			"name": "Body",
			"from": [1, 1, 0.5],
			"to": [15, 15, 15.5],
			"faces": {
				"north": {"uv": [1, 1, 15, 15], "texture": "#3", "cullface": "north"},
				"south": {"uv": [1, 1, 15, 15], "texture": "#3", "cullface": "south"}
			}
		},
		{
			"name": "Body",
			"from": [0.5, 1, 1],
			"to": [15.5, 15, 15],
			"faces": {
				"east": {"uv": [1, 1, 15, 15], "texture": "#3", "cullface": "east"},
				"west": {"uv": [1, 1, 15, 15], "texture": "#3", "cullface": "west"}
			}
		},
		{
			"name": "frame",
			"from": [0, 0, 0],
			"to": [1, 16, 1],
			"faces": {
				"north": {"uv": [0, 0, 1, 16], "texture": "#3", "cullface": "north"},
				"east": {"uv": [0, 0, 1, 16], "texture": "#3", "cullface": "north"},
				"south": {"uv": [0, 0, 1, 16], "texture": "#3", "cullface": "west"},
				"west": {"uv": [0, 0, 1, 16], "texture": "#3", "cullface": "west"},
				"up": {"uv": [0, 0, 1, 1], "texture": "#3", "cullface": "up"},
				"down": {"uv": [0, 0, 1, 1], "texture": "#3", "cullface": "down"}
			}
		},
		{
			"name": "frame",
			"from": [0, 0, 15],
			"to": [1, 16, 16],
			"faces": {
				"north": {"uv": [0, 0, 1, 16], "texture": "#3", "cullface": "west"},
				"east": {"uv": [0, 0, 1, 16], "texture": "#3", "cullface": "south"},
				"south": {"uv": [0, 0, 1, 16], "texture": "#3", "cullface": "south"},
				"west": {"uv": [0, 0, 1, 16], "texture": "#3", "cullface": "west"},
				"up": {"uv": [0, 0, 1, 1], "texture": "#3", "cullface": "up"},
				"down": {"uv": [0, 0, 1, 1], "texture": "#3", "cullface": "down"}
			}
		},
		{
			"name": "frame",
			"from": [15, 0, 0],
			"to": [16, 16, 1],
			"faces": {
				"north": {"uv": [0, 0, 1, 16], "texture": "#3", "cullface": "north"},
				"east": {"uv": [0, 0, 1, 16], "texture": "#3", "cullface": "east"},
				"south": {"uv": [0, 0, 1, 16], "texture": "#3", "cullface": "east"},
				"west": {"uv": [0, 0, 1, 16], "texture": "#3", "cullface": "north"},
				"up": {"uv": [0, 0, 1, 1], "texture": "#3", "cullface": "up"},
				"down": {"uv": [0, 0, 1, 1], "texture": "#3", "cullface": "down"}
			}
		},
		{
			"name": "frame",
			"from": [15, 0, 15],
			"to": [16, 16, 16],
			"faces": {
				"north": {"uv": [0, 0, 1, 16], "texture": "#3", "cullface": "east"},
				"east": {"uv": [0, 0, 1, 16], "texture": "#3", "cullface": "east"},
				"south": {"uv": [0, 0, 1, 16], "texture": "#3", "cullface": "south"},
				"west": {"uv": [0, 0, 1, 16], "texture": "#3", "cullface": "south"},
				"up": {"uv": [0, 0, 1, 1], "texture": "#3", "cullface": "up"},
				"down": {"uv": [0, 0, 1, 1], "texture": "#3", "cullface": "down"}
			}
		},
		{
			"name": "frame",
			"from": [1, 0, 15],
			"to": [15, 1, 16],
			"faces": {
				"north": {"uv": [0, 0, 1, 16], "rotation": 90, "texture": "#3", "cullface": "down"},
				"south": {"uv": [0, 0, 1, 16], "rotation": 90, "texture": "#3", "cullface": "south"},
				"up": {"uv": [0, 0, 1, 14], "rotation": 90, "texture": "#3", "cullface": "south"},
				"down": {"uv": [0, 0, 1, 14], "rotation": 90, "texture": "#3", "cullface": "down"}
			}
		},
		{
			"name": "frame",
			"from": [1, 0, 0],
			"to": [15, 1, 1],
			"faces": {
				"north": {"uv": [0, 0, 1, 16], "rotation": 90, "texture": "#3", "cullface": "north"},
				"south": {"uv": [0, 0, 1, 16], "rotation": 90, "texture": "#3", "cullface": "down"},
				"up": {"uv": [0, 0, 1, 14], "rotation": 90, "texture": "#3", "cullface": "north"},
				"down": {"uv": [0, 0, 1, 14], "rotation": 90, "texture": "#3", "cullface": "down"}
			}
		},
		{
			"name": "frame",
			"from": [1, 15, 15],
			"to": [15, 16, 16],
			"faces": {
				"north": {"uv": [0, 0, 1, 16], "rotation": 90, "texture": "#3", "cullface": "up"},
				"south": {"uv": [0, 0, 1, 16], "rotation": 90, "texture": "#3", "cullface": "south"},
				"up": {"uv": [0, 0, 1, 14], "rotation": 90, "texture": "#3", "cullface": "up"},
				"down": {"uv": [0, 0, 1, 14], "rotation": 90, "texture": "#3", "cullface": "south"}
			}
		},
		{
			"name": "frame",
			"from": [1, 15, 0],
			"to": [15, 16, 1],
			"faces": {
				"north": {"uv": [0, 0, 1, 16], "rotation": 90, "texture": "#3", "cullface": "north"},
				"south": {"uv": [0, 0, 1, 16], "rotation": 90, "texture": "#3", "cullface": "up"},
				"up": {"uv": [0, 0, 1, 14], "rotation": 90, "texture": "#3", "cullface": "up"},
				"down": {"uv": [0, 0, 1, 14], "rotation": 90, "texture": "#3", "cullface": "north"}
			}
		},
		{
			"name": "frame",
			"from": [0, 15, 1],
			"to": [1, 16, 15],
			"faces": {
				"east": {"uv": [0, 1, 1, 15], "rotation": 90, "texture": "#3", "cullface": "up"},
				"west": {"uv": [0, 1, 1, 14], "rotation": 90, "texture": "#3", "cullface": "west"},
				"up": {"uv": [0, 1, 1, 14], "texture": "#3", "cullface": "up"},
				"down": {"uv": [0, 1, 1, 15], "texture": "#3", "cullface": "west"}
			}
		},
		{
			"name": "frame",
			"from": [15, 15, 1],
			"to": [16, 16, 15],
			"faces": {
				"east": {"uv": [0, 1, 1, 15], "rotation": 90, "texture": "#3", "cullface": "east"},
				"west": {"uv": [0, 1, 1, 14], "rotation": 90, "texture": "#3", "cullface": "up"},
				"up": {"uv": [0, 1, 1, 14], "texture": "#3", "cullface": "up"},
				"down": {"uv": [0, 1, 1, 15], "texture": "#3", "cullface": "east"}
			}
		},
		{
			"name": "frame",
			"from": [0, 0, 1],
			"to": [1, 1, 15],
			"faces": {
				"east": {"uv": [0, 1, 1, 15], "rotation": 90, "texture": "#3", "cullface": "down"},
				"west": {"uv": [0, 1, 1, 14], "rotation": 90, "texture": "#3", "cullface": "west"},
				"up": {"uv": [0, 1, 1, 14], "texture": "#3", "cullface": "west"},
				"down": {"uv": [0, 1, 1, 15], "texture": "#3", "cullface": "down"}
			}
		},
		{
			"name": "frame",
			"from": [15, 0, 1],
			"to": [16, 1, 15],
			"faces": {
				"east": {"uv": [0, 1, 1, 15], "rotation": 90, "texture": "#3", "cullface": "east"},
				"west": {"uv": [0, 1, 1, 14], "rotation": 90, "texture": "#3", "cullface": "down"},
				"up": {"uv": [0, 1, 1, 14], "texture": "#3", "cullface": "east"},
				"down": {"uv": [0, 1, 1, 15], "texture": "#3", "cullface": "down"}
			}
		},
		{
			"from": [3, 15.5, 3],
			"to": [4, 15.9, 13],
			"rotation": {"angle": 0, "axis": "y", "origin": [11, 23, 11]},
			"faces": {
				"north": {"uv": [3, 3, 4, 3.5], "texture": "#2", "cullface": "up"},
				"east": {"uv": [3, 3, 3.5, 13], "rotation": 90, "texture": "#2", "cullface": "up"},
				"south": {"uv": [3, 12, 4, 12.5], "texture": "#2", "cullface": "up"},
				"west": {"uv": [3, 3, 3.5, 13], "rotation": 270, "texture": "#2", "cullface": "up"},
				"up": {"uv": [3, 3, 4, 13], "texture": "#2", "cullface": "up"}
			}
		},
		{
			"from": [4, 15.5, 3],
			"to": [12, 15.9, 4],
			"rotation": {"angle": 0, "axis": "y", "origin": [6, 23, 11]},
			"faces": {
				"north": {"uv": [4, 3, 12, 3.5], "rotation": 180, "texture": "#2", "cullface": "up"},
				"south": {"uv": [4, 3, 12, 3.5], "texture": "#2", "cullface": "up"},
				"up": {"uv": [4, 3, 12, 4], "texture": "#2", "cullface": "up"}
			}
		},
		{
			"from": [4, 15.5, 6],
			"to": [12, 15.9, 7],
			"rotation": {"angle": 0, "axis": "y", "origin": [6, 23, 14]},
			"faces": {
				"north": {"uv": [4, 6, 12, 6.5], "rotation": 180, "texture": "#2", "cullface": "up"},
				"south": {"uv": [4, 6, 12, 6.5], "texture": "#2", "cullface": "up"},
				"up": {"uv": [4, 6, 12, 7], "texture": "#2", "cullface": "up"}
			}
		},
		{
			"from": [4, 15.5, 9],
			"to": [12, 15.9, 10],
			"rotation": {"angle": 0, "axis": "y", "origin": [6, 23, 17]},
			"faces": {
				"north": {"uv": [4, 9, 12, 9.5], "rotation": 180, "texture": "#2", "cullface": "up"},
				"south": {"uv": [4, 9, 12, 9.5], "texture": "#2", "cullface": "up"},
				"up": {"uv": [4, 9, 12, 10], "texture": "#2", "cullface": "up"}
			}
		},
		{
			"from": [4, 15.5, 12],
			"to": [12, 15.9, 13],
			"rotation": {"angle": 0, "axis": "y", "origin": [6, 23, 20]},
			"faces": {
				"north": {"uv": [4, 12, 12, 12.5], "rotation": 180, "texture": "#2", "cullface": "up"},
				"south": {"uv": [4, 12, 12, 12.4], "texture": "#2", "cullface": "up"},
				"up": {"uv": [4, 12, 12, 13], "texture": "#2", "cullface": "up"}
			}
		},
		{
			"from": [6, 15.5, 4],
			"to": [7, 15.9, 12],
			"rotation": {"angle": 0, "axis": "y", "origin": [14, 23, 11]},
			"faces": {
				"north": {"uv": [6, 3, 7, 3.5], "texture": "#2", "cullface": "up"},
				"east": {"uv": [6, 4, 6.4, 12], "rotation": 90, "texture": "#2", "cullface": "up"},
				"south": {"uv": [6, 12, 7, 12.5], "texture": "#2", "cullface": "up"},
				"west": {"uv": [6, 4, 6.4, 12], "rotation": 270, "texture": "#2", "cullface": "up"},
				"up": {"uv": [6, 4, 7, 12], "texture": "#2", "cullface": "up"}
			}
		},
		{
			"from": [9, 15.5, 4],
			"to": [10, 15.9, 12],
			"rotation": {"angle": 0, "axis": "y", "origin": [17, 23, 11]},
			"faces": {
				"north": {"uv": [9, 3, 10, 3.5], "texture": "#2", "cullface": "up"},
				"east": {"uv": [9, 4, 9.4, 12], "rotation": 90, "texture": "#2", "cullface": "up"},
				"south": {"uv": [9, 12, 10, 12.5], "texture": "#2", "cullface": "up"},
				"west": {"uv": [9, 4, 9.4, 12], "rotation": 270, "texture": "#2", "cullface": "up"},
				"up": {"uv": [9, 4, 10, 12], "texture": "#2", "cullface": "up"}
			}
		},
		{
			"from": [12, 15.5, 3],
			"to": [13, 15.9, 13],
			"rotation": {"angle": 0, "axis": "y", "origin": [20, 23, 11]},
			"faces": {
				"north": {"uv": [12, 3, 13, 3.5], "texture": "#2", "cullface": "up"},
				"east": {"uv": [12, 3, 12.5, 13], "rotation": 90, "texture": "#2", "cullface": "up"},
				"south": {"uv": [12, 12, 13, 12.5], "texture": "#2", "cullface": "up"},
				"west": {"uv": [12, 3, 12.5, 13], "rotation": 270, "texture": "#2", "cullface": "up"},
				"up": {"uv": [12, 3, 13, 13], "texture": "#2", "cullface": "up"}
			}
		},
		{
			"name": "pliers",
			"from": [4, 9, -0.25],
			"to": [5, 10, 0.5],
			"faces": {
				"north": {"uv": [4, 7, 5, 8], "texture": "#1", "cullface": "north"},
				"east": {"uv": [4, 7, 5, 8], "texture": "#1", "cullface": "north"},
				"west": {"uv": [4, 7, 5, 8], "texture": "#1", "cullface": "north"},
				"up": {"uv": [4, 7, 5, 8], "rotation": 270, "texture": "#1", "cullface": "north"},
				"down": {"uv": [4, 7, 5, 8], "rotation": 90, "texture": "#1", "cullface": "north"}
			}
		},
		{
			"name": "pliers",
			"from": [3, 10, -0.25],
			"to": [4, 12, 0.5],
			"faces": {
				"north": {"uv": [3, 5, 4, 7], "texture": "#1", "cullface": "north"},
				"east": {"uv": [3, 5, 4, 7], "texture": "#1", "cullface": "north"},
				"west": {"uv": [3, 5, 4, 7], "texture": "#1", "cullface": "north"},
				"up": {"uv": [3, 5, 4, 6], "rotation": 270, "texture": "#1", "cullface": "north"},
				"down": {"uv": [3, 5, 4, 6], "rotation": 90, "texture": "#1", "cullface": "north"}
			}
		},
		{
			"name": "pliers",
			"from": [5, 10, -0.25],
			"to": [6, 12, 0.5],
			"faces": {
				"north": {"uv": [3, 5, 4, 7], "texture": "#1", "cullface": "north"},
				"east": {"uv": [3, 5, 4, 7], "texture": "#1", "cullface": "north"},
				"west": {"uv": [3, 5, 4, 7], "texture": "#1", "cullface": "north"},
				"up": {"uv": [3, 5, 4, 6], "rotation": 270, "texture": "#1", "cullface": "north"},
				"down": {"uv": [3, 5, 4, 6], "rotation": 90, "texture": "#1", "cullface": "north"}
			}
		},
		{
			"name": "pliers",
			"from": [5, 7, -0.25],
			"to": [6, 9, 0.5],
			"faces": {
				"north": {"uv": [5, 8, 6, 10], "texture": "#1", "cullface": "north"},
				"east": {"uv": [5, 8, 6, 10], "texture": "#1", "cullface": "north"},
				"west": {"uv": [5, 8, 6, 10], "texture": "#1", "cullface": "north"},
				"up": {"uv": [5, 8, 6, 9], "rotation": 270, "texture": "#1", "cullface": "north"},
				"down": {"uv": [5, 9, 6, 10], "rotation": 90, "texture": "#1", "cullface": "north"}
			}
		},
		{
			"name": "pliers",
			"from": [3, 7, -0.25],
			"to": [4, 9, 0.5],
			"faces": {
				"north": {"uv": [5, 8, 6, 10], "texture": "#1", "cullface": "north"},
				"east": {"uv": [5, 8, 6, 10], "texture": "#1", "cullface": "north"},
				"west": {"uv": [5, 8, 6, 10], "texture": "#1", "cullface": "north"},
				"up": {"uv": [5, 8, 6, 9], "rotation": 270, "texture": "#1", "cullface": "north"},
				"down": {"uv": [5, 9, 6, 10], "rotation": 90, "texture": "#1", "cullface": "north"}
			}
		},
		{
			"name": "saw",
			"from": [12, 11, -0.25],
			"to": [13, 12, 0.5],
			"faces": {
				"north": {"uv": [11, 5, 14, 6], "texture": "#0", "cullface": "north"},
				"east": {"uv": [11, 5, 14, 6], "texture": "#0", "cullface": "north"},
				"west": {"uv": [11, 5, 14, 6], "texture": "#0", "cullface": "north"}
			}
		},
		{
			"name": "saw",
			"from": [10, 12, -0.25],
			"to": [13, 13, 0.5],
			"faces": {
				"north": {"uv": [11, 3, 14, 4], "texture": "#0", "cullface": "north"},
				"east": {"uv": [11, 3, 14, 4], "texture": "#0", "cullface": "north"},
				"west": {"uv": [11, 3, 14, 4], "texture": "#0", "cullface": "north"},
				"up": {"uv": [11, 3, 14, 4], "rotation": 270, "texture": "#0", "cullface": "north"},
				"down": {"uv": [11, 3, 14, 4], "rotation": 90, "texture": "#0", "cullface": "north"}
			}
		},
		{
			"name": "saw",
			"from": [10, 10, -0.25],
			"to": [13, 11, 0.5],
			"faces": {
				"north": {"uv": [11, 5, 14, 6], "texture": "#0", "cullface": "north"},
				"east": {"uv": [11, 5, 14, 6], "texture": "#0", "cullface": "north"},
				"west": {"uv": [11, 5, 14, 6], "texture": "#0", "cullface": "north"},
				"up": {"uv": [11, 5, 14, 6], "rotation": 270, "texture": "#0", "cullface": "north"},
				"down": {"uv": [11, 5, 14, 6], "rotation": 90, "texture": "#0", "cullface": "north"}
			}
		},
		{
			"name": "saw",
			"from": [10, 7, 0],
			"to": [13, 10, 0.5],
			"faces": {
				"north": {"uv": [11, 6, 14, 9], "texture": "#0", "cullface": "north"},
				"east": {"uv": [11, 6, 11.5, 9], "texture": "#0", "cullface": "north"},
				"west": {"uv": [13, 6, 13.5, 9], "texture": "#0", "cullface": "north"},
				"down": {"uv": [11, 8, 14, 9], "rotation": 180, "texture": "#0", "cullface": "north"}
			}
		},
		{
			"name": "saw",
			"from": [10, 5, 0],
			"to": [12, 7, 0.5],
			"faces": {
				"north": {"uv": [12, 9, 14, 11], "texture": "#0", "cullface": "north"},
				"east": {"uv": [12, 9, 12.5, 11], "texture": "#0", "cullface": "north"},
				"west": {"uv": [13, 9, 13.5, 11], "texture": "#0", "cullface": "north"},
				"down": {"uv": [12, 10, 14, 10.5], "rotation": 180, "texture": "#0", "cullface": "north"}
			}
		},
		{
			"name": "saw",
			"from": [10, 3, 0],
			"to": [11, 5, 0.5],
			"faces": {
				"north": {"uv": [13, 11, 14, 13], "texture": "#0", "cullface": "north"},
				"east": {"uv": [13, 11, 13.5, 13], "texture": "#0", "cullface": "north"},
				"west": {"uv": [13, 11, 13.5, 13], "texture": "#0", "cullface": "north"},
				"down": {"uv": [13, 12, 14, 12.5], "rotation": 180, "texture": "#0", "cullface": "north"}
			}
		},
		{
			"name": "saw",
			"from": [10, 11, -0.25],
			"to": [11, 12, 0.5],
			"faces": {
				"north": {"uv": [11, 5, 14, 6], "texture": "#0", "cullface": "north"},
				"east": {"uv": [11, 5, 14, 6], "texture": "#0", "cullface": "north"},
				"west": {"uv": [11, 5, 14, 6], "texture": "#0", "cullface": "north"}
			}
		},
		{
			"name": "hammer",
			"from": [15.5, 4, 10],
			"to": [16.75, 6, 13],
			"faces": {
				"north": {"uv": [3, 9, 4, 11], "texture": "#0", "cullface": "east"},
				"east": {"uv": [2, 9, 5, 11], "texture": "#0", "cullface": "east"},
				"south": {"uv": [2, 9, 3, 11], "texture": "#0", "cullface": "east"},
				"up": {"uv": [2, 9, 5, 10], "rotation": 90, "texture": "#0", "cullface": "east"},
				"down": {"uv": [2, 10, 5, 11], "rotation": 90, "texture": "#0", "cullface": "east"}
			}
		},
		{
			"name": "hammer",
			"from": [15.5, 6, 11],
			"to": [16.25, 10, 12],
			"faces": {
				"north": {"uv": [3, 5, 4, 9], "texture": "#0", "cullface": "east"},
				"east": {"uv": [3, 5, 4, 9], "texture": "#0", "cullface": "east"},
				"south": {"uv": [3, 5, 4, 9], "texture": "#0", "cullface": "east"},
				"up": {"uv": [3, 5, 4, 6], "rotation": 90, "texture": "#0", "cullface": "east"}
			}
		}
	],
	"display": {
		"thirdperson_righthand": {
			"rotation": [75, 45, 0],
			"translation": [0, 2.5, 0],
			"scale": [0.375, 0.375, 0.375]
		},
		"thirdperson_lefthand": {
			"rotation": [75, 45, 0],
			"translation": [0, 2.5, 0],
			"scale": [0.375, 0.375, 0.375]
		},
		"firstperson_righthand": {
			"rotation": [0, 135, 0],
			"scale": [0.4, 0.4, 0.4]
		},
		"firstperson_lefthand": {
			"rotation": [0, 135, 0],
			"scale": [0.4, 0.4, 0.4]
		},
		"ground": {
			"translation": [0, 3, 0],
			"scale": [0.25, 0.25, 0.25]
		},
		"gui": {
			"rotation": [30, -135, 0],
			"scale": [0.625, 0.625, 0.625]
		},
		"fixed": {
			"scale": [0.5, 0.5, 0.5]
		}
	},
	"groups": [
		{
			"name": "Body",
			"origin": [8, 8, 8],
			"children": [0, 1, 2]
		},
		{
			"name": "Frame",
			"origin": [8, 8, 8],
			"children": [3, 4, 5, 6, 7, 8, 9, 10, 11, 12, 13, 14]
		},
		{
			"name": "Grid",
			"origin": [20, 23, 11],
			"children": [15, 16, 17, 18, 19, 20, 21, 22]
		},
		{
			"name": "Saw_Pliers",
			"origin": [8, 8, 8],
			"children": [
				{
					"name": "Pliers",
					"origin": [8, 8, 8],
					"children": [23, 24, 25, 26, 27]
				},
				{
					"name": "Saw",
					"origin": [8, 8, 8],
					"children": [28, 29, 30, 31, 32, 33, 34]
				}
			]
		},
		{
			"name": "Hammer",
			"origin": [8, 8, 8],
			"children": [
				{
					"name": "Hammer",
					"origin": [8, 8, 8],
					"children": [35, 36]
				}
			]
		}
	]
}