{
	"credit": "Made by Miffen Kop!",
	"textures": {
		"wall": "block/gray_terracotta",
		"basalt": "block/basalt_side"
	},
	"elements": [
		{
			"from": [0, 0, -16],
			"to": [16, 16, -1],
			"faces": {
				"east": {"uv": [1, 0, 16, 16], "texture": "#wall"},
				"south": {"uv": [0, 0, 16, 16], "texture": "#basalt"},
				"west": {"uv": [0, 0, 15, 16], "texture": "#wall"}
			}
		},
		{
			"from": [15, 0, -1],
			"to": [16, 16, 0],
			"faces": {
				"east": {"uv": [0, 0, 1, 16], "texture": "#wall"},
				"south": {"uv": [15, 0, 16, 16], "texture": "#wall"},
				"west": {"uv": [15, 0, 16, 16], "texture": "#wall"}
			}
		},
		{
			"from": [0, 0, -1],
			"to": [1, 16, 0],
			"faces": {
				"east": {"uv": [0, 0, 1, 16], "texture": "#wall"},
				"south": {"uv": [0, 0, 1, 16], "texture": "#wall"},
				"west": {"uv": [15, 0, 16, 16], "texture": "#wall"}
			}
		},
		{
			"from": [0, 0, 31],
			"to": [16, 16, 32],
			"faces": {
				"north": {"uv": [0, 0, 16, 16], "texture": "#basalt"},
				"east": {"uv": [0, 0, 1, 16], "texture": "#wall"},
				"west": {"uv": [15, 0, 16, 16], "texture": "#wall"}
			}
		},
		{
			"from": [15, 0, 16],
			"to": [16, 16, 31],
			"faces": {
				"north": {"uv": [0, 0, 1, 16], "texture": "#wall"},
				"east": {"uv": [1, 0, 16, 16], "texture": "#wall"},
				"west": {"uv": [0, 0, 15, 16], "texture": "#basalt"}
			}
		},
		{
			"from": [0, 0, 16],
			"to": [1, 16, 31],
			"faces": {
				"north": {"uv": [15, 0, 16, 16], "texture": "#wall"},
				"east": {"uv": [1, 0, 16, 16], "texture": "#basalt"},
				"west": {"uv": [0, 0, 15, 16], "texture": "#wall"}
			}
		},
		{
			"from": [13, 0, 16],
			"to": [15, 16, 17],
			"faces": {
				"north": {"uv": [1, 0, 3, 16], "texture": "#wall"},
				"south": {"uv": [13, 0, 15, 16], "texture": "#wall"},
				"west": {"uv": [0, 0, 1, 16], "texture": "#wall"}
			}
		},
		{
			"from": [1, 0, 16],
			"to": [3, 16, 17],
			"faces": {
				"north": {"uv": [13, 0, 15, 16], "texture": "#wall"},
				"east": {"uv": [15, 0, 16, 16], "texture": "#wall"},
				"south": {"uv": [1, 0, 3, 16], "texture": "#wall"}
			}
		}
	]
}