{
	"credit": "Made by Miffen Kop!",
	"parent": "minecraft:block/template_trapdoor_open",
	"textures": {
		"texture": "block/oak_trapdoor"
	},
	"elements": [
		{
			"from": [3, 3, 16],
			"to": [13, 13, 13],
			"faces": {
				"east": {"uv": [3, 3, 0, 13], "texture": "#texture", "cullface": "east"},
				"west": {"uv": [16, 3, 13, 13], "texture": "#texture", "cullface": "west"},
				"up": {"uv": [3, 16, 13, 13], "texture": "#texture", "cullface": "up"},
				"down": {"uv": [3, 3, 13, 0], "texture": "#texture", "cullface": "down"}
			}
		},
		{
			"from": [3, 6, 13],
			"to": [13, 10, 16],
			"faces": {
				"up": {"uv": [3, 16, 13, 13], "texture": "#texture", "cullface": "up"},
				"down": {"uv": [3, 3, 13, 0], "texture": "#texture", "cullface": "down"}
			}
		},
		{
			"from": [6, 3, 13],
			"to": [10, 13, 16],
			"faces": {
				"east": {"uv": [3, 3, 0, 13], "texture": "#texture", "cullface": "east"},
				"west": {"uv": [16, 3, 13, 13], "texture": "#texture", "cullface": "west"}
			}
		}
	]
}