{
	"credit": "Made by Miffen Kop!",
	"textures": {
		"0": "miffenkop:item/props/oak_post",
		"1": "block/oak_planks",
		"particle": "miffenkop:item/props/oak_post"
	},
	"elements": [
		{
			"from": [6, 0, 6],
			"to": [10, 16, 10],
			"faces": {
				"north": {"uv": [6, 0, 10, 16], "texture": "#0"},
				"east": {"uv": [6, 0, 10, 16], "texture": "#1"},
				"south": {"uv": [6, 0, 10, 16], "texture": "#1"},
				"west": {"uv": [6, 0, 10, 16], "texture": "#1"},
				"up": {"uv": [6, 6, 10, 10], "texture": "#1"}
			}
		},
		{
			"from": [7, 0, 9],
			"to": [9, 12, 7],
			"faces": {
				"north": {"uv": [7, 4, 9, 16], "texture": "#1"},
				"east": {"uv": [7, 4, 9, 16], "texture": "#1"},
				"south": {"uv": [7, 4, 9, 16], "texture": "#0"},
				"west": {"uv": [7, 4, 9, 16], "texture": "#1"}
			}
		},
		{
			"name": "top bar",
			"from": [7, 12, 0],
			"to": [9, 15, 9],
			"faces": {
				"north": {"uv": [7, 1, 9, 4], "texture": "#1", "cullface": "north"},
				"east": {"uv": [7, 1, 16, 4], "texture": "#1"},
				"west": {"uv": [0, 1, 9, 4], "texture": "#1"},
				"up": {"uv": [7, 0, 9, 9], "texture": "#1"},
				"down": {"uv": [7, 7, 9, 16], "texture": "#1"}
			}
		},
		{
			"name": "lower bar",
			"from": [7, 6, 0],
			"to": [9, 9, 7],
			"faces": {
				"north": {"uv": [7, 7, 9, 10], "texture": "#1", "cullface": "north"},
				"east": {"uv": [9, 7, 16, 10], "texture": "#1"},
				"west": {"uv": [0, 7, 7, 10], "texture": "#1"},
				"up": {"uv": [7, 0, 9, 7], "texture": "#1"},
				"down": {"uv": [7, 9, 9, 16], "texture": "#1"}
			}
		},
		{
			"name": "lower bar",
			"from": [9, 9, 6],
			"to": [7, 11, 7],
			"faces": {
				"east": {"uv": [9, 5, 10, 7], "texture": "#1"},
				"west": {"uv": [6, 5, 7, 7], "texture": "#1"},
				"up": {"uv": [9, 6, 7, 7], "texture": "#1"}
			}
		}
	]
}