{
	"credit": "Made by Miffen Kop!",
	"textures": {
		"1": "miffenkop:item/props/oak_hole",
		"2": "block/oak_planks",
		"particle": "block/oak_planks"
	},
	"elements": [
		{
			"from": [7, 0, 9],
			"to": [9, 16, 7],
			"faces": {
				"north": {"uv": [7, 0, 9, 16], "texture": "#1"},
				"east": {"uv": [9, 0, 7, 16], "texture": "#1"},
				"south": {"uv": [9, 0, 11, 16], "texture": "#1"},
				"west": {"uv": [9, 0, 7, 16], "texture": "#1"},
				"down": {"uv": [7, 9, 9, 7], "texture": "#1"}
			}
		},
		{
			"from": [7, 1, 7],
			"to": [9, 4, 6],
			"faces": {
				"up": {"uv": [7, 7, 9, 6], "texture": "#2"},
				"down": {"uv": [7, 10, 9, 9], "texture": "#2"}
			}
		}
	]
}