{
	"credit": "Made by Miffen Kop!",
	"textures": {
		"0": "block/glass",
		"particle": "block/glass"
	},
	"elements": [
		{
			"from": [-8, 0, 8],
			"to": [8, 16, 24],
			"rotation": {"angle": 0, "axis": "y", "origin": [-8, 0, 8]},
			"faces": {
				"north": {"uv": [0, 7, 16, 9], "texture": "#0"},
				"east": {"uv": [0, 7, 16, 9], "texture": "#0"},
				"south": {"uv": [0, 7, 16, 9], "texture": "#0"},
				"west": {"uv": [0, 7, 16, 9], "texture": "#0"}
			}
		},
		{
			"from": [8, 0, -8],
			"to": [24, 16, 8],
			"rotation": {"angle": 0, "axis": "y", "origin": [-8, 0, 8]},
			"faces": {
				"north": {"uv": [0, 7, 16, 9], "texture": "#0"},
				"east": {"uv": [0, 7, 16, 9], "texture": "#0"},
				"south": {"uv": [0, 7, 16, 9], "texture": "#0"},
				"west": {"uv": [0, 7, 16, 9], "texture": "#0"}
			}
		}
	]
}