{
	"credit": "Made with Blockbench",
	"texture_size": [64, 64],
	"textures": {
		"0": "thunderie:item/mars_arm",
		"particle": "thunderie:item/mars_arm"
	},
	"elements": [
		{
			"from": [22.25, -1, 17.25],
			"to": [27.25, 1, 22.25],
			"rotation": {"angle": -45, "axis": "y", "origin": [0, -11, 0]},
			"faces": {
				"north": {"uv": [1.25, 9.25, 2.5, 9.75], "texture": "#0"},
				"east": {"uv": [0, 9.25, 1.25, 9.75], "texture": "#0"},
				"south": {"uv": [3.75, 9.25, 5, 9.75], "texture": "#0"},
				"west": {"uv": [2.5, 9.25, 3.75, 9.75], "texture": "#0"},
				"up": {"uv": [2.5, 9.25, 1.25, 8], "texture": "#0"},
				"down": {"uv": [3.75, 8, 2.5, 9.25], "texture": "#0"}
			}
		},
		{
			"from": [2, -3, 27],
			"to": [5, 2, 30],
			"rotation": {"angle": 0, "axis": "y", "origin": [0, -11, 0]},
			"faces": {
				"north": {"uv": [8.75, 9.5, 9.5, 10.75], "texture": "#0"},
				"east": {"uv": [8, 9.5, 8.75, 10.75], "texture": "#0"},
				"south": {"uv": [10.25, 9.5, 11, 10.75], "texture": "#0"},
				"west": {"uv": [9.5, 9.5, 10.25, 10.75], "texture": "#0"},
				"up": {"uv": [9.5, 9.5, 8.75, 8.75], "texture": "#0"},
				"down": {"uv": [10.25, 8.75, 9.5, 9.5], "texture": "#0"}
			}
		},
		{
			"from": [5, -2.5, 24],
			"to": [7, 0.5, 27],
			"rotation": {"angle": 0, "axis": "y", "origin": [0, -11, 0]},
			"faces": {
				"north": {"uv": [2.75, 0.75, 3.25, 1.5], "texture": "#0"},
				"east": {"uv": [2, 0.75, 2.75, 1.5], "texture": "#0"},
				"south": {"uv": [4, 0.75, 4.5, 1.5], "texture": "#0"},
				"west": {"uv": [3.25, 0.75, 4, 1.5], "texture": "#0"},
				"up": {"uv": [3.25, 0.75, 2.75, 0], "texture": "#0"},
				"down": {"uv": [3.75, 0, 3.25, 0.75], "texture": "#0"}
			}
		},
		{
			"from": [5, -3, 9],
			"to": [7, 1, 13],
			"rotation": {"angle": 0, "axis": "y", "origin": [0, -11, 0]},
			"faces": {
				"north": {"uv": [9.5, 1, 10, 2], "texture": "#0"},
				"east": {"uv": [8.5, 1, 9.5, 2], "texture": "#0"},
				"south": {"uv": [11, 1, 11.5, 2], "texture": "#0"},
				"west": {"uv": [10, 1, 11, 2], "texture": "#0"},
				"up": {"uv": [10, 1, 9.5, 0], "texture": "#0"},
				"down": {"uv": [10.5, 0, 10, 1], "texture": "#0"}
			}
		},
		{
			"from": [2, -2.5, 24],
			"to": [3, 0.5, 27],
			"rotation": {"angle": 0, "axis": "y", "origin": [0, -11, 0]},
			"faces": {
				"north": {"uv": [6.25, 0.75, 6.5, 1.5], "texture": "#0"},
				"east": {"uv": [5.5, 0.75, 6.25, 1.5], "texture": "#0"},
				"south": {"uv": [7.25, 0.75, 7.5, 1.5], "texture": "#0"},
				"west": {"uv": [6.5, 0.75, 7.25, 1.5], "texture": "#0"},
				"up": {"uv": [6.5, 0.75, 6.25, 0], "texture": "#0"},
				"down": {"uv": [6.75, 0, 6.5, 0.75], "texture": "#0"}
			}
		},
		{
			"from": [3, -2, 25],
			"to": [5, 0, 27],
			"rotation": {"angle": 0, "axis": "y", "origin": [0, -11, 0]},
			"faces": {
				"north": {"uv": [2.5, 10.75, 3, 11.25], "texture": "#0"},
				"east": {"uv": [2, 10.75, 2.5, 11.25], "texture": "#0"},
				"south": {"uv": [3.5, 10.75, 4, 11.25], "texture": "#0"},
				"west": {"uv": [3, 10.75, 3.5, 11.25], "texture": "#0"},
				"up": {"uv": [3, 10.75, 2.5, 10.25], "texture": "#0"},
				"down": {"uv": [3.5, 10.25, 3, 10.75], "texture": "#0"}
			}
		},
		{
			"from": [2, -2, 10],
			"to": [5, 0, 12],
			"rotation": {"angle": 0, "axis": "y", "origin": [0, -11, 0]},
			"faces": {
				"north": {"uv": [10.5, 7.25, 11.25, 7.75], "texture": "#0"},
				"east": {"uv": [10, 7.25, 10.5, 7.75], "texture": "#0"},
				"south": {"uv": [11.75, 7.25, 12.5, 7.75], "texture": "#0"},
				"west": {"uv": [11.25, 7.25, 11.75, 7.75], "texture": "#0"},
				"up": {"uv": [11.25, 7.25, 10.5, 6.75], "texture": "#0"},
				"down": {"uv": [12, 6.75, 11.25, 7.25], "texture": "#0"}
			}
		},
		{
			"from": [-1, -2, 25],
			"to": [2, 0, 27],
			"rotation": {"angle": 0, "axis": "y", "origin": [0, -11, 0]},
			"faces": {
				"north": {"uv": [10.5, 7.25, 11.25, 7.75], "texture": "#0"},
				"east": {"uv": [10, 7.25, 10.5, 7.75], "texture": "#0"},
				"south": {"uv": [11.75, 7.25, 12.5, 7.75], "texture": "#0"},
				"west": {"uv": [11.25, 7.25, 11.75, 7.75], "texture": "#0"},
				"up": {"uv": [11.25, 7.25, 10.5, 6.75], "texture": "#0"},
				"down": {"uv": [12, 6.75, 11.25, 7.25], "texture": "#0"}
			}
		},
		{
			"from": [5, 13, 9],
			"to": [7, 17, 13],
			"rotation": {"angle": 0, "axis": "y", "origin": [0, -13, 0]},
			"faces": {
				"north": {"uv": [9, 7.75, 9.5, 8.75], "texture": "#0"},
				"east": {"uv": [8, 7.75, 9, 8.75], "texture": "#0"},
				"south": {"uv": [10.5, 7.75, 11, 8.75], "texture": "#0"},
				"west": {"uv": [9.5, 7.75, 10.5, 8.75], "texture": "#0"},
				"up": {"uv": [9.5, 7.75, 9, 6.75], "texture": "#0"},
				"down": {"uv": [10, 6.75, 9.5, 7.75], "texture": "#0"}
			}
		},
		{
			"from": [6, 17, 13],
			"to": [10, 19, 17],
			"rotation": {"angle": 0, "axis": "y", "origin": [0, -13, 0]},
			"faces": {
				"north": {"uv": [1, 3.25, 2, 3.75], "texture": "#0"},
				"east": {"uv": [0, 3.25, 1, 3.75], "texture": "#0"},
				"south": {"uv": [3, 3.25, 4, 3.75], "texture": "#0"},
				"west": {"uv": [2, 3.25, 3, 3.75], "texture": "#0"},
				"up": {"uv": [2, 3.25, 1, 2.25], "texture": "#0"},
				"down": {"uv": [3, 2.25, 2, 3.25], "texture": "#0"}
			}
		},
		{
			"from": [6, 19, 11],
			"to": [10, 23, 19],
			"rotation": {"angle": 0, "axis": "y", "origin": [0, -13, 0]},
			"faces": {
				"north": {"uv": [2, 7, 3, 8], "texture": "#0"},
				"east": {"uv": [0, 7, 2, 8], "texture": "#0"},
				"south": {"uv": [5, 7, 6, 8], "texture": "#0"},
				"west": {"uv": [3, 7, 5, 8], "texture": "#0"},
				"up": {"uv": [3, 7, 2, 5], "texture": "#0"},
				"down": {"uv": [4, 5, 3, 7], "texture": "#0"}
			}
		},
		{
			"from": [3, 20, 11],
			"to": [5, 24, 19],
			"rotation": {"angle": 0, "axis": "y", "origin": [0, -13, 0]},
			"faces": {
				"north": {"uv": [7.5, 2, 8, 3], "texture": "#0"},
				"east": {"uv": [5.5, 2, 7.5, 3], "texture": "#0"},
				"south": {"uv": [10, 2, 10.5, 3], "texture": "#0"},
				"west": {"uv": [8, 2, 10, 3], "texture": "#0"},
				"up": {"uv": [8, 2, 7.5, 0], "texture": "#0"},
				"down": {"uv": [8.5, 0, 8, 2], "texture": "#0"}
			}
		},
		{
			"from": [-11.15, 19, 14],
			"to": [-9.15, 22, 16],
			"rotation": {"angle": -22.5, "axis": "z", "origin": [0, -13, 0]},
			"faces": {
				"north": {"uv": [7, 10.75, 7.5, 11.5], "texture": "#0"},
				"east": {"uv": [6.5, 10.75, 7, 11.5], "texture": "#0"},
				"south": {"uv": [8, 10.75, 8.5, 11.5], "texture": "#0"},
				"west": {"uv": [7.5, 10.75, 8, 11.5], "texture": "#0"},
				"up": {"uv": [7.5, 10.75, 7, 10.25], "texture": "#0"},
				"down": {"uv": [8, 10.25, 7.5, 10.75], "texture": "#0"}
			}
		},
		{
			"from": [5, 20, 17],
			"to": [6, 23, 18],
			"rotation": {"angle": 0, "axis": "y", "origin": [0, -13, 0]},
			"faces": {
				"north": {"uv": [4, 8.25, 4.25, 9], "texture": "#0"},
				"east": {"uv": [3.75, 8.25, 4, 9], "texture": "#0"},
				"south": {"uv": [4.5, 8.25, 4.75, 9], "texture": "#0"},
				"west": {"uv": [4.25, 8.25, 4.5, 9], "texture": "#0"},
				"up": {"uv": [4.25, 8.25, 4, 8], "texture": "#0"},
				"down": {"uv": [4.5, 8, 4.25, 8.25], "texture": "#0"}
			}
		},
		{
			"from": [5, 20, 12],
			"to": [6, 23, 13],
			"rotation": {"angle": 0, "axis": "y", "origin": [0, -13, 0]},
			"faces": {
				"north": {"uv": [0.25, 8.25, 0.5, 9], "texture": "#0"},
				"east": {"uv": [0, 8.25, 0.25, 9], "texture": "#0"},
				"south": {"uv": [0.75, 8.25, 1, 9], "texture": "#0"},
				"west": {"uv": [0.5, 8.25, 0.75, 9], "texture": "#0"},
				"up": {"uv": [0.5, 8.25, 0.25, 8], "texture": "#0"},
				"down": {"uv": [0.75, 8, 0.5, 8.25], "texture": "#0"}
			}
		},
		{
			"from": [10, 19.75, 11.75],
			"to": [11, 23.25, 18.25],
			"rotation": {"angle": 0, "axis": "y", "origin": [0, -13, 0]},
			"faces": {
				"north": {"uv": [1.5, 1.5, 1.75, 2.25], "texture": "#0"},
				"east": {"uv": [0, 1.5, 1.5, 2.25], "texture": "#0"},
				"south": {"uv": [3.25, 1.5, 3.5, 2.25], "texture": "#0"},
				"west": {"uv": [1.75, 1.5, 3.25, 2.25], "texture": "#0"},
				"up": {"uv": [1.75, 1.5, 1.5, 0], "texture": "#0"},
				"down": {"uv": [2, 0, 1.75, 1.5], "texture": "#0"}
			}
		},
		{
			"from": [11, 20, 12],
			"to": [14, 23, 16],
			"rotation": {"angle": 0, "axis": "y", "origin": [0, -13, 0]},
			"faces": {
				"north": {"uv": [9, 6, 9.75, 6.75], "texture": "#0"},
				"east": {"uv": [8, 6, 9, 6.75], "texture": "#0"},
				"south": {"uv": [10.75, 6, 11.5, 6.75], "texture": "#0"},
				"west": {"uv": [9.75, 6, 10.75, 6.75], "texture": "#0"},
				"up": {"uv": [9.75, 6, 9, 5], "texture": "#0"},
				"down": {"uv": [10.5, 5, 9.75, 6], "texture": "#0"}
			}
		},
		{
			"from": [6, 19, 10],
			"to": [10, 23, 11],
			"rotation": {"angle": 0, "axis": "y", "origin": [0, -13, 0]},
			"faces": {
				"north": {"uv": [9.75, 3.25, 10.75, 4.25], "texture": "#0"},
				"east": {"uv": [9.5, 3.25, 9.75, 4.25], "texture": "#0"},
				"south": {"uv": [11, 3.25, 12, 4.25], "texture": "#0"},
				"west": {"uv": [10.75, 3.25, 11, 4.25], "texture": "#0"},
				"up": {"uv": [10.75, 3.25, 9.75, 3], "texture": "#0"},
				"down": {"uv": [11.75, 3, 10.75, 3.25], "texture": "#0"}
			}
		},
		{
			"from": [10, 19, 11],
			"to": [12, 21, 12],
			"rotation": {"angle": 0, "axis": "y", "origin": [0, -13, 0]},
			"faces": {
				"north": {"uv": [3.25, 2.75, 3.75, 3.25], "texture": "#0"},
				"east": {"uv": [3, 2.75, 3.25, 3.25], "texture": "#0"},
				"south": {"uv": [4, 2.75, 4.5, 3.25], "texture": "#0"},
				"west": {"uv": [3.75, 2.75, 4, 3.25], "texture": "#0"},
				"up": {"uv": [3.75, 2.75, 3.25, 2.5], "texture": "#0"},
				"down": {"uv": [4.25, 2.5, 3.75, 2.75], "texture": "#0"}
			}
		},
		{
			"from": [7.5, 22, 8],
			"to": [8.5, 23, 10],
			"rotation": {"angle": 0, "axis": "y", "origin": [0, -13, 0]},
			"faces": {
				"north": {"uv": [3.5, 2.25, 3.75, 2.5], "texture": "#0"},
				"east": {"uv": [3, 2.25, 3.5, 2.5], "texture": "#0"},
				"south": {"uv": [4.25, 2.25, 4.5, 2.5], "texture": "#0"},
				"west": {"uv": [3.75, 2.25, 4.25, 2.5], "texture": "#0"},
				"up": {"uv": [3.75, 2.25, 3.5, 1.75], "texture": "#0"},
				"down": {"uv": [4, 1.75, 3.75, 2.25], "texture": "#0"}
			}
		},
		{
			"from": [7.5, 19, 8],
			"to": [8.5, 20, 10],
			"rotation": {"angle": 0, "axis": "y", "origin": [0, -13, 0]},
			"faces": {
				"north": {"uv": [0.5, 1.25, 0.75, 1.5], "texture": "#0"},
				"east": {"uv": [0, 1.25, 0.5, 1.5], "texture": "#0"},
				"south": {"uv": [1.25, 1.25, 1.5, 1.5], "texture": "#0"},
				"west": {"uv": [0.75, 1.25, 1.25, 1.5], "texture": "#0"},
				"up": {"uv": [0.75, 1.25, 0.5, 0.75], "texture": "#0"},
				"down": {"uv": [1, 0.75, 0.75, 1.25], "texture": "#0"}
			}
		},
		{
			"from": [7, 12, 14],
			"to": [9, 17, 16],
			"rotation": {"angle": 0, "axis": "y", "origin": [0, -13, 0]},
			"faces": {
				"north": {"uv": [0.5, 5.5, 1, 6.75], "texture": "#0"},
				"east": {"uv": [0, 5.5, 0.5, 6.75], "texture": "#0"},
				"south": {"uv": [1.5, 5.5, 2, 6.75], "texture": "#0"},
				"west": {"uv": [1, 5.5, 1.5, 6.75], "texture": "#0"},
				"up": {"uv": [1, 5.5, 0.5, 5], "texture": "#0"},
				"down": {"uv": [1.5, 5, 1, 5.5], "texture": "#0"}
			}
		},
		{
			"from": [10, 19, 17],
			"to": [12, 23, 19],
			"rotation": {"angle": 0, "axis": "y", "origin": [0, -13, 0]},
			"faces": {
				"north": {"uv": [4.5, 5.5, 5, 6.5], "texture": "#0"},
				"east": {"uv": [4, 5.5, 4.5, 6.5], "texture": "#0"},
				"south": {"uv": [5.5, 5.5, 6, 6.5], "texture": "#0"},
				"west": {"uv": [5, 5.5, 5.5, 6.5], "texture": "#0"},
				"up": {"uv": [5, 5.5, 4.5, 5], "texture": "#0"},
				"down": {"uv": [5.5, 5, 5, 5.5], "texture": "#0"}
			}
		},
		{
			"from": [12, 22, 17],
			"to": [13, 23, 18],
			"rotation": {"angle": 0, "axis": "y", "origin": [0, -13, 0]},
			"faces": {
				"north": {"uv": [3.25, 4, 3.5, 4.25], "texture": "#0"},
				"east": {"uv": [3, 4, 3.25, 4.25], "texture": "#0"},
				"south": {"uv": [3.75, 4, 4, 4.25], "texture": "#0"},
				"west": {"uv": [3.5, 4, 3.75, 4.25], "texture": "#0"},
				"up": {"uv": [3.5, 4, 3.25, 3.75], "texture": "#0"},
				"down": {"uv": [3.75, 3.75, 3.5, 4], "texture": "#0"}
			}
		},
		{
			"from": [-5.75, 21, 17],
			"to": [-3.75, 22, 18],
			"rotation": {"angle": 22.5, "axis": "y", "origin": [0, -13, 0]},
			"faces": {
				"north": {"uv": [1.75, 4, 2.25, 4.25], "texture": "#0"},
				"east": {"uv": [1.5, 4, 1.75, 4.25], "texture": "#0"},
				"south": {"uv": [2.5, 4, 3, 4.25], "texture": "#0"},
				"west": {"uv": [2.25, 4, 2.5, 4.25], "texture": "#0"},
				"up": {"uv": [2.25, 4, 1.75, 3.75], "texture": "#0"},
				"down": {"uv": [2.75, 3.75, 2.25, 4], "texture": "#0"}
			}
		},
		{
			"from": [1, 21, 12],
			"to": [3, 22, 13],
			"rotation": {"angle": 0, "axis": "y", "origin": [0, -13, 0]},
			"faces": {
				"north": {"uv": [0.25, 4, 0.75, 4.25], "texture": "#0"},
				"east": {"uv": [0, 4, 0.25, 4.25], "texture": "#0"},
				"south": {"uv": [1, 4, 1.5, 4.25], "texture": "#0"},
				"west": {"uv": [0.75, 4, 1, 4.25], "texture": "#0"},
				"up": {"uv": [0.75, 4, 0.25, 3.75], "texture": "#0"},
				"down": {"uv": [1.25, 3.75, 0.75, 4], "texture": "#0"}
			}
		},
		{
			"from": [7, 14, 10],
			"to": [9, 16, 14],
			"rotation": {"angle": 0, "axis": "y", "origin": [0, -13, 0]},
			"faces": {
				"north": {"uv": [5, 10, 5.5, 10.5], "texture": "#0"},
				"east": {"uv": [4, 10, 5, 10.5], "texture": "#0"},
				"south": {"uv": [6.5, 10, 7, 10.5], "texture": "#0"},
				"west": {"uv": [5.5, 10, 6.5, 10.5], "texture": "#0"},
				"up": {"uv": [5.5, 10, 5, 9], "texture": "#0"},
				"down": {"uv": [6, 9, 5.5, 10], "texture": "#0"}
			}
		},
		{
			"from": [2, 14, 10],
			"to": [5, 16, 12],
			"rotation": {"angle": 0, "axis": "y", "origin": [0, -13, 0]},
			"faces": {
				"north": {"uv": [0.5, 10.25, 1.25, 10.75], "texture": "#0"},
				"east": {"uv": [0, 10.25, 0.5, 10.75], "texture": "#0"},
				"south": {"uv": [1.75, 10.25, 2.5, 10.75], "texture": "#0"},
				"west": {"uv": [1.25, 10.25, 1.75, 10.75], "texture": "#0"},
				"up": {"uv": [1.25, 10.25, 0.5, 9.75], "texture": "#0"},
				"down": {"uv": [2, 9.75, 1.25, 10.25], "texture": "#0"}
			}
		},
		{
			"from": [3, 2, 29],
			"to": [4, 5, 30],
			"rotation": {"angle": 0, "axis": "y", "origin": [0, -11, 0]},
			"faces": {
				"north": {"uv": [0.25, 2.5, 0.5, 3.25], "texture": "#0"},
				"east": {"uv": [0, 2.5, 0.25, 3.25], "texture": "#0"},
				"south": {"uv": [0.75, 2.5, 1, 3.25], "texture": "#0"},
				"west": {"uv": [0.5, 2.5, 0.75, 3.25], "texture": "#0"},
				"up": {"uv": [0.5, 2.5, 0.25, 2.25], "texture": "#0"},
				"down": {"uv": [0.75, 2.25, 0.5, 2.5], "texture": "#0"}
			}
		},
		{
			"from": [3, 5, 28],
			"to": [4, 6, 30],
			"rotation": {"angle": 0, "axis": "y", "origin": [0, -11, 0]},
			"faces": {
				"north": {"uv": [0.5, 0.5, 0.75, 0.75], "texture": "#0"},
				"east": {"uv": [0, 0.5, 0.5, 0.75], "texture": "#0"},
				"south": {"uv": [1.25, 0.5, 1.5, 0.75], "texture": "#0"},
				"west": {"uv": [0.75, 0.5, 1.25, 0.75], "texture": "#0"},
				"up": {"uv": [0.75, 0.5, 0.5, 0], "texture": "#0"},
				"down": {"uv": [1, 0, 0.75, 0.5], "texture": "#0"}
			}
		},
		{
			"from": [7, -2, 9],
			"to": [9, 0, 27],
			"rotation": {"angle": 0, "axis": "y", "origin": [0, -11, 0]},
			"faces": {
				"north": {"uv": [4.5, 4.5, 5, 5], "texture": "#0"},
				"east": {"uv": [0, 4.5, 4.5, 5], "texture": "#0"},
				"south": {"uv": [9.5, 4.5, 10, 5], "texture": "#0"},
				"west": {"uv": [5, 4.5, 9.5, 5], "texture": "#0"},
				"up": {"uv": [5, 4.5, 4.5, 0], "texture": "#0"},
				"down": {"uv": [5.5, 0, 5, 4.5], "texture": "#0"}
			}
		},
		{
			"from": [3, -1, 9],
			"to": [5, 15, 11],
			"rotation": {"angle": 0, "axis": "y", "origin": [0, -11, 0]},
			"faces": {
				"north": {"uv": [6.5, 6, 7, 10], "texture": "#0"},
				"east": {"uv": [6, 6, 6.5, 10], "texture": "#0"},
				"south": {"uv": [7.5, 6, 8, 10], "texture": "#0"},
				"west": {"uv": [7, 6, 7.5, 10], "texture": "#0"},
				"up": {"uv": [7, 6, 6.5, 5.5], "texture": "#0"},
				"down": {"uv": [7.5, 5.5, 7, 6], "texture": "#0"}
			}
		}
	],
	"display": {
		"ground": {
			"translation": [0, 13.75, 0]
		},
		"head": {
			"translation": [0, -22, 0],
			"scale": [1.8, 1.8, 1.8]
		}
	},
	"groups": [
		{
			"name": "arm",
			"origin": [8, 8, 8],
			"color": 0,
			"nbt": "{}",
			"children": [0, 1, 2, 3, 4, 5, 6, 7, 8, 9, 10, 11, 12, 13, 14, 15, 16, 17, 18, 19, 20, 21, 22, 23, 24, 25, 26, 27, 28, 29, 30, 31]
		}
	]
}