{
	"credit": "Made with Blockbench",
	"texture_size": [128, 128],
	"textures": {
		"3": "thunderie:item/mars_rover"
	},
	"elements": [
		{
			"from": [0, 6, -5],
			"to": [16, 14, 11],
			"rotation": {"angle": 0, "axis": "y", "origin": [0, 6, 3]},
			"faces": {
				"north": {"uv": [2, 2, 4, 3], "texture": "#3"},
				"east": {"uv": [0, 2, 2, 3], "texture": "#3"},
				"south": {"uv": [6, 2, 8, 3], "texture": "#3"},
				"west": {"uv": [4, 2, 6, 3], "texture": "#3"},
				"up": {"uv": [4, 2, 2, 0], "texture": "#3"},
				"down": {"uv": [6, 0, 4, 2], "texture": "#3"}
			}
		},
		{
			"from": [0, 9, -6],
			"to": [7, 14, -5],
			"rotation": {"angle": 0, "axis": "y", "origin": [0, 6, 3]},
			"faces": {
				"north": {"uv": [0.125, 9.75, 1, 10.375], "texture": "#3"},
				"east": {"uv": [0, 9.75, 0.125, 10.375], "texture": "#3"},
				"south": {"uv": [1.125, 9.75, 2, 10.375], "texture": "#3"},
				"west": {"uv": [1, 9.75, 1.125, 10.375], "texture": "#3"},
				"up": {"uv": [1, 9.75, 0.125, 9.625], "texture": "#3"},
				"down": {"uv": [1.875, 9.625, 1, 9.75], "texture": "#3"}
			}
		},
		{
			"from": [2, 13, -9],
			"to": [8, 17, -8],
			"rotation": {"angle": -22.5, "axis": "y", "origin": [0, 6, 3]},
			"faces": {
				"north": {"uv": [9.875, 1.5, 10.625, 2], "texture": "#3"},
				"east": {"uv": [9.75, 1.5, 9.875, 2], "texture": "#3"},
				"south": {"uv": [10.75, 1.5, 11.5, 2], "texture": "#3"},
				"west": {"uv": [10.625, 1.5, 10.75, 2], "texture": "#3"},
				"up": {"uv": [10.625, 1.5, 9.875, 1.375], "texture": "#3"},
				"down": {"uv": [11.375, 1.375, 10.625, 1.5], "texture": "#3"}
			}
		},
		{
			"from": [0, 6, 11],
			"to": [16, 14, 19],
			"rotation": {"angle": 0, "axis": "y", "origin": [0, 6, 3]},
			"faces": {
				"north": {"uv": [6.75, 5.875, 8.75, 6.875], "texture": "#3"},
				"east": {"uv": [5.75, 5.875, 6.75, 6.875], "texture": "#3"},
				"south": {"uv": [9.75, 5.875, 11.75, 6.875], "texture": "#3"},
				"west": {"uv": [8.75, 5.875, 9.75, 6.875], "texture": "#3"},
				"up": {"uv": [8.75, 5.875, 6.75, 4.875], "texture": "#3"},
				"down": {"uv": [10.75, 4.875, 8.75, 5.875], "texture": "#3"}
			}
		},
		{
			"from": [2, 1, 17],
			"to": [14, 9, 32],
			"rotation": {"angle": -22.5, "axis": "x", "origin": [0, 6, 3]},
			"faces": {
				"north": {"uv": [1.875, 4.875, 3.375, 5.875], "texture": "#3"},
				"east": {"uv": [0, 4.875, 1.875, 5.875], "texture": "#3"},
				"south": {"uv": [5.25, 4.875, 6.75, 5.875], "texture": "#3"},
				"west": {"uv": [3.375, 4.875, 5.25, 5.875], "texture": "#3"},
				"up": {"uv": [3.375, 4.875, 1.875, 3], "texture": "#3"},
				"down": {"uv": [4.875, 3, 3.375, 4.875], "texture": "#3"}
			}
		},
		{
			"from": [14, 2, 17],
			"to": [15, 8, 32],
			"rotation": {"angle": -22.5, "axis": "x", "origin": [0, 6, 3]},
			"faces": {
				"north": {"uv": [4, 8.5, 4.125, 9.25], "texture": "#3"},
				"east": {"uv": [2.125, 8.5, 4, 9.25], "texture": "#3"},
				"south": {"uv": [6, 8.5, 6.125, 9.25], "texture": "#3"},
				"west": {"uv": [4.125, 8.5, 6, 9.25], "texture": "#3"},
				"up": {"uv": [4.125, 8.5, 4, 6.625], "texture": "#3"},
				"down": {"uv": [4.25, 6.625, 4.125, 8.5], "texture": "#3"}
			}
		},
		{
			"from": [1, 2, 17],
			"to": [2, 8, 32],
			"rotation": {"angle": -22.5, "axis": "x", "origin": [0, 6, 3]},
			"faces": {
				"north": {"uv": [1.875, 7.75, 2, 8.5], "texture": "#3"},
				"east": {"uv": [0, 7.75, 1.875, 8.5], "texture": "#3"},
				"south": {"uv": [3.875, 7.75, 4, 8.5], "texture": "#3"},
				"west": {"uv": [2, 7.75, 3.875, 8.5], "texture": "#3"},
				"up": {"uv": [2, 7.75, 1.875, 5.875], "texture": "#3"},
				"down": {"uv": [2.125, 5.875, 2, 7.75], "texture": "#3"}
			}
		},
		{
			"from": [16, 12, 7],
			"to": [17, 14, 11],
			"rotation": {"angle": 0, "axis": "y", "origin": [0, 6, 3]},
			"faces": {
				"north": {"uv": [10.75, 2.625, 10.875, 2.875], "texture": "#3"},
				"east": {"uv": [10.25, 2.625, 10.75, 2.875], "texture": "#3"},
				"south": {"uv": [11.375, 2.625, 11.5, 2.875], "texture": "#3"},
				"west": {"uv": [10.875, 2.625, 11.375, 2.875], "texture": "#3"},
				"up": {"uv": [10.875, 2.625, 10.75, 2.125], "texture": "#3"},
				"down": {"uv": [11, 2.125, 10.875, 2.625], "texture": "#3"}
			}
		},
		{
			"from": [-1, 15, 11],
			"to": [0, 23, 15],
			"rotation": {"angle": 22.5, "axis": "x", "origin": [0, 6, 3]},
			"faces": {
				"north": {"uv": [11.375, 4.875, 11.5, 5.875], "texture": "#3"},
				"east": {"uv": [10.875, 4.875, 11.375, 5.875], "texture": "#3"},
				"south": {"uv": [12, 4.875, 12.125, 5.875], "texture": "#3"},
				"west": {"uv": [11.5, 4.875, 12, 5.875], "texture": "#3"},
				"up": {"uv": [11.5, 4.875, 11.375, 4.375], "texture": "#3"},
				"down": {"uv": [11.625, 4.375, 11.5, 4.875], "texture": "#3"}
			}
		},
		{
			"from": [16, 15, 11],
			"to": [17, 23, 15],
			"rotation": {"angle": 22.5, "axis": "x", "origin": [0, 6, 3]},
			"faces": {
				"north": {"uv": [11.375, 4.875, 11.5, 5.875], "texture": "#3"},
				"east": {"uv": [10.875, 4.875, 11.375, 5.875], "texture": "#3"},
				"south": {"uv": [12, 4.875, 12.125, 5.875], "texture": "#3"},
				"west": {"uv": [11.5, 4.875, 12, 5.875], "texture": "#3"},
				"up": {"uv": [11.5, 4.875, 11.375, 4.375], "texture": "#3"},
				"down": {"uv": [11.625, 4.375, 11.5, 4.875], "texture": "#3"}
			}
		},
		{
			"from": [-1, 12, 7],
			"to": [0, 14, 11],
			"rotation": {"angle": 0, "axis": "y", "origin": [0, 6, 3]},
			"faces": {
				"north": {"uv": [3.25, 10.625, 3.375, 10.875], "texture": "#3"},
				"east": {"uv": [2.75, 10.625, 3.25, 10.875], "texture": "#3"},
				"south": {"uv": [3.875, 10.625, 4, 10.875], "texture": "#3"},
				"west": {"uv": [3.375, 10.625, 3.875, 10.875], "texture": "#3"},
				"up": {"uv": [3.375, 10.625, 3.25, 10.125], "texture": "#3"},
				"down": {"uv": [3.5, 10.125, 3.375, 10.625], "texture": "#3"}
			}
		},
		{
			"from": [9, 26, -3],
			"to": [17, 30, 2],
			"rotation": {"angle": 0, "axis": "y", "origin": [0, 6, 3]},
			"faces": {
				"north": {"uv": [6.625, 1.375, 7.625, 1.875], "texture": "#3"},
				"east": {"uv": [6, 1.375, 6.625, 1.875], "texture": "#3"},
				"south": {"uv": [8.25, 1.375, 9.25, 1.875], "texture": "#3"},
				"west": {"uv": [7.625, 1.375, 8.25, 1.875], "texture": "#3"},
				"up": {"uv": [7.625, 1.375, 6.625, 0.75], "texture": "#3"},
				"down": {"uv": [8.625, 0.75, 7.625, 1.375], "texture": "#3"}
			}
		},
		{
			"from": [7.75, 24, -3],
			"to": [12, 26, 2],
			"rotation": {"angle": 0, "axis": "y", "origin": [0, 6, 3]},
			"faces": {
				"north": {"uv": [2.75, 9.875, 3.25, 10.125], "texture": "#3"},
				"east": {"uv": [2.125, 9.875, 2.75, 10.125], "texture": "#3"},
				"south": {"uv": [3.875, 9.875, 4.375, 10.125], "texture": "#3"},
				"west": {"uv": [3.25, 9.875, 3.875, 10.125], "texture": "#3"},
				"up": {"uv": [3.25, 9.875, 2.75, 9.25], "texture": "#3"},
				"down": {"uv": [3.75, 9.25, 3.25, 9.875], "texture": "#3"}
			}
		},
		{
			"from": [12, 25, -3],
			"to": [17.75, 26, 2],
			"rotation": {"angle": 0, "axis": "y", "origin": [0, 6, 3]},
			"faces": {
				"north": {"uv": [2.75, 6.5, 3.375, 6.625], "texture": "#3"},
				"east": {"uv": [2.125, 6.5, 2.75, 6.625], "texture": "#3"},
				"south": {"uv": [4, 6.5, 4.625, 6.625], "texture": "#3"},
				"west": {"uv": [3.375, 6.5, 4, 6.625], "texture": "#3"},
				"up": {"uv": [3.375, 6.5, 2.75, 5.875], "texture": "#3"},
				"down": {"uv": [4, 5.875, 3.375, 6.5], "texture": "#3"}
			}
		},
		{
			"from": [13.75, 20, -5],
			"to": [14.75, 21, -1],
			"rotation": {"angle": 0, "axis": "y", "origin": [0, 6, 3]},
			"faces": {
				"north": {"uv": [0.5, 10.875, 0.625, 11], "texture": "#3"},
				"east": {"uv": [0, 10.875, 0.5, 11], "texture": "#3"},
				"south": {"uv": [1.125, 10.875, 1.25, 11], "texture": "#3"},
				"west": {"uv": [0.625, 10.875, 1.125, 11], "texture": "#3"},
				"up": {"uv": [0.625, 10.875, 0.5, 10.375], "texture": "#3"},
				"down": {"uv": [0.75, 10.375, 0.625, 10.875], "texture": "#3"}
			}
		},
		{
			"from": [12, 20, -6.75],
			"to": [18, 21, -5.75],
			"rotation": {"angle": -22.5, "axis": "y", "origin": [0, 6, 3]},
			"faces": {
				"north": {"uv": [2.25, 7.5, 3, 7.625], "texture": "#3"},
				"east": {"uv": [2.125, 7.5, 2.25, 7.625], "texture": "#3"},
				"south": {"uv": [3.125, 7.5, 3.875, 7.625], "texture": "#3"},
				"west": {"uv": [3, 7.5, 3.125, 7.625], "texture": "#3"},
				"up": {"uv": [3, 7.5, 2.25, 7.375], "texture": "#3"},
				"down": {"uv": [3.75, 7.375, 3, 7.5], "texture": "#3"}
			}
		},
		{
			"from": [14, 24.25, -1.5],
			"to": [16.25, 25.25, 0.5],
			"rotation": {"angle": 0, "axis": "y", "origin": [0, 6, 3]},
			"faces": {
				"north": {"uv": [10.5, 10.625, 10.75, 10.75], "texture": "#3"},
				"east": {"uv": [10.25, 10.625, 10.5, 10.75], "texture": "#3"},
				"south": {"uv": [11, 10.625, 11.25, 10.75], "texture": "#3"},
				"west": {"uv": [10.75, 10.625, 11, 10.75], "texture": "#3"},
				"up": {"uv": [10.75, 10.625, 10.5, 10.375], "texture": "#3"},
				"down": {"uv": [11, 10.375, 10.75, 10.625], "texture": "#3"}
			}
		},
		{
			"from": [7.75, 22, -2],
			"to": [11.75, 24, 0],
			"rotation": {"angle": 0, "axis": "y", "origin": [0, 6, 3]},
			"faces": {
				"north": {"uv": [2, 10.375, 2.5, 10.625], "texture": "#3"},
				"east": {"uv": [1.75, 10.375, 2, 10.625], "texture": "#3"},
				"south": {"uv": [2.75, 10.375, 3.25, 10.625], "texture": "#3"},
				"west": {"uv": [2.5, 10.375, 2.75, 10.625], "texture": "#3"},
				"up": {"uv": [2.5, 10.375, 2, 10.125], "texture": "#3"},
				"down": {"uv": [3, 10.125, 2.5, 10.375], "texture": "#3"}
			}
		},
		{
			"from": [15, 23.25, -1],
			"to": [17, 25.25, 1],
			"rotation": {"angle": 0, "axis": "y", "origin": [0, 6, 3]},
			"faces": {
				"north": {"uv": [8.25, 10.625, 8.5, 10.875], "texture": "#3"},
				"east": {"uv": [8, 10.625, 8.25, 10.875], "texture": "#3"},
				"south": {"uv": [8.75, 10.625, 9, 10.875], "texture": "#3"},
				"west": {"uv": [8.5, 10.625, 8.75, 10.875], "texture": "#3"},
				"up": {"uv": [8.5, 10.625, 8.25, 10.375], "texture": "#3"},
				"down": {"uv": [8.75, 10.375, 8.5, 10.625], "texture": "#3"}
			}
		},
		{
			"from": [8.5, 14, -7],
			"to": [13.5, 17, -4],
			"rotation": {"angle": -22.5, "axis": "y", "origin": [0, 6, 3]},
			"faces": {
				"north": {"uv": [9.875, 7.625, 10.5, 8], "texture": "#3"},
				"east": {"uv": [9.5, 7.625, 9.875, 8], "texture": "#3"},
				"south": {"uv": [10.875, 7.625, 11.5, 8], "texture": "#3"},
				"west": {"uv": [10.5, 7.625, 10.875, 8], "texture": "#3"},
				"up": {"uv": [10.5, 7.625, 9.875, 7.25], "texture": "#3"},
				"down": {"uv": [11.125, 7.25, 10.5, 7.625], "texture": "#3"}
			}
		},
		{
			"from": [12, 17, -2],
			"to": [15, 21, 1],
			"rotation": {"angle": 0, "axis": "y", "origin": [0, 6, 3]},
			"faces": {
				"north": {"uv": [10.25, 3.375, 10.625, 3.875], "texture": "#3"},
				"east": {"uv": [9.875, 3.375, 10.25, 3.875], "texture": "#3"},
				"south": {"uv": [11, 3.375, 11.375, 3.875], "texture": "#3"},
				"west": {"uv": [10.625, 3.375, 11, 3.875], "texture": "#3"},
				"up": {"uv": [10.625, 3.375, 10.25, 3], "texture": "#3"},
				"down": {"uv": [11, 3, 10.625, 3.375], "texture": "#3"}
			}
		},
		{
			"from": [11.5, 21, -2.5],
			"to": [15.5, 22, 1.5],
			"rotation": {"angle": 0, "axis": "y", "origin": [0, 6, 3]},
			"faces": {
				"north": {"uv": [10.25, 1.25, 10.75, 1.375], "texture": "#3"},
				"east": {"uv": [9.75, 1.25, 10.25, 1.375], "texture": "#3"},
				"south": {"uv": [11.25, 1.25, 11.75, 1.375], "texture": "#3"},
				"west": {"uv": [10.75, 1.25, 11.25, 1.375], "texture": "#3"},
				"up": {"uv": [10.75, 1.25, 10.25, 0.75], "texture": "#3"},
				"down": {"uv": [11.25, 0.75, 10.75, 1.25], "texture": "#3"}
			}
		},
		{
			"from": [12, 22, -2],
			"to": [14, 25, 1],
			"rotation": {"angle": 0, "axis": "y", "origin": [0, 6, 3]},
			"faces": {
				"north": {"uv": [8.375, 7.25, 8.625, 7.625], "texture": "#3"},
				"east": {"uv": [8, 7.25, 8.375, 7.625], "texture": "#3"},
				"south": {"uv": [9, 7.25, 9.25, 7.625], "texture": "#3"},
				"west": {"uv": [8.625, 7.25, 9, 7.625], "texture": "#3"},
				"up": {"uv": [8.625, 7.25, 8.375, 6.875], "texture": "#3"},
				"down": {"uv": [8.875, 6.875, 8.625, 7.25], "texture": "#3"}
			}
		},
		{
			"from": [-2, 10, 2],
			"to": [18, 13, 5],
			"rotation": {"angle": 0, "axis": "y", "origin": [0, 6, 3]},
			"faces": {
				"north": {"uv": [6.375, 0.375, 8.875, 0.75], "texture": "#3"},
				"east": {"uv": [6, 0.375, 6.375, 0.75], "texture": "#3"},
				"south": {"uv": [9.25, 0.375, 11.75, 0.75], "texture": "#3"},
				"west": {"uv": [8.875, 0.375, 9.25, 0.75], "texture": "#3"},
				"up": {"uv": [8.875, 0.375, 6.375, 0], "texture": "#3"},
				"down": {"uv": [11.375, 0, 8.875, 0.375], "texture": "#3"}
			}
		},
		{
			"from": [-7, 9, 2],
			"to": [-3, 12, 5],
			"rotation": {"angle": -22.5, "axis": "z", "origin": [0, 6, 3]},
			"faces": {
				"north": {"uv": [2.5, 7, 3, 7.375], "texture": "#3"},
				"east": {"uv": [2.125, 7, 2.5, 7.375], "texture": "#3"},
				"south": {"uv": [3.375, 7, 3.875, 7.375], "texture": "#3"},
				"west": {"uv": [3, 7, 3.375, 7.375], "texture": "#3"},
				"up": {"uv": [3, 7, 2.5, 6.625], "texture": "#3"},
				"down": {"uv": [3.5, 6.625, 3, 7], "texture": "#3"}
			}
		},
		{
			"from": [18, 3, 2],
			"to": [22, 6, 5],
			"rotation": {"angle": 22.5, "axis": "z", "origin": [0, 6, 3]},
			"faces": {
				"north": {"uv": [2.5, 7, 3, 7.375], "texture": "#3"},
				"east": {"uv": [2.125, 7, 2.5, 7.375], "texture": "#3"},
				"south": {"uv": [3.375, 7, 3.875, 7.375], "texture": "#3"},
				"west": {"uv": [3, 7, 3.375, 7.375], "texture": "#3"},
				"up": {"uv": [3, 7, 2.5, 6.625], "texture": "#3"},
				"down": {"uv": [3.5, 6.625, 3, 7], "texture": "#3"}
			}
		},
		{
			"from": [19, 7, 13],
			"to": [21, 8, 23],
			"rotation": {"angle": 0, "axis": "y", "origin": [0, 6, 3]},
			"faces": {
				"north": {"uv": [9.25, 2, 9.5, 2.125], "texture": "#3"},
				"east": {"uv": [8, 2, 9.25, 2.125], "texture": "#3"},
				"south": {"uv": [10.75, 2, 11, 2.125], "texture": "#3"},
				"west": {"uv": [9.5, 2, 10.75, 2.125], "texture": "#3"},
				"up": {"uv": [9.5, 2, 9.25, 0.75], "texture": "#3"},
				"down": {"uv": [9.75, 0.75, 9.5, 2], "texture": "#3"}
			}
		},
		{
			"from": [19, 6, 21],
			"to": [22, 7, 23],
			"rotation": {"angle": 0, "axis": "y", "origin": [0, 6, 1]},
			"faces": {
				"north": {"uv": [6.25, 8, 6.625, 8.125], "texture": "#3"},
				"east": {"uv": [6, 8, 6.25, 8.125], "texture": "#3"},
				"south": {"uv": [6.875, 8, 7.25, 8.125], "texture": "#3"},
				"west": {"uv": [6.625, 8, 6.875, 8.125], "texture": "#3"},
				"up": {"uv": [6.625, 8, 6.25, 7.75], "texture": "#3"},
				"down": {"uv": [7, 7.75, 6.625, 8], "texture": "#3"}
			}
		},
		{
			"from": [19, 0, -9],
			"to": [22, 2, -7],
			"rotation": {"angle": 0, "axis": "y", "origin": [0, 6, 1]},
			"faces": {
				"north": {"uv": [8.25, 7.875, 8.625, 8.125], "texture": "#3"},
				"east": {"uv": [8, 7.875, 8.25, 8.125], "texture": "#3"},
				"south": {"uv": [8.875, 7.875, 9.25, 8.125], "texture": "#3"},
				"west": {"uv": [8.625, 7.875, 8.875, 8.125], "texture": "#3"},
				"up": {"uv": [8.625, 7.875, 8.25, 7.625], "texture": "#3"},
				"down": {"uv": [9, 7.625, 8.625, 7.875], "texture": "#3"}
			}
		},
		{
			"from": [-6, 0, -9],
			"to": [-3, 2, -7],
			"rotation": {"angle": 0, "axis": "y", "origin": [0, 6, 1]},
			"faces": {
				"north": {"uv": [8.25, 7.875, 8.625, 8.125], "texture": "#3"},
				"east": {"uv": [8, 7.875, 8.25, 8.125], "texture": "#3"},
				"south": {"uv": [8.875, 7.875, 9.25, 8.125], "texture": "#3"},
				"west": {"uv": [8.625, 7.875, 8.875, 8.125], "texture": "#3"},
				"up": {"uv": [8.625, 7.875, 8.25, 7.625], "texture": "#3"},
				"down": {"uv": [9, 7.625, 8.625, 7.875], "texture": "#3"}
			}
		},
		{
			"from": [-6, 0, 21],
			"to": [-3, 2, 23],
			"rotation": {"angle": 0, "axis": "y", "origin": [0, 6, 1]},
			"faces": {
				"north": {"uv": [8.25, 7.875, 8.625, 8.125], "texture": "#3"},
				"east": {"uv": [8, 7.875, 8.25, 8.125], "texture": "#3"},
				"south": {"uv": [8.875, 7.875, 9.25, 8.125], "texture": "#3"},
				"west": {"uv": [8.625, 7.875, 8.875, 8.125], "texture": "#3"},
				"up": {"uv": [8.625, 7.875, 8.25, 7.625], "texture": "#3"},
				"down": {"uv": [9, 7.625, 8.625, 7.875], "texture": "#3"}
			}
		},
		{
			"from": [-8, 0, 6],
			"to": [-5, 2, 8],
			"rotation": {"angle": 0, "axis": "y", "origin": [0, 6, 1]},
			"faces": {
				"north": {"uv": [8.25, 7.875, 8.625, 8.125], "texture": "#3"},
				"east": {"uv": [8, 7.875, 8.25, 8.125], "texture": "#3"},
				"south": {"uv": [8.875, 7.875, 9.25, 8.125], "texture": "#3"},
				"west": {"uv": [8.625, 7.875, 8.875, 8.125], "texture": "#3"},
				"up": {"uv": [8.625, 7.875, 8.25, 7.625], "texture": "#3"},
				"down": {"uv": [9, 7.625, 8.625, 7.875], "texture": "#3"}
			}
		},
		{
			"from": [21, 0, 6],
			"to": [24, 2, 8],
			"rotation": {"angle": 0, "axis": "y", "origin": [0, 6, 1]},
			"faces": {
				"north": {"uv": [8.25, 7.875, 8.625, 8.125], "texture": "#3"},
				"east": {"uv": [8, 7.875, 8.25, 8.125], "texture": "#3"},
				"south": {"uv": [8.875, 7.875, 9.25, 8.125], "texture": "#3"},
				"west": {"uv": [8.625, 7.875, 8.875, 8.125], "texture": "#3"},
				"up": {"uv": [8.625, 7.875, 8.25, 7.625], "texture": "#3"},
				"down": {"uv": [9, 7.625, 8.625, 7.875], "texture": "#3"}
			}
		},
		{
			"from": [19, 0, 21],
			"to": [22, 2, 23],
			"rotation": {"angle": 0, "axis": "y", "origin": [0, 6, 1]},
			"faces": {
				"north": {"uv": [8.25, 7.875, 8.625, 8.125], "texture": "#3"},
				"east": {"uv": [8, 7.875, 8.25, 8.125], "texture": "#3"},
				"south": {"uv": [8.875, 7.875, 9.25, 8.125], "texture": "#3"},
				"west": {"uv": [8.625, 7.875, 8.875, 8.125], "texture": "#3"},
				"up": {"uv": [8.625, 7.875, 8.25, 7.625], "texture": "#3"},
				"down": {"uv": [9, 7.625, 8.625, 7.875], "texture": "#3"}
			}
		},
		{
			"from": [19, 6, -9],
			"to": [22, 7, -7],
			"rotation": {"angle": 0, "axis": "y", "origin": [0, 6, 1]},
			"faces": {
				"north": {"uv": [6.25, 8, 6.625, 8.125], "texture": "#3"},
				"east": {"uv": [6, 8, 6.25, 8.125], "texture": "#3"},
				"south": {"uv": [6.875, 8, 7.25, 8.125], "texture": "#3"},
				"west": {"uv": [6.625, 8, 6.875, 8.125], "texture": "#3"},
				"up": {"uv": [6.625, 8, 6.25, 7.75], "texture": "#3"},
				"down": {"uv": [7, 7.75, 6.625, 8], "texture": "#3"}
			}
		},
		{
			"from": [-6, 6, -9],
			"to": [-3, 7, -7],
			"rotation": {"angle": 0, "axis": "y", "origin": [0, 4, 1]},
			"faces": {
				"north": {"uv": [6.25, 8, 6.625, 8.125], "texture": "#3"},
				"east": {"uv": [6, 8, 6.25, 8.125], "texture": "#3"},
				"south": {"uv": [6.875, 8, 7.25, 8.125], "texture": "#3"},
				"west": {"uv": [6.625, 8, 6.875, 8.125], "texture": "#3"},
				"up": {"uv": [6.625, 8, 6.25, 7.75], "texture": "#3"},
				"down": {"uv": [7, 7.75, 6.625, 8], "texture": "#3"}
			}
		},
		{
			"from": [19, 8, 21],
			"to": [21, 10, 23],
			"rotation": {"angle": 0, "axis": "y", "origin": [0, 6, 1]},
			"faces": {
				"north": {"uv": [7.25, 10.625, 7.5, 10.875], "texture": "#3"},
				"east": {"uv": [7, 10.625, 7.25, 10.875], "texture": "#3"},
				"south": {"uv": [7.75, 10.625, 8, 10.875], "texture": "#3"},
				"west": {"uv": [7.5, 10.625, 7.75, 10.875], "texture": "#3"},
				"up": {"uv": [7.5, 10.625, 7.25, 10.375], "texture": "#3"},
				"down": {"uv": [7.75, 10.375, 7.5, 10.625], "texture": "#3"}
			}
		},
		{
			"from": [20, 7, -9],
			"to": [22, 10, -7],
			"rotation": {"angle": 0, "axis": "y", "origin": [0, 6, 1]},
			"faces": {
				"north": {"uv": [8.875, 9, 9.125, 9.375], "texture": "#3"},
				"east": {"uv": [8.625, 9, 8.875, 9.375], "texture": "#3"},
				"south": {"uv": [9.375, 9, 9.625, 9.375], "texture": "#3"},
				"west": {"uv": [9.125, 9, 9.375, 9.375], "texture": "#3"},
				"up": {"uv": [9.125, 9, 8.875, 8.75], "texture": "#3"},
				"down": {"uv": [9.375, 8.75, 9.125, 9], "texture": "#3"}
			}
		},
		{
			"from": [-6, 7, -9],
			"to": [-4, 10, -7],
			"rotation": {"angle": 0, "axis": "y", "origin": [0, 4, 1]},
			"faces": {
				"north": {"uv": [8.875, 9, 9.125, 9.375], "texture": "#3"},
				"east": {"uv": [8.625, 9, 8.875, 9.375], "texture": "#3"},
				"south": {"uv": [9.375, 9, 9.625, 9.375], "texture": "#3"},
				"west": {"uv": [9.125, 9, 9.375, 9.375], "texture": "#3"},
				"up": {"uv": [9.125, 9, 8.875, 8.75], "texture": "#3"},
				"down": {"uv": [9.375, 8.75, 9.125, 9], "texture": "#3"}
			}
		},
		{
			"from": [-5, 8, 21],
			"to": [-3, 10, 23],
			"rotation": {"angle": 0, "axis": "y", "origin": [0, 6, 1]},
			"faces": {
				"north": {"uv": [7.25, 10.625, 7.5, 10.875], "texture": "#3"},
				"east": {"uv": [7, 10.625, 7.25, 10.875], "texture": "#3"},
				"south": {"uv": [7.75, 10.625, 8, 10.875], "texture": "#3"},
				"west": {"uv": [7.5, 10.625, 7.75, 10.875], "texture": "#3"},
				"up": {"uv": [7.5, 10.625, 7.25, 10.375], "texture": "#3"},
				"down": {"uv": [7.75, 10.375, 7.5, 10.625], "texture": "#3"}
			}
		},
		{
			"from": [-6, 7, 12],
			"to": [-2, 9, 14],
			"rotation": {"angle": 0, "axis": "y", "origin": [0, 6, 1]},
			"faces": {
				"north": {"uv": [6, 10.25, 6.5, 10.5], "texture": "#3"},
				"east": {"uv": [5.75, 10.25, 6, 10.5], "texture": "#3"},
				"south": {"uv": [6.75, 10.25, 7.25, 10.5], "texture": "#3"},
				"west": {"uv": [6.5, 10.25, 6.75, 10.5], "texture": "#3"},
				"up": {"uv": [6.5, 10.25, 6, 10], "texture": "#3"},
				"down": {"uv": [7, 10, 6.5, 10.25], "texture": "#3"}
			}
		},
		{
			"from": [18, 7, 12],
			"to": [22, 9, 14],
			"rotation": {"angle": 0, "axis": "y", "origin": [0, 6, 1]},
			"faces": {
				"north": {"uv": [6, 10.25, 6.5, 10.5], "texture": "#3"},
				"east": {"uv": [5.75, 10.25, 6, 10.5], "texture": "#3"},
				"south": {"uv": [6.75, 10.25, 7.25, 10.5], "texture": "#3"},
				"west": {"uv": [6.5, 10.25, 6.75, 10.5], "texture": "#3"},
				"up": {"uv": [6.5, 10.25, 6, 10], "texture": "#3"},
				"down": {"uv": [7, 10, 6.5, 10.25], "texture": "#3"}
			}
		},
		{
			"from": [18, 0, 21],
			"to": [19, 7, 23],
			"rotation": {"angle": 0, "axis": "y", "origin": [0, 6, 1]},
			"faces": {
				"north": {"uv": [5, 10.5, 5.125, 11.375], "texture": "#3"},
				"east": {"uv": [4.75, 10.5, 5, 11.375], "texture": "#3"},
				"south": {"uv": [5.375, 10.5, 5.5, 11.375], "texture": "#3"},
				"west": {"uv": [5.125, 10.5, 5.375, 11.375], "texture": "#3"},
				"up": {"uv": [5.125, 10.5, 5, 10.25], "texture": "#3"},
				"down": {"uv": [5.25, 10.25, 5.125, 10.5], "texture": "#3"}
			}
		},
		{
			"from": [18, 0, -9],
			"to": [19, 7, -7],
			"rotation": {"angle": 0, "axis": "y", "origin": [0, 6, 1]},
			"faces": {
				"north": {"uv": [5, 10.5, 5.125, 11.375], "texture": "#3"},
				"east": {"uv": [4.75, 10.5, 5, 11.375], "texture": "#3"},
				"south": {"uv": [5.375, 10.5, 5.5, 11.375], "texture": "#3"},
				"west": {"uv": [5.125, 10.5, 5.375, 11.375], "texture": "#3"},
				"up": {"uv": [5.125, 10.5, 5, 10.25], "texture": "#3"},
				"down": {"uv": [5.25, 10.25, 5.125, 10.5], "texture": "#3"}
			}
		},
		{
			"from": [-4, 10, -6],
			"to": [-3, 12, 7],
			"rotation": {"angle": -22.5, "axis": "x", "origin": [0, 4, 1]},
			"faces": {
				"north": {"uv": [7.75, 8.5, 7.875, 8.75], "texture": "#3"},
				"east": {"uv": [6.125, 8.5, 7.75, 8.75], "texture": "#3"},
				"south": {"uv": [9.5, 8.5, 9.625, 8.75], "texture": "#3"},
				"west": {"uv": [7.875, 8.5, 9.5, 8.75], "texture": "#3"},
				"up": {"uv": [7.875, 8.5, 7.75, 6.875], "texture": "#3"},
				"down": {"uv": [8, 6.875, 7.875, 8.5], "texture": "#3"}
			}
		},
		{
			"from": [19, 10, -6],
			"to": [20, 12, 7],
			"rotation": {"angle": -22.5, "axis": "x", "origin": [0, 4, 1]},
			"faces": {
				"north": {"uv": [7.75, 8.5, 7.875, 8.75], "texture": "#3"},
				"east": {"uv": [6.125, 8.5, 7.75, 8.75], "texture": "#3"},
				"south": {"uv": [9.5, 8.5, 9.625, 8.75], "texture": "#3"},
				"west": {"uv": [7.875, 8.5, 9.5, 8.75], "texture": "#3"},
				"up": {"uv": [7.875, 8.5, 7.75, 6.875], "texture": "#3"},
				"down": {"uv": [8, 6.875, 7.875, 8.5], "texture": "#3"}
			}
		},
		{
			"from": [-5, -3, 3],
			"to": [-4, -1, 13],
			"rotation": {"angle": -45, "axis": "x", "origin": [0, 4, 1]},
			"faces": {
				"north": {"uv": [9.25, 8.125, 9.375, 8.375], "texture": "#3"},
				"east": {"uv": [8, 8.125, 9.25, 8.375], "texture": "#3"},
				"south": {"uv": [10.625, 8.125, 10.75, 8.375], "texture": "#3"},
				"west": {"uv": [9.375, 8.125, 10.625, 8.375], "texture": "#3"},
				"up": {"uv": [9.375, 8.125, 9.25, 6.875], "texture": "#3"},
				"down": {"uv": [9.5, 6.875, 9.375, 8.125], "texture": "#3"}
			}
		},
		{
			"from": [20, -3, 3],
			"to": [21, -1, 13],
			"rotation": {"angle": -45, "axis": "x", "origin": [0, 4, 1]},
			"faces": {
				"north": {"uv": [9.25, 8.125, 9.375, 8.375], "texture": "#3"},
				"east": {"uv": [8, 8.125, 9.25, 8.375], "texture": "#3"},
				"south": {"uv": [10.625, 8.125, 10.75, 8.375], "texture": "#3"},
				"west": {"uv": [9.375, 8.125, 10.625, 8.375], "texture": "#3"},
				"up": {"uv": [9.375, 8.125, 9.25, 6.875], "texture": "#3"},
				"down": {"uv": [9.5, 6.875, 9.375, 8.125], "texture": "#3"}
			}
		},
		{
			"from": [-4, 11, 0],
			"to": [-3, 13, 10],
			"rotation": {"angle": 22.5, "axis": "x", "origin": [0, 4, 1]},
			"faces": {
				"north": {"uv": [9.25, 8.125, 9.375, 8.375], "texture": "#3"},
				"east": {"uv": [8, 8.125, 9.25, 8.375], "texture": "#3"},
				"south": {"uv": [10.625, 8.125, 10.75, 8.375], "texture": "#3"},
				"west": {"uv": [9.375, 8.125, 10.625, 8.375], "texture": "#3"},
				"up": {"uv": [9.375, 8.125, 9.25, 6.875], "texture": "#3"},
				"down": {"uv": [9.5, 6.875, 9.375, 8.125], "texture": "#3"}
			}
		},
		{
			"from": [19, 11, 0],
			"to": [20, 13, 10],
			"rotation": {"angle": 22.5, "axis": "x", "origin": [0, 4, 1]},
			"faces": {
				"north": {"uv": [9.25, 8.125, 9.375, 8.375], "texture": "#3"},
				"east": {"uv": [8, 8.125, 9.25, 8.375], "texture": "#3"},
				"south": {"uv": [10.625, 8.125, 10.75, 8.375], "texture": "#3"},
				"west": {"uv": [9.375, 8.125, 10.625, 8.375], "texture": "#3"},
				"up": {"uv": [9.375, 8.125, 9.25, 6.875], "texture": "#3"},
				"down": {"uv": [9.5, 6.875, 9.375, 8.125], "texture": "#3"}
			}
		},
		{
			"from": [-3, 0, -9],
			"to": [-2, 7, -7],
			"rotation": {"angle": 0, "axis": "y", "origin": [0, 4, 1]},
			"faces": {
				"north": {"uv": [5, 10.5, 5.125, 11.375], "texture": "#3"},
				"east": {"uv": [4.75, 10.5, 5, 11.375], "texture": "#3"},
				"south": {"uv": [5.375, 10.5, 5.5, 11.375], "texture": "#3"},
				"west": {"uv": [5.125, 10.5, 5.375, 11.375], "texture": "#3"},
				"up": {"uv": [5.125, 10.5, 5, 10.25], "texture": "#3"},
				"down": {"uv": [5.25, 10.25, 5.125, 10.5], "texture": "#3"}
			}
		},
		{
			"from": [-9, -3, -5],
			"to": [-3, 5, -4],
			"rotation": {"angle": 0, "axis": "y", "origin": [0, 6, 1]},
			"faces": {
				"north": {"uv": [0.125, 6, 0.875, 7], "texture": "#3"},
				"east": {"uv": [0, 6, 0.125, 7], "texture": "#3"},
				"south": {"uv": [1, 6, 1.75, 7], "texture": "#3"},
				"west": {"uv": [0.875, 6, 1, 7], "texture": "#3"},
				"up": {"uv": [0.875, 6, 0.125, 5.875], "texture": "#3"},
				"down": {"uv": [1.625, 5.875, 0.875, 6], "texture": "#3"}
			}
		},
		{
			"from": [-9, -3, -12],
			"to": [-3, 5, -11],
			"rotation": {"angle": 0, "axis": "y", "origin": [0, 6, 1]},
			"faces": {
				"north": {"uv": [0.125, 3.875, 0.875, 4.875], "texture": "#3"},
				"east": {"uv": [0, 3.875, 0.125, 4.875], "texture": "#3"},
				"south": {"uv": [1, 3.875, 1.75, 4.875], "texture": "#3"},
				"west": {"uv": [0.875, 3.875, 1, 4.875], "texture": "#3"},
				"up": {"uv": [0.875, 3.875, 0.125, 3.75], "texture": "#3"},
				"down": {"uv": [1.625, 3.75, 0.875, 3.875], "texture": "#3"}
			}
		},
		{
			"from": [-9, 4, -11],
			"to": [-3, 5, -5],
			"rotation": {"angle": 0, "axis": "y", "origin": [0, 6, 1]},
			"faces": {
				"north": {"uv": [6.125, 9.5, 6.875, 9.625], "texture": "#3"},
				"east": {"uv": [5.375, 9.5, 6.125, 9.625], "texture": "#3"},
				"south": {"uv": [7.625, 9.5, 8.375, 9.625], "texture": "#3"},
				"west": {"uv": [6.875, 9.5, 7.625, 9.625], "texture": "#3"},
				"up": {"uv": [6.875, 9.5, 6.125, 8.75], "texture": "#3"},
				"down": {"uv": [7.625, 8.75, 6.875, 9.5], "texture": "#3"}
			}
		},
		{
			"from": [-9, -3, -11],
			"to": [-3, -2, -5],
			"rotation": {"angle": 0, "axis": "y", "origin": [0, 6, 1]},
			"faces": {
				"north": {"uv": [8.75, 2.875, 9.5, 3], "texture": "#3"},
				"east": {"uv": [8, 2.875, 8.75, 3], "texture": "#3"},
				"south": {"uv": [10.25, 2.875, 11, 3], "texture": "#3"},
				"west": {"uv": [9.5, 2.875, 10.25, 3], "texture": "#3"},
				"up": {"uv": [9.5, 2.875, 8.75, 2.125], "texture": "#3"},
				"down": {"uv": [10.25, 2.125, 9.5, 2.875], "texture": "#3"}
			}
		},
		{
			"from": [-11, -3, 10],
			"to": [-5, 5, 11],
			"rotation": {"angle": 0, "axis": "y", "origin": [0, 6, 1]},
			"faces": {
				"north": {"uv": [0.125, 6, 0.875, 7], "texture": "#3"},
				"east": {"uv": [0, 6, 0.125, 7], "texture": "#3"},
				"south": {"uv": [1, 6, 1.75, 7], "texture": "#3"},
				"west": {"uv": [0.875, 6, 1, 7], "texture": "#3"},
				"up": {"uv": [0.875, 6, 0.125, 5.875], "texture": "#3"},
				"down": {"uv": [1.625, 5.875, 0.875, 6], "texture": "#3"}
			}
		},
		{
			"from": [-11, -3, 3],
			"to": [-5, 5, 4],
			"rotation": {"angle": 0, "axis": "y", "origin": [0, 6, 1]},
			"faces": {
				"north": {"uv": [0.125, 3.875, 0.875, 4.875], "texture": "#3"},
				"east": {"uv": [0, 3.875, 0.125, 4.875], "texture": "#3"},
				"south": {"uv": [1, 3.875, 1.75, 4.875], "texture": "#3"},
				"west": {"uv": [0.875, 3.875, 1, 4.875], "texture": "#3"},
				"up": {"uv": [0.875, 3.875, 0.125, 3.75], "texture": "#3"},
				"down": {"uv": [1.625, 3.75, 0.875, 3.875], "texture": "#3"}
			}
		},
		{
			"from": [-11, 4, 4],
			"to": [-5, 5, 10],
			"rotation": {"angle": 0, "axis": "y", "origin": [0, 6, 1]},
			"faces": {
				"north": {"uv": [6.125, 9.5, 6.875, 9.625], "texture": "#3"},
				"east": {"uv": [5.375, 9.5, 6.125, 9.625], "texture": "#3"},
				"south": {"uv": [7.625, 9.5, 8.375, 9.625], "texture": "#3"},
				"west": {"uv": [6.875, 9.5, 7.625, 9.625], "texture": "#3"},
				"up": {"uv": [6.875, 9.5, 6.125, 8.75], "texture": "#3"},
				"down": {"uv": [7.625, 8.75, 6.875, 9.5], "texture": "#3"}
			}
		},
		{
			"from": [-11, -3, 4],
			"to": [-5, -2, 10],
			"rotation": {"angle": 0, "axis": "y", "origin": [0, 6, 1]},
			"faces": {
				"north": {"uv": [8.75, 2.875, 9.5, 3], "texture": "#3"},
				"east": {"uv": [8, 2.875, 8.75, 3], "texture": "#3"},
				"south": {"uv": [10.25, 2.875, 11, 3], "texture": "#3"},
				"west": {"uv": [9.5, 2.875, 10.25, 3], "texture": "#3"},
				"up": {"uv": [9.5, 2.875, 8.75, 2.125], "texture": "#3"},
				"down": {"uv": [10.25, 2.125, 9.5, 2.875], "texture": "#3"}
			}
		},
		{
			"from": [-9, -3, 25],
			"to": [-3, 5, 26],
			"rotation": {"angle": 0, "axis": "y", "origin": [0, 6, 1]},
			"faces": {
				"north": {"uv": [0.125, 6, 0.875, 7], "texture": "#3"},
				"east": {"uv": [0, 6, 0.125, 7], "texture": "#3"},
				"south": {"uv": [1, 6, 1.75, 7], "texture": "#3"},
				"west": {"uv": [0.875, 6, 1, 7], "texture": "#3"},
				"up": {"uv": [0.875, 6, 0.125, 5.875], "texture": "#3"},
				"down": {"uv": [1.625, 5.875, 0.875, 6], "texture": "#3"}
			}
		},
		{
			"from": [-9, -3, 18],
			"to": [-3, 5, 19],
			"rotation": {"angle": 0, "axis": "y", "origin": [0, 6, 1]},
			"faces": {
				"north": {"uv": [0.125, 3.875, 0.875, 4.875], "texture": "#3"},
				"east": {"uv": [0, 3.875, 0.125, 4.875], "texture": "#3"},
				"south": {"uv": [1, 3.875, 1.75, 4.875], "texture": "#3"},
				"west": {"uv": [0.875, 3.875, 1, 4.875], "texture": "#3"},
				"up": {"uv": [0.875, 3.875, 0.125, 3.75], "texture": "#3"},
				"down": {"uv": [1.625, 3.75, 0.875, 3.875], "texture": "#3"}
			}
		},
		{
			"from": [-9, 4, 19],
			"to": [-3, 5, 25],
			"rotation": {"angle": 0, "axis": "y", "origin": [0, 6, 1]},
			"faces": {
				"north": {"uv": [6.125, 9.5, 6.875, 9.625], "texture": "#3"},
				"east": {"uv": [5.375, 9.5, 6.125, 9.625], "texture": "#3"},
				"south": {"uv": [7.625, 9.5, 8.375, 9.625], "texture": "#3"},
				"west": {"uv": [6.875, 9.5, 7.625, 9.625], "texture": "#3"},
				"up": {"uv": [6.875, 9.5, 6.125, 8.75], "texture": "#3"},
				"down": {"uv": [7.625, 8.75, 6.875, 9.5], "texture": "#3"}
			}
		},
		{
			"from": [-9, -3, 19],
			"to": [-3, -2, 25],
			"rotation": {"angle": 0, "axis": "y", "origin": [0, 6, 1]},
			"faces": {
				"north": {"uv": [8.75, 2.875, 9.5, 3], "texture": "#3"},
				"east": {"uv": [8, 2.875, 8.75, 3], "texture": "#3"},
				"south": {"uv": [10.25, 2.875, 11, 3], "texture": "#3"},
				"west": {"uv": [9.5, 2.875, 10.25, 3], "texture": "#3"},
				"up": {"uv": [9.5, 2.875, 8.75, 2.125], "texture": "#3"},
				"down": {"uv": [10.25, 2.125, 9.5, 2.875], "texture": "#3"}
			}
		},
		{
			"from": [-6, 6, 21],
			"to": [-3, 7, 23],
			"rotation": {"angle": 0, "axis": "y", "origin": [-24, 6, 1]},
			"faces": {
				"north": {"uv": [4.5, 8, 4.875, 8.125], "texture": "#3"},
				"east": {"uv": [4.25, 8, 4.5, 8.125], "texture": "#3"},
				"south": {"uv": [5.125, 8, 5.5, 8.125], "texture": "#3"},
				"west": {"uv": [4.875, 8, 5.125, 8.125], "texture": "#3"},
				"up": {"uv": [4.875, 8, 4.5, 7.75], "texture": "#3"},
				"down": {"uv": [5.25, 7.75, 4.875, 8], "texture": "#3"}
			}
		},
		{
			"from": [-3, 0, 21],
			"to": [-2, 7, 23],
			"rotation": {"angle": 0, "axis": "y", "origin": [-24, 6, 1]},
			"faces": {
				"north": {"uv": [4.25, 10.5, 4.375, 11.375], "texture": "#3"},
				"east": {"uv": [4, 10.5, 4.25, 11.375], "texture": "#3"},
				"south": {"uv": [4.625, 10.5, 4.75, 11.375], "texture": "#3"},
				"west": {"uv": [4.375, 10.5, 4.625, 11.375], "texture": "#3"},
				"up": {"uv": [4.375, 10.5, 4.25, 10.25], "texture": "#3"},
				"down": {"uv": [4.5, 10.25, 4.375, 10.5], "texture": "#3"}
			}
		},
		{
			"from": [-5, 7, 13],
			"to": [-3, 8, 23],
			"rotation": {"angle": 0, "axis": "y", "origin": [-24, 6, 3]},
			"faces": {
				"north": {"uv": [5.5, 8.125, 5.75, 8.25], "texture": "#3"},
				"east": {"uv": [4.25, 8.125, 5.5, 8.25], "texture": "#3"},
				"south": {"uv": [7, 8.125, 7.25, 8.25], "texture": "#3"},
				"west": {"uv": [5.75, 8.125, 7, 8.25], "texture": "#3"},
				"up": {"uv": [5.75, 8.125, 5.5, 6.875], "texture": "#3"},
				"down": {"uv": [6, 6.875, 5.75, 8.125], "texture": "#3"}
			}
		},
		{
			"from": [19, -3, -5],
			"to": [25, 5, -4],
			"rotation": {"angle": 0, "axis": "y", "origin": [0, 6, 1]},
			"faces": {
				"north": {"uv": [0.125, 6, 0.875, 7], "texture": "#3"},
				"east": {"uv": [0, 6, 0.125, 7], "texture": "#3"},
				"south": {"uv": [1, 6, 1.75, 7], "texture": "#3"},
				"west": {"uv": [0.875, 6, 1, 7], "texture": "#3"},
				"up": {"uv": [0.875, 6, 0.125, 5.875], "texture": "#3"},
				"down": {"uv": [1.625, 5.875, 0.875, 6], "texture": "#3"}
			}
		},
		{
			"from": [19, -3, -12],
			"to": [25, 5, -11],
			"rotation": {"angle": 0, "axis": "y", "origin": [0, 6, 1]},
			"faces": {
				"north": {"uv": [0.125, 3.875, 0.875, 4.875], "texture": "#3"},
				"east": {"uv": [0, 3.875, 0.125, 4.875], "texture": "#3"},
				"south": {"uv": [1, 3.875, 1.75, 4.875], "texture": "#3"},
				"west": {"uv": [0.875, 3.875, 1, 4.875], "texture": "#3"},
				"up": {"uv": [0.875, 3.875, 0.125, 3.75], "texture": "#3"},
				"down": {"uv": [1.625, 3.75, 0.875, 3.875], "texture": "#3"}
			}
		},
		{
			"from": [19, 4, -11],
			"to": [25, 5, -5],
			"rotation": {"angle": 0, "axis": "y", "origin": [0, 6, 1]},
			"faces": {
				"north": {"uv": [6.125, 9.5, 6.875, 9.625], "texture": "#3"},
				"east": {"uv": [5.375, 9.5, 6.125, 9.625], "texture": "#3"},
				"south": {"uv": [7.625, 9.5, 8.375, 9.625], "texture": "#3"},
				"west": {"uv": [6.875, 9.5, 7.625, 9.625], "texture": "#3"},
				"up": {"uv": [6.875, 9.5, 6.125, 8.75], "texture": "#3"},
				"down": {"uv": [7.625, 8.75, 6.875, 9.5], "texture": "#3"}
			}
		},
		{
			"from": [19, -3, -11],
			"to": [25, -2, -5],
			"rotation": {"angle": 0, "axis": "y", "origin": [0, 6, 1]},
			"faces": {
				"north": {"uv": [8.75, 2.875, 9.5, 3], "texture": "#3"},
				"east": {"uv": [8, 2.875, 8.75, 3], "texture": "#3"},
				"south": {"uv": [10.25, 2.875, 11, 3], "texture": "#3"},
				"west": {"uv": [9.5, 2.875, 10.25, 3], "texture": "#3"},
				"up": {"uv": [9.5, 2.875, 8.75, 2.125], "texture": "#3"},
				"down": {"uv": [10.25, 2.125, 9.5, 2.875], "texture": "#3"}
			}
		},
		{
			"from": [21, -3, 10],
			"to": [27, 5, 11],
			"rotation": {"angle": 0, "axis": "y", "origin": [0, 6, 1]},
			"faces": {
				"north": {"uv": [0.125, 6, 0.875, 7], "texture": "#3"},
				"east": {"uv": [0, 6, 0.125, 7], "texture": "#3"},
				"south": {"uv": [1, 6, 1.75, 7], "texture": "#3"},
				"west": {"uv": [0.875, 6, 1, 7], "texture": "#3"},
				"up": {"uv": [0.875, 6, 0.125, 5.875], "texture": "#3"},
				"down": {"uv": [1.625, 5.875, 0.875, 6], "texture": "#3"}
			}
		},
		{
			"from": [21, -3, 3],
			"to": [27, 5, 4],
			"rotation": {"angle": 0, "axis": "y", "origin": [0, 6, 1]},
			"faces": {
				"north": {"uv": [0.125, 3.875, 0.875, 4.875], "texture": "#3"},
				"east": {"uv": [0, 3.875, 0.125, 4.875], "texture": "#3"},
				"south": {"uv": [1, 3.875, 1.75, 4.875], "texture": "#3"},
				"west": {"uv": [0.875, 3.875, 1, 4.875], "texture": "#3"},
				"up": {"uv": [0.875, 3.875, 0.125, 3.75], "texture": "#3"},
				"down": {"uv": [1.625, 3.75, 0.875, 3.875], "texture": "#3"}
			}
		},
		{
			"from": [21, 4, 4],
			"to": [27, 5, 10],
			"rotation": {"angle": 0, "axis": "y", "origin": [0, 6, 1]},
			"faces": {
				"north": {"uv": [6.125, 9.5, 6.875, 9.625], "texture": "#3"},
				"east": {"uv": [5.375, 9.5, 6.125, 9.625], "texture": "#3"},
				"south": {"uv": [7.625, 9.5, 8.375, 9.625], "texture": "#3"},
				"west": {"uv": [6.875, 9.5, 7.625, 9.625], "texture": "#3"},
				"up": {"uv": [6.875, 9.5, 6.125, 8.75], "texture": "#3"},
				"down": {"uv": [7.625, 8.75, 6.875, 9.5], "texture": "#3"}
			}
		},
		{
			"from": [21, -3, 4],
			"to": [27, -2, 10],
			"rotation": {"angle": 0, "axis": "y", "origin": [0, 6, 1]},
			"faces": {
				"north": {"uv": [8.75, 2.875, 9.5, 3], "texture": "#3"},
				"east": {"uv": [8, 2.875, 8.75, 3], "texture": "#3"},
				"south": {"uv": [10.25, 2.875, 11, 3], "texture": "#3"},
				"west": {"uv": [9.5, 2.875, 10.25, 3], "texture": "#3"},
				"up": {"uv": [9.5, 2.875, 8.75, 2.125], "texture": "#3"},
				"down": {"uv": [10.25, 2.125, 9.5, 2.875], "texture": "#3"}
			}
		},
		{
			"from": [19, -3, 25],
			"to": [25, 5, 26],
			"rotation": {"angle": 0, "axis": "y", "origin": [0, 6, 1]},
			"faces": {
				"north": {"uv": [0.125, 6, 0.875, 7], "texture": "#3"},
				"east": {"uv": [0, 6, 0.125, 7], "texture": "#3"},
				"south": {"uv": [1, 6, 1.75, 7], "texture": "#3"},
				"west": {"uv": [0.875, 6, 1, 7], "texture": "#3"},
				"up": {"uv": [0.875, 6, 0.125, 5.875], "texture": "#3"},
				"down": {"uv": [1.625, 5.875, 0.875, 6], "texture": "#3"}
			}
		},
		{
			"from": [19, -3, 18],
			"to": [25, 5, 19],
			"rotation": {"angle": 0, "axis": "y", "origin": [0, 6, 1]},
			"faces": {
				"north": {"uv": [0.125, 3.875, 0.875, 4.875], "texture": "#3"},
				"east": {"uv": [0, 3.875, 0.125, 4.875], "texture": "#3"},
				"south": {"uv": [1, 3.875, 1.75, 4.875], "texture": "#3"},
				"west": {"uv": [0.875, 3.875, 1, 4.875], "texture": "#3"},
				"up": {"uv": [0.875, 3.875, 0.125, 3.75], "texture": "#3"},
				"down": {"uv": [1.625, 3.75, 0.875, 3.875], "texture": "#3"}
			}
		},
		{
			"from": [19, 4, 19],
			"to": [25, 5, 25],
			"rotation": {"angle": 0, "axis": "y", "origin": [0, 6, 1]},
			"faces": {
				"north": {"uv": [6.125, 9.5, 6.875, 9.625], "texture": "#3"},
				"east": {"uv": [5.375, 9.5, 6.125, 9.625], "texture": "#3"},
				"south": {"uv": [7.625, 9.5, 8.375, 9.625], "texture": "#3"},
				"west": {"uv": [6.875, 9.5, 7.625, 9.625], "texture": "#3"},
				"up": {"uv": [6.875, 9.5, 6.125, 8.75], "texture": "#3"},
				"down": {"uv": [7.625, 8.75, 6.875, 9.5], "texture": "#3"}
			}
		},
		{
			"from": [19, -3, 19],
			"to": [25, -2, 25],
			"rotation": {"angle": 0, "axis": "y", "origin": [0, 6, 1]},
			"faces": {
				"north": {"uv": [8.75, 2.875, 9.5, 3], "texture": "#3"},
				"east": {"uv": [8, 2.875, 8.75, 3], "texture": "#3"},
				"south": {"uv": [10.25, 2.875, 11, 3], "texture": "#3"},
				"west": {"uv": [9.5, 2.875, 10.25, 3], "texture": "#3"},
				"up": {"uv": [9.5, 2.875, 8.75, 2.125], "texture": "#3"},
				"down": {"uv": [10.25, 2.125, 9.5, 2.875], "texture": "#3"}
			}
		},
		{
			"from": [0.3, 5.5, -2],
			"to": [3.3, 14.5, -1],
			"rotation": {"angle": 22.5, "axis": "z", "origin": [0, 6, 0]},
			"faces": {
				"north": {"uv": [4.625, 6.625, 5, 7.75], "texture": "#3"},
				"east": {"uv": [4.5, 6.625, 4.625, 7.75], "texture": "#3"},
				"south": {"uv": [5.125, 6.625, 5.5, 7.75], "texture": "#3"},
				"west": {"uv": [5, 6.625, 5.125, 7.75], "texture": "#3"},
				"up": {"uv": [5, 6.625, 4.625, 6.5], "texture": "#3"},
				"down": {"uv": [5.375, 6.5, 5, 6.625], "texture": "#3"}
			}
		},
		{
			"from": [0.3, 5.5, -4],
			"to": [3.3, 14.5, -3],
			"rotation": {"angle": 22.5, "axis": "z", "origin": [0, 6, 0]},
			"faces": {
				"north": {"uv": [4.625, 6.625, 5, 7.75], "texture": "#3"},
				"east": {"uv": [4.5, 6.625, 4.625, 7.75], "texture": "#3"},
				"south": {"uv": [5.125, 6.625, 5.5, 7.75], "texture": "#3"},
				"west": {"uv": [5, 6.625, 5.125, 7.75], "texture": "#3"},
				"up": {"uv": [5, 6.625, 4.625, 6.5], "texture": "#3"},
				"down": {"uv": [5.375, 6.5, 5, 6.625], "texture": "#3"}
			}
		},
		{
			"from": [11.45, 11.65, -4],
			"to": [14.45, 20.65, -3],
			"rotation": {"angle": -22.5, "axis": "z", "origin": [0, 6, 0]},
			"faces": {
				"north": {"uv": [4.625, 6.625, 5, 7.75], "texture": "#3"},
				"east": {"uv": [4.5, 6.625, 4.625, 7.75], "texture": "#3"},
				"south": {"uv": [5.125, 6.625, 5.5, 7.75], "texture": "#3"},
				"west": {"uv": [5, 6.625, 5.125, 7.75], "texture": "#3"},
				"up": {"uv": [5, 6.625, 4.625, 6.5], "texture": "#3"},
				"down": {"uv": [5.375, 6.5, 5, 6.625], "texture": "#3"}
			}
		},
		{
			"from": [11.45, 11.65, -2],
			"to": [14.45, 20.65, -1],
			"rotation": {"angle": -22.5, "axis": "z", "origin": [0, 6, 0]},
			"faces": {
				"north": {"uv": [4.625, 6.625, 5, 7.75], "texture": "#3"},
				"east": {"uv": [4.5, 6.625, 4.625, 7.75], "texture": "#3"},
				"south": {"uv": [5.125, 6.625, 5.5, 7.75], "texture": "#3"},
				"west": {"uv": [5, 6.625, 5.125, 7.75], "texture": "#3"},
				"up": {"uv": [5, 6.625, 4.625, 6.5], "texture": "#3"},
				"down": {"uv": [5.375, 6.5, 5, 6.625], "texture": "#3"}
			}
		},
		{
			"from": [-3, 14, -4],
			"to": [1, 16, -1],
			"rotation": {"angle": 0, "axis": "y", "origin": [0, 6, 0]},
			"faces": {
				"north": {"uv": [0.375, 7.375, 0.875, 7.625], "texture": "#3"},
				"east": {"uv": [0, 7.375, 0.375, 7.625], "texture": "#3"},
				"south": {"uv": [1.25, 7.375, 1.75, 7.625], "texture": "#3"},
				"west": {"uv": [0.875, 7.375, 1.25, 7.625], "texture": "#3"},
				"up": {"uv": [0.875, 7.375, 0.375, 7], "texture": "#3"},
				"down": {"uv": [1.375, 7, 0.875, 7.375], "texture": "#3"}
			}
		},
		{
			"from": [15, 14, -4],
			"to": [19, 16, -1],
			"rotation": {"angle": 0, "axis": "y", "origin": [0, 6, 0]},
			"faces": {
				"north": {"uv": [0.375, 7.375, 0.875, 7.625], "texture": "#3"},
				"east": {"uv": [0, 7.375, 0.375, 7.625], "texture": "#3"},
				"south": {"uv": [1.25, 7.375, 1.75, 7.625], "texture": "#3"},
				"west": {"uv": [0.875, 7.375, 1.25, 7.625], "texture": "#3"},
				"up": {"uv": [0.875, 7.375, 0.375, 7], "texture": "#3"},
				"down": {"uv": [1.375, 7, 0.875, 7.375], "texture": "#3"}
			}
		},
		{
			"from": [3, 8, -6],
			"to": [13, 10, -5],
			"rotation": {"angle": -22.5, "axis": "x", "origin": [0, 6, 0]},
			"faces": {
				"north": {"uv": [7.875, 4.375, 9.125, 4.625], "texture": "#3"},
				"east": {"uv": [7.75, 4.375, 7.875, 4.625], "texture": "#3"},
				"south": {"uv": [9.25, 4.375, 10.5, 4.625], "texture": "#3"},
				"west": {"uv": [9.125, 4.375, 9.25, 4.625], "texture": "#3"},
				"up": {"uv": [9.125, 4.375, 7.875, 4.25], "texture": "#3"},
				"down": {"uv": [10.375, 4.25, 9.125, 4.375], "texture": "#3"}
			}
		},
		{
			"from": [4, 5, -5],
			"to": [12, 6, -3],
			"rotation": {"angle": 0, "axis": "y", "origin": [0, 6, 0]},
			"faces": {
				"north": {"uv": [9.75, 7.125, 10.75, 7.25], "texture": "#3"},
				"east": {"uv": [9.5, 7.125, 9.75, 7.25], "texture": "#3"},
				"south": {"uv": [11, 7.125, 12, 7.25], "texture": "#3"},
				"west": {"uv": [10.75, 7.125, 11, 7.25], "texture": "#3"},
				"up": {"uv": [10.75, 7.125, 9.75, 6.875], "texture": "#3"},
				"down": {"uv": [11.75, 6.875, 10.75, 7.125], "texture": "#3"}
			}
		},
		{
			"from": [11, 5, -6],
			"to": [12, 6, -5],
			"rotation": {"angle": 0, "axis": "y", "origin": [0, 6, 0]},
			"faces": {
				"north": {"uv": [0.125, 1.5, 0.25, 1.625], "texture": "#3"},
				"east": {"uv": [0, 1.5, 0.125, 1.625], "texture": "#3"},
				"south": {"uv": [0.375, 1.5, 0.5, 1.625], "texture": "#3"},
				"west": {"uv": [0.25, 1.5, 0.375, 1.625], "texture": "#3"},
				"up": {"uv": [0.25, 1.5, 0.125, 1.375], "texture": "#3"},
				"down": {"uv": [0.375, 1.375, 0.25, 1.5], "texture": "#3"}
			}
		},
		{
			"from": [15, 9, -7],
			"to": [16, 10, -5],
			"rotation": {"angle": 0, "axis": "y", "origin": [0, 6, 0]},
			"faces": {
				"north": {"uv": [8.25, 2.375, 8.375, 2.5], "texture": "#3"},
				"east": {"uv": [8, 2.375, 8.25, 2.5], "texture": "#3"},
				"south": {"uv": [8.625, 2.375, 8.75, 2.5], "texture": "#3"},
				"west": {"uv": [8.375, 2.375, 8.625, 2.5], "texture": "#3"},
				"up": {"uv": [8.375, 2.375, 8.25, 2.125], "texture": "#3"},
				"down": {"uv": [8.5, 2.125, 8.375, 2.375], "texture": "#3"}
			}
		},
		{
			"from": [13, 9, -7],
			"to": [14, 10, -5],
			"rotation": {"angle": 0, "axis": "y", "origin": [0, 6, 0]},
			"faces": {
				"north": {"uv": [8.25, 2.375, 8.375, 2.5], "texture": "#3"},
				"east": {"uv": [8, 2.375, 8.25, 2.5], "texture": "#3"},
				"south": {"uv": [8.625, 2.375, 8.75, 2.5], "texture": "#3"},
				"west": {"uv": [8.375, 2.375, 8.625, 2.5], "texture": "#3"},
				"up": {"uv": [8.375, 2.375, 8.25, 2.125], "texture": "#3"},
				"down": {"uv": [8.5, 2.125, 8.375, 2.375], "texture": "#3"}
			}
		},
		{
			"from": [13, 9, -10],
			"to": [16, 11, -9],
			"rotation": {"angle": 0, "axis": "y", "origin": [0, 6, 0]},
			"faces": {
				"north": {"uv": [5, 3.75, 5.375, 4], "texture": "#3"},
				"east": {"uv": [4.875, 3.75, 5, 4], "texture": "#3"},
				"south": {"uv": [5.5, 3.75, 5.875, 4], "texture": "#3"},
				"west": {"uv": [5.375, 3.75, 5.5, 4], "texture": "#3"},
				"up": {"uv": [5.375, 3.75, 5, 3.625], "texture": "#3"},
				"down": {"uv": [5.75, 3.625, 5.375, 3.75], "texture": "#3"}
			}
		},
		{
			"from": [14, 9, -9],
			"to": [15, 10, -7],
			"rotation": {"angle": 0, "axis": "y", "origin": [0, 6, 0]},
			"faces": {
				"north": {"uv": [8.25, 2.375, 8.375, 2.5], "texture": "#3"},
				"east": {"uv": [8, 2.375, 8.25, 2.5], "texture": "#3"},
				"south": {"uv": [8.625, 2.375, 8.75, 2.5], "texture": "#3"},
				"west": {"uv": [8.375, 2.375, 8.625, 2.5], "texture": "#3"},
				"up": {"uv": [8.375, 2.375, 8.25, 2.125], "texture": "#3"},
				"down": {"uv": [8.5, 2.125, 8.375, 2.375], "texture": "#3"}
			}
		},
		{
			"from": [14, 5.5, -9.25],
			"to": [15, 6.5, -4.25],
			"rotation": {"angle": 22.5, "axis": "x", "origin": [0, 6, 0]},
			"faces": {
				"north": {"uv": [9.625, 10.5, 9.75, 10.625], "texture": "#3"},
				"east": {"uv": [9, 10.5, 9.625, 10.625], "texture": "#3"},
				"south": {"uv": [10.375, 10.5, 10.5, 10.625], "texture": "#3"},
				"west": {"uv": [9.75, 10.5, 10.375, 10.625], "texture": "#3"},
				"up": {"uv": [9.75, 10.5, 9.625, 9.875], "texture": "#3"},
				"down": {"uv": [9.875, 9.875, 9.75, 10.5], "texture": "#3"}
			}
		},
		{
			"from": [4, 5, -6],
			"to": [5, 6, -5],
			"rotation": {"angle": 0, "axis": "y", "origin": [0, 6, 0]},
			"faces": {
				"north": {"uv": [0.125, 1.5, 0.25, 1.625], "texture": "#3"},
				"east": {"uv": [0, 1.5, 0.125, 1.625], "texture": "#3"},
				"south": {"uv": [0.375, 1.5, 0.5, 1.625], "texture": "#3"},
				"west": {"uv": [0.25, 1.5, 0.375, 1.625], "texture": "#3"},
				"up": {"uv": [0.25, 1.5, 0.125, 1.375], "texture": "#3"},
				"down": {"uv": [0.375, 1.375, 0.25, 1.5], "texture": "#3"}
			}
		},
		{
			"from": [4, 14, -8.25],
			"to": [8, 16, -5.25],
			"rotation": {"angle": -22.5, "axis": "y", "origin": [0, 6, 0]},
			"faces": {
				"north": {"uv": [4.375, 6.25, 4.875, 6.5], "texture": "#3"},
				"east": {"uv": [4, 6.25, 4.375, 6.5], "texture": "#3"},
				"south": {"uv": [5.25, 6.25, 5.75, 6.5], "texture": "#3"},
				"west": {"uv": [4.875, 6.25, 5.25, 6.5], "texture": "#3"},
				"up": {"uv": [4.875, 6.25, 4.375, 5.875], "texture": "#3"},
				"down": {"uv": [5.375, 5.875, 4.875, 6.25], "texture": "#3"}
			}
		},
		{
			"from": [1, 14, 9],
			"to": [3, 17, 11],
			"rotation": {"angle": 0, "axis": "y", "origin": [0, 6, 0]},
			"faces": {
				"north": {"uv": [5.125, 3.25, 5.375, 3.625], "texture": "#3"},
				"east": {"uv": [4.875, 3.25, 5.125, 3.625], "texture": "#3"},
				"south": {"uv": [5.625, 3.25, 5.875, 3.625], "texture": "#3"},
				"west": {"uv": [5.375, 3.25, 5.625, 3.625], "texture": "#3"},
				"up": {"uv": [5.375, 3.25, 5.125, 3], "texture": "#3"},
				"down": {"uv": [5.625, 3, 5.375, 3.25], "texture": "#3"}
			}
		},
		{
			"from": [10, 14, 8],
			"to": [16, 17, 13],
			"rotation": {"angle": 0, "axis": "y", "origin": [0, 6, 0]},
			"faces": {
				"north": {"uv": [0.625, 9.25, 1.375, 9.625], "texture": "#3"},
				"east": {"uv": [0, 9.25, 0.625, 9.625], "texture": "#3"},
				"south": {"uv": [2, 9.25, 2.75, 9.625], "texture": "#3"},
				"west": {"uv": [1.375, 9.25, 2, 9.625], "texture": "#3"},
				"up": {"uv": [1.375, 9.25, 0.625, 8.625], "texture": "#3"},
				"down": {"uv": [2.125, 8.625, 1.375, 9.25], "texture": "#3"}
			}
		},
		{
			"from": [15, 17, 12],
			"to": [16, 19, 13],
			"rotation": {"angle": 0, "axis": "y", "origin": [0, 6, 0]},
			"faces": {
				"north": {"uv": [0.125, 0.125, 0.25, 0.375], "texture": "#3"},
				"east": {"uv": [0, 0.125, 0.125, 0.375], "texture": "#3"},
				"south": {"uv": [0.375, 0.125, 0.5, 0.375], "texture": "#3"},
				"west": {"uv": [0.25, 0.125, 0.375, 0.375], "texture": "#3"},
				"up": {"uv": [0.25, 0.125, 0.125, 0], "texture": "#3"},
				"down": {"uv": [0.375, 0, 0.25, 0.125], "texture": "#3"}
			}
		},
		{
			"from": [16, 6, 5],
			"to": [18, 9, 9],
			"rotation": {"angle": 0, "axis": "y", "origin": [0, 6, 0]},
			"faces": {
				"north": {"uv": [6.5, 7.375, 6.75, 7.75], "texture": "#3"},
				"east": {"uv": [6, 7.375, 6.5, 7.75], "texture": "#3"},
				"south": {"uv": [7.25, 7.375, 7.5, 7.75], "texture": "#3"},
				"west": {"uv": [6.75, 7.375, 7.25, 7.75], "texture": "#3"},
				"up": {"uv": [6.75, 7.375, 6.5, 6.875], "texture": "#3"},
				"down": {"uv": [7, 6.875, 6.75, 7.375], "texture": "#3"}
			}
		},
		{
			"from": [-2, 6, 0],
			"to": [0, 8, 4],
			"rotation": {"angle": 0, "axis": "y", "origin": [0, 6, 0]},
			"faces": {
				"north": {"uv": [10.375, 8.875, 10.625, 9.125], "texture": "#3"},
				"east": {"uv": [9.875, 8.875, 10.375, 9.125], "texture": "#3"},
				"south": {"uv": [11.125, 8.875, 11.375, 9.125], "texture": "#3"},
				"west": {"uv": [10.625, 8.875, 11.125, 9.125], "texture": "#3"},
				"up": {"uv": [10.625, 8.875, 10.375, 8.375], "texture": "#3"},
				"down": {"uv": [10.875, 8.375, 10.625, 8.875], "texture": "#3"}
			}
		},
		{
			"from": [-2, 6, 5],
			"to": [0, 8, 8],
			"rotation": {"angle": 0, "axis": "y", "origin": [0, 6, 0]},
			"faces": {
				"north": {"uv": [10.5, 4.625, 10.75, 4.875], "texture": "#3"},
				"east": {"uv": [10.125, 4.625, 10.5, 4.875], "texture": "#3"},
				"south": {"uv": [11.125, 4.625, 11.375, 4.875], "texture": "#3"},
				"west": {"uv": [10.75, 4.625, 11.125, 4.875], "texture": "#3"},
				"up": {"uv": [10.75, 4.625, 10.5, 4.25], "texture": "#3"},
				"down": {"uv": [11, 4.25, 10.75, 4.625], "texture": "#3"}
			}
		},
		{
			"from": [14, 17, 19],
			"to": [18, 24, 23],
			"rotation": {"angle": 0, "axis": "y", "origin": [0, 6, 0]},
			"faces": {
				"north": {"uv": [0.5, 0.5, 1, 1.375], "texture": "#3"},
				"east": {"uv": [0, 0.5, 0.5, 1.375], "texture": "#3"},
				"south": {"uv": [1.5, 0.5, 2, 1.375], "texture": "#3"},
				"west": {"uv": [1, 0.5, 1.5, 1.375], "texture": "#3"},
				"up": {"uv": [1, 0.5, 0.5, 0], "texture": "#3"},
				"down": {"uv": [1.5, 0, 1, 0.5], "texture": "#3"}
			}
		},
		{
			"from": [14, 16, 19],
			"to": [18, 17, 23],
			"rotation": {"angle": 0, "axis": "y", "origin": [0, 6, 0]},
			"faces": {
				"north": {"uv": [0.5, 1.875, 1, 2], "texture": "#3"},
				"east": {"uv": [0, 1.875, 0.5, 2], "texture": "#3"},
				"south": {"uv": [1.5, 1.875, 2, 2], "texture": "#3"},
				"west": {"uv": [1, 1.875, 1.5, 2], "texture": "#3"},
				"up": {"uv": [1, 1.875, 0.5, 1.375], "texture": "#3"},
				"down": {"uv": [1.5, 1.375, 1, 1.875], "texture": "#3"}
			}
		},
		{
			"from": [0, 17, 7],
			"to": [4, 18, 12],
			"rotation": {"angle": 0, "axis": "y", "origin": [0, 6, 0]},
			"faces": {
				"north": {"uv": [4.375, 10.125, 4.875, 10.25], "texture": "#3"},
				"east": {"uv": [3.75, 10.125, 4.375, 10.25], "texture": "#3"},
				"south": {"uv": [5.5, 10.125, 6, 10.25], "texture": "#3"},
				"west": {"uv": [4.875, 10.125, 5.5, 10.25], "texture": "#3"},
				"up": {"uv": [4.875, 10.125, 4.375, 9.5], "texture": "#3"},
				"down": {"uv": [5.375, 9.5, 4.875, 10.125], "texture": "#3"}
			}
		},
		{
			"from": [3, 14, 4],
			"to": [13, 15, 7],
			"rotation": {"angle": 0, "axis": "y", "origin": [0, 6, 0]},
			"faces": {
				"north": {"uv": [5.25, 4.625, 6.5, 4.75], "texture": "#3"},
				"east": {"uv": [4.875, 4.625, 5.25, 4.75], "texture": "#3"},
				"south": {"uv": [6.875, 4.625, 8.125, 4.75], "texture": "#3"},
				"west": {"uv": [6.5, 4.625, 6.875, 4.75], "texture": "#3"},
				"up": {"uv": [6.5, 4.625, 5.25, 4.25], "texture": "#3"},
				"down": {"uv": [7.75, 4.25, 6.5, 4.625], "texture": "#3"}
			}
		},
		{
			"from": [0, 14, 1],
			"to": [3, 15, 4],
			"rotation": {"angle": 0, "axis": "y", "origin": [0, 6, 0]},
			"faces": {
				"north": {"uv": [10.25, 10.25, 10.625, 10.375], "texture": "#3"},
				"east": {"uv": [9.875, 10.25, 10.25, 10.375], "texture": "#3"},
				"south": {"uv": [11, 10.25, 11.375, 10.375], "texture": "#3"},
				"west": {"uv": [10.625, 10.25, 11, 10.375], "texture": "#3"},
				"up": {"uv": [10.625, 10.25, 10.25, 9.875], "texture": "#3"},
				"down": {"uv": [11, 9.875, 10.625, 10.25], "texture": "#3"}
			}
		},
		{
			"from": [0.5, 15, 1.5],
			"to": [2.5, 17, 3.5],
			"rotation": {"angle": 0, "axis": "y", "origin": [0, 6, 0]},
			"faces": {
				"north": {"uv": [1, 10.625, 1.25, 10.875], "texture": "#3"},
				"east": {"uv": [0.75, 10.625, 1, 10.875], "texture": "#3"},
				"south": {"uv": [1.5, 10.625, 1.75, 10.875], "texture": "#3"},
				"west": {"uv": [1.25, 10.625, 1.5, 10.875], "texture": "#3"},
				"up": {"uv": [1.25, 10.625, 1, 10.375], "texture": "#3"},
				"down": {"uv": [1.5, 10.375, 1.25, 10.625], "texture": "#3"}
			}
		},
		{
			"from": [2, 14, -4],
			"to": [8, 15, -2],
			"rotation": {"angle": -22.5, "axis": "y", "origin": [0, 6, 0]},
			"faces": {
				"north": {"uv": [5.625, 9.875, 6.375, 10], "texture": "#3"},
				"east": {"uv": [5.375, 9.875, 5.625, 10], "texture": "#3"},
				"south": {"uv": [6.625, 9.875, 7.375, 10], "texture": "#3"},
				"west": {"uv": [6.375, 9.875, 6.625, 10], "texture": "#3"},
				"up": {"uv": [6.375, 9.875, 5.625, 9.625], "texture": "#3"},
				"down": {"uv": [7.125, 9.625, 6.375, 9.875], "texture": "#3"}
			}
		},
		{
			"from": [13, 14, 5],
			"to": [16, 15, 6],
			"rotation": {"angle": 0, "axis": "y", "origin": [0, 6, 0]},
			"faces": {
				"north": {"uv": [8.125, 4.75, 8.5, 4.875], "texture": "#3"},
				"east": {"uv": [8, 4.75, 8.125, 4.875], "texture": "#3"},
				"south": {"uv": [8.625, 4.75, 9, 4.875], "texture": "#3"},
				"west": {"uv": [8.5, 4.75, 8.625, 4.875], "texture": "#3"},
				"up": {"uv": [8.5, 4.75, 8.125, 4.625], "texture": "#3"},
				"down": {"uv": [8.875, 4.625, 8.5, 4.75], "texture": "#3"}
			}
		},
		{
			"from": [0, 14, 5],
			"to": [3, 15, 6],
			"rotation": {"angle": 0, "axis": "y", "origin": [0, 6, 0]},
			"faces": {
				"north": {"uv": [8.125, 4.75, 8.5, 4.875], "texture": "#3"},
				"east": {"uv": [8, 4.75, 8.125, 4.875], "texture": "#3"},
				"south": {"uv": [8.625, 4.75, 9, 4.875], "texture": "#3"},
				"west": {"uv": [8.5, 4.75, 8.625, 4.875], "texture": "#3"},
				"up": {"uv": [8.5, 4.75, 8.125, 4.625], "texture": "#3"},
				"down": {"uv": [8.875, 4.625, 8.5, 4.75], "texture": "#3"}
			}
		},
		{
			"from": [-0.1, 12, 4],
			"to": [1.9, 15, 5],
			"rotation": {"angle": -22.5, "axis": "y", "origin": [0, 6, 0]},
			"faces": {
				"north": {"uv": [7.125, 7, 7.375, 7.375], "texture": "#3"},
				"east": {"uv": [7, 7, 7.125, 7.375], "texture": "#3"},
				"south": {"uv": [7.5, 7, 7.75, 7.375], "texture": "#3"},
				"west": {"uv": [7.375, 7, 7.5, 7.375], "texture": "#3"},
				"up": {"uv": [7.375, 7, 7.125, 6.875], "texture": "#3"},
				"down": {"uv": [7.625, 6.875, 7.375, 7], "texture": "#3"}
			}
		},
		{
			"from": [12.9, 12, 10.1],
			"to": [14.9, 15, 11.1],
			"rotation": {"angle": 22.5, "axis": "y", "origin": [0, 6, 0]},
			"faces": {
				"north": {"uv": [7.125, 7, 7.375, 7.375], "texture": "#3"},
				"east": {"uv": [7, 7, 7.125, 7.375], "texture": "#3"},
				"south": {"uv": [7.5, 7, 7.75, 7.375], "texture": "#3"},
				"west": {"uv": [7.375, 7, 7.5, 7.375], "texture": "#3"},
				"up": {"uv": [7.375, 7, 7.125, 6.875], "texture": "#3"},
				"down": {"uv": [7.625, 6.875, 7.375, 7], "texture": "#3"}
			}
		},
		{
			"from": [-6, -2, -11],
			"to": [-6, 4, -5],
			"rotation": {"angle": 0, "axis": "y", "origin": [0, 6, 0]},
			"faces": {
				"north": {"uv": [0.75, 3, 0.75, 3.75], "texture": "#3"},
				"east": {"uv": [0, 3, 0.75, 3.75], "texture": "#3"},
				"south": {"uv": [1.5, 3, 1.5, 3.75], "texture": "#3"},
				"west": {"uv": [0.75, 3, 1.5, 3.75], "texture": "#3"},
				"up": {"uv": [0.75, 3, 0.75, 2.25], "texture": "#3"},
				"down": {"uv": [0.75, 2.25, 0.75, 3], "texture": "#3"}
			}
		},
		{
			"from": [22, -2, 19],
			"to": [22, 4, 25],
			"rotation": {"angle": 0, "axis": "y", "origin": [0, 6, 0]},
			"faces": {
				"north": {"uv": [0.75, 3, 0.75, 3.75], "texture": "#3"},
				"east": {"uv": [0, 3, 0.75, 3.75], "texture": "#3"},
				"south": {"uv": [1.5, 3, 1.5, 3.75], "texture": "#3"},
				"west": {"uv": [0.75, 3, 1.5, 3.75], "texture": "#3"},
				"up": {"uv": [0.75, 3, 0.75, 2.25], "texture": "#3"},
				"down": {"uv": [0.75, 2.25, 0.75, 3], "texture": "#3"}
			}
		},
		{
			"from": [22, -2, -11],
			"to": [22, 4, -5],
			"rotation": {"angle": 0, "axis": "y", "origin": [0, 6, 0]},
			"faces": {
				"north": {"uv": [0.75, 3, 0.75, 3.75], "texture": "#3"},
				"east": {"uv": [0, 3, 0.75, 3.75], "texture": "#3"},
				"south": {"uv": [1.5, 3, 1.5, 3.75], "texture": "#3"},
				"west": {"uv": [0.75, 3, 1.5, 3.75], "texture": "#3"},
				"up": {"uv": [0.75, 3, 0.75, 2.25], "texture": "#3"},
				"down": {"uv": [0.75, 2.25, 0.75, 3], "texture": "#3"}
			}
		},
		{
			"from": [-6, -2, 19],
			"to": [-6, 4, 25],
			"rotation": {"angle": 0, "axis": "y", "origin": [0, 6, 0]},
			"faces": {
				"north": {"uv": [0.75, 3, 0.75, 3.75], "texture": "#3"},
				"east": {"uv": [0, 3, 0.75, 3.75], "texture": "#3"},
				"south": {"uv": [1.5, 3, 1.5, 3.75], "texture": "#3"},
				"west": {"uv": [0.75, 3, 1.5, 3.75], "texture": "#3"},
				"up": {"uv": [0.75, 3, 0.75, 2.25], "texture": "#3"},
				"down": {"uv": [0.75, 2.25, 0.75, 3], "texture": "#3"}
			}
		},
		{
			"from": [24, -2, 4],
			"to": [24, 4, 10],
			"rotation": {"angle": 0, "axis": "y", "origin": [0, 6, 0]},
			"faces": {
				"north": {"uv": [0.75, 3, 0.75, 3.75], "texture": "#3"},
				"east": {"uv": [0, 3, 0.75, 3.75], "texture": "#3"},
				"south": {"uv": [1.5, 3, 1.5, 3.75], "texture": "#3"},
				"west": {"uv": [0.75, 3, 1.5, 3.75], "texture": "#3"},
				"up": {"uv": [0.75, 3, 0.75, 2.25], "texture": "#3"},
				"down": {"uv": [0.75, 2.25, 0.75, 3], "texture": "#3"}
			}
		},
		{
			"from": [-8, -2, 4],
			"to": [-8, 4, 10],
			"rotation": {"angle": 0, "axis": "y", "origin": [0, 6, 0]},
			"faces": {
				"north": {"uv": [0.75, 3, 0.75, 3.75], "texture": "#3"},
				"east": {"uv": [0, 3, 0.75, 3.75], "texture": "#3"},
				"south": {"uv": [1.5, 3, 1.5, 3.75], "texture": "#3"},
				"west": {"uv": [0.75, 3, 1.5, 3.75], "texture": "#3"},
				"up": {"uv": [0.75, 3, 0.75, 2.25], "texture": "#3"},
				"down": {"uv": [0.75, 2.25, 0.75, 3], "texture": "#3"}
			}
		},
		{
			"from": [13, 15, 19],
			"to": [18, 16, 23],
			"rotation": {"angle": 0, "axis": "y", "origin": [0, 6, 0]},
			"faces": {
				"north": {"uv": [5.5, 11.375, 6.125, 11.5], "texture": "#3"},
				"east": {"uv": [5, 11.375, 5.5, 11.5], "texture": "#3"},
				"south": {"uv": [6.625, 11.375, 7.25, 11.5], "texture": "#3"},
				"west": {"uv": [6.125, 11.375, 6.625, 11.5], "texture": "#3"},
				"up": {"uv": [6.125, 11.375, 5.5, 10.875], "texture": "#3"},
				"down": {"uv": [6.75, 10.875, 6.125, 11.375], "texture": "#3"}
			}
		},
		{
			"from": [0, 9, 19],
			"to": [16, 10, 22],
			"rotation": {"angle": -22.5, "axis": "x", "origin": [0, 6, 0]},
			"faces": {
				"north": {"uv": [5.875, 4, 7.875, 4.125], "texture": "#3"},
				"east": {"uv": [5.5, 4, 5.875, 4.125], "texture": "#3"},
				"south": {"uv": [8.25, 4, 10.25, 4.125], "texture": "#3"},
				"west": {"uv": [7.875, 4, 8.25, 4.125], "texture": "#3"},
				"up": {"uv": [7.875, 4, 5.875, 3.625], "texture": "#3"},
				"down": {"uv": [9.875, 3.625, 7.875, 4], "texture": "#3"}
			}
		}
	],
	"display": {
		"ground": {
			"translation": [0, 13.75, 0]
		},
		"head": {
			"translation": [0, -22, 0],
			"scale": [2, 2, 2]
		}
	},
	"groups": [
		{
			"name": "Rover",
			"origin": [8, 8, 8],
			"color": 0,
			"nbt": "{}",
			"children": [
				{
					"name": "MainBody",
					"origin": [8, 8, 8],
					"color": 0,
					"nbt": "{}",
					"children": [
						{
							"name": "Body1",
							"origin": [8, 8, 8],
							"color": 0,
							"nbt": "{}",
							"children": [0, 1, 2, 3]
						},
						{
							"name": "Body2",
							"origin": [8, 8, 8],
							"color": 0,
							"nbt": "{}",
							"children": [4, 5, 6]
						},
						{
							"name": "Bodyconnection",
							"origin": [8, 8, 8],
							"color": 0,
							"nbt": "{}",
							"children": [7, 8, 9, 10]
						}
					]
				},
				{
					"name": "Head",
					"origin": [8, 8, 8],
					"color": 0,
					"nbt": "{}",
					"children": [11, 12, 13, 14, 15, 16, 17, 18]
				},
				{
					"name": "Neck",
					"origin": [8, 8, 8],
					"color": 0,
					"nbt": "{}",
					"children": [19, 20, 21, 22]
				},
				{
					"name": "LWheelsconnection",
					"origin": [8, 8, 8],
					"color": 0,
					"nbt": "{}",
					"children": [23, 24, 25, 26, 27, 28, 29, 30, 31, 32, 33, 34, 35, 36, 37, 38, 39, 40, 41, 42, 43, 44, 45, 46, 47, 48, 49, 50]
				},
				{
					"name": "Wheel1",
					"origin": [8, 8, 8],
					"color": 0,
					"nbt": "{}",
					"children": [51, 52, 53, 54]
				},
				{
					"name": "Wheel2",
					"origin": [8, 8, 8],
					"color": 0,
					"nbt": "{}",
					"children": [55, 56, 57, 58]
				},
				{
					"name": "Wheel3",
					"origin": [8, 8, 8],
					"color": 0,
					"nbt": "{}",
					"children": [59, 60, 61, 62]
				},
				{
					"name": "RWheelsconnection",
					"origin": [8, 8, 8],
					"color": 0,
					"nbt": "{}",
					"children": [63, 64, 65]
				},
				{
					"name": "Wheel4",
					"origin": [8, 8, 8],
					"color": 0,
					"nbt": "{}",
					"children": [66, 67, 68, 69]
				},
				{
					"name": "Wheel5",
					"origin": [8, 8, 8],
					"color": 0,
					"nbt": "{}",
					"children": [70, 71, 72, 73]
				},
				{
					"name": "Wheel6",
					"origin": [8, 8, 8],
					"color": 0,
					"nbt": "{}",
					"children": [74, 75, 76, 77]
				},
				{
					"name": "JPL/NASA",
					"origin": [0, 0, 0],
					"color": 0,
					"nbt": "{}",
					"children": [78, 79, 80, 81, 82, 83]
				},
				{
					"name": "equipment",
					"origin": [8, 8, 8],
					"color": 0,
					"nbt": "{}",
					"children": [84, 85, 86, 87, 88, 89, 90, 91, 92, 93, 94, 95, 96, 97, 98, 99, 100, 101, 102, 103, 104, 105, 106, 107, 108, 109, 110]
				},
				111,
				112,
				113,
				114,
				115,
				116,
				117,
				118
			]
		}
	]
}