{
	"credit": "Made with Blockbench",
	"texture_size": [128, 128],
	"textures": {
		"0": "thunderie:item/oldrover",
		"particle": "thunderie:item/oldrover"
	},
	"elements": [
		{
			"from": [0, -6, 0],
			"to": [16, 6, 19],
			"rotation": {"angle": 0, "axis": "y", "origin": [0, 6, 3]},
			"faces": {
				"north": {"uv": [2.375, 2.375, 4.375, 3.875], "texture": "#0"},
				"east": {"uv": [0, 2.375, 2.375, 3.875], "texture": "#0"},
				"south": {"uv": [6.75, 2.375, 8.75, 3.875], "texture": "#0"},
				"west": {"uv": [4.375, 2.375, 6.75, 3.875], "texture": "#0"},
				"up": {"uv": [4.375, 2.375, 2.375, 0], "texture": "#0"},
				"down": {"uv": [6.375, 0, 4.375, 2.375], "texture": "#0"}
			}
		},
		{
			"from": [3.4, 0, -8.4],
			"to": [12.6, 6, -4.5],
			"rotation": {"angle": 0, "axis": "y", "origin": [0, 8, 3]},
			"faces": {
				"north": {"uv": [9.875, 10, 11, 10.75], "texture": "#0"},
				"east": {"uv": [9.5, 10, 9.875, 10.75], "texture": "#0"},
				"south": {"uv": [11.375, 10, 12.5, 10.75], "texture": "#0"},
				"west": {"uv": [11, 10, 11.375, 10.75], "texture": "#0"},
				"up": {"uv": [11, 10, 9.875, 9.625], "texture": "#0"},
				"down": {"uv": [12.125, 9.625, 11, 10], "texture": "#0"}
			}
		},
		{
			"from": [9.4, 0, -10.4],
			"to": [11.6, 4, -8.5],
			"rotation": {"angle": 0, "axis": "y", "origin": [0, 8, 3]},
			"faces": {
				"north": {"uv": [0.875, 10.625, 1.125, 11.125], "texture": "#0"},
				"east": {"uv": [0.75, 10.625, 0.875, 11.125], "texture": "#0"},
				"south": {"uv": [1.25, 10.625, 1.5, 11.125], "texture": "#0"},
				"west": {"uv": [1.125, 10.625, 1.25, 11.125], "texture": "#0"},
				"up": {"uv": [1.125, 10.625, 0.875, 10.5], "texture": "#0"},
				"down": {"uv": [1.375, 10.5, 1.125, 10.625], "texture": "#0"}
			}
		},
		{
			"from": [4.4, 0, -10.4],
			"to": [6.6, 4, -8.5],
			"rotation": {"angle": 0, "axis": "y", "origin": [0, 8, 3]},
			"faces": {
				"north": {"uv": [10.125, 5.5, 10.375, 6], "texture": "#0"},
				"east": {"uv": [10, 5.5, 10.125, 6], "texture": "#0"},
				"south": {"uv": [10.5, 5.5, 10.75, 6], "texture": "#0"},
				"west": {"uv": [10.375, 5.5, 10.5, 6], "texture": "#0"},
				"up": {"uv": [10.375, 5.5, 10.125, 5.375], "texture": "#0"},
				"down": {"uv": [10.625, 5.375, 10.375, 5.5], "texture": "#0"}
			}
		},
		{
			"from": [6.4, 5, -10.4],
			"to": [9.6, 7, -9.25],
			"rotation": {"angle": 0, "axis": "y", "origin": [0, 8, 3]},
			"faces": {
				"north": {"uv": [0.125, 2.125, 0.5, 2.375], "texture": "#0"},
				"east": {"uv": [0, 2.125, 0.125, 2.375], "texture": "#0"},
				"south": {"uv": [0.625, 2.125, 1, 2.375], "texture": "#0"},
				"west": {"uv": [0.5, 2.125, 0.625, 2.375], "texture": "#0"},
				"up": {"uv": [0.5, 2.125, 0.125, 2], "texture": "#0"},
				"down": {"uv": [0.875, 2, 0.5, 2.125], "texture": "#0"}
			}
		},
		{
			"from": [6.4, -2.25, -5.65],
			"to": [9.6, 1.75, -4.5],
			"rotation": {"angle": 45, "axis": "x", "origin": [0, 8, 3]},
			"faces": {
				"north": {"uv": [8.625, 9.75, 9, 10.25], "texture": "#0"},
				"east": {"uv": [8.5, 9.75, 8.625, 10.25], "texture": "#0"},
				"south": {"uv": [9.125, 9.75, 9.5, 10.25], "texture": "#0"},
				"west": {"uv": [9, 9.75, 9.125, 10.25], "texture": "#0"},
				"up": {"uv": [9, 9.75, 8.625, 9.625], "texture": "#0"},
				"down": {"uv": [9.375, 9.625, 9, 9.75], "texture": "#0"}
			}
		},
		{
			"from": [4.15, 4, -12.65],
			"to": [6.35, 7, -11.5],
			"rotation": {"angle": -22.5, "axis": "x", "origin": [0, 8, 3]},
			"faces": {
				"north": {"uv": [3.625, 8.625, 3.875, 9], "texture": "#0"},
				"east": {"uv": [3.5, 8.625, 3.625, 9], "texture": "#0"},
				"south": {"uv": [4, 8.625, 4.25, 9], "texture": "#0"},
				"west": {"uv": [3.875, 8.625, 4, 9], "texture": "#0"},
				"up": {"uv": [3.875, 8.625, 3.625, 8.5], "texture": "#0"},
				"down": {"uv": [4.125, 8.5, 3.875, 8.625], "texture": "#0"}
			}
		},
		{
			"from": [9.65, 4, -12.65],
			"to": [11.85, 7, -11.5],
			"rotation": {"angle": -22.5, "axis": "x", "origin": [0, 8, 3]},
			"faces": {
				"north": {"uv": [5, 4, 5.25, 4.375], "texture": "#0"},
				"east": {"uv": [4.875, 4, 5, 4.375], "texture": "#0"},
				"south": {"uv": [5.375, 4, 5.625, 4.375], "texture": "#0"},
				"west": {"uv": [5.25, 4, 5.375, 4.375], "texture": "#0"},
				"up": {"uv": [5.25, 4, 5, 3.875], "texture": "#0"},
				"down": {"uv": [5.5, 3.875, 5.25, 4], "texture": "#0"}
			}
		},
		{
			"from": [8, 0, -2.75],
			"to": [16, 6, 6.5],
			"rotation": {"angle": 22.5, "axis": "y", "origin": [0, 8, 3]},
			"faces": {
				"north": {"uv": [5.375, 7.875, 6.375, 8.625], "texture": "#0"},
				"east": {"uv": [4.25, 7.875, 5.375, 8.625], "texture": "#0"},
				"south": {"uv": [7.5, 7.875, 8.5, 8.625], "texture": "#0"},
				"west": {"uv": [6.375, 7.875, 7.5, 8.625], "texture": "#0"},
				"up": {"uv": [6.375, 7.875, 5.375, 6.75], "texture": "#0"},
				"down": {"uv": [7.375, 6.75, 6.375, 7.875], "texture": "#0"}
			}
		},
		{
			"from": [-1.2, 0, -8.85],
			"to": [6.8, 6, 0.2],
			"rotation": {"angle": -22.5, "axis": "y", "origin": [0, 8, 3]},
			"faces": {
				"north": {"uv": [1.125, 7.75, 2.125, 8.5], "texture": "#0"},
				"east": {"uv": [0, 7.75, 1.125, 8.5], "texture": "#0"},
				"south": {"uv": [3.25, 7.75, 4.25, 8.5], "texture": "#0"},
				"west": {"uv": [2.125, 7.75, 3.25, 8.5], "texture": "#0"},
				"up": {"uv": [2.125, 7.75, 1.125, 6.625], "texture": "#0"},
				"down": {"uv": [3.125, 6.625, 2.125, 7.75], "texture": "#0"}
			}
		},
		{
			"from": [19, -13, -9],
			"to": [22, -11, -7],
			"rotation": {"angle": 0, "axis": "y", "origin": [0, 6, 1]},
			"faces": {
				"north": {"uv": [9.125, 5.25, 9.5, 5.5], "texture": "#0"},
				"east": {"uv": [8.875, 5.25, 9.125, 5.5], "texture": "#0"},
				"south": {"uv": [9.75, 5.25, 10.125, 5.5], "texture": "#0"},
				"west": {"uv": [9.5, 5.25, 9.75, 5.5], "texture": "#0"},
				"up": {"uv": [9.5, 5.25, 9.125, 5], "texture": "#0"},
				"down": {"uv": [9.875, 5, 9.5, 5.25], "texture": "#0"}
			}
		},
		{
			"from": [-6, -13, -9],
			"to": [-3, -11, -7],
			"rotation": {"angle": 0, "axis": "y", "origin": [0, 6, 1]},
			"faces": {
				"north": {"uv": [9, 6.375, 9.375, 6.625], "texture": "#0"},
				"east": {"uv": [8.75, 6.375, 9, 6.625], "texture": "#0"},
				"south": {"uv": [9.625, 6.375, 10, 6.625], "texture": "#0"},
				"west": {"uv": [9.375, 6.375, 9.625, 6.625], "texture": "#0"},
				"up": {"uv": [9.375, 6.375, 9, 6.125], "texture": "#0"},
				"down": {"uv": [9.75, 6.125, 9.375, 6.375], "texture": "#0"}
			}
		},
		{
			"from": [-6, -13, 21],
			"to": [-3, -11, 23],
			"rotation": {"angle": 0, "axis": "y", "origin": [0, 6, 1]},
			"faces": {
				"north": {"uv": [6.25, 8.875, 6.625, 9.125], "texture": "#0"},
				"east": {"uv": [6, 8.875, 6.25, 9.125], "texture": "#0"},
				"south": {"uv": [6.875, 8.875, 7.25, 9.125], "texture": "#0"},
				"west": {"uv": [6.625, 8.875, 6.875, 9.125], "texture": "#0"},
				"up": {"uv": [6.625, 8.875, 6.25, 8.625], "texture": "#0"},
				"down": {"uv": [7, 8.625, 6.625, 8.875], "texture": "#0"}
			}
		},
		{
			"from": [17, -6, 6],
			"to": [19, -5, 23],
			"rotation": {"angle": 0, "axis": "y", "origin": [-24, 6, 3]},
			"faces": {
				"north": {"uv": [8.5, 2.125, 8.75, 2.25], "texture": "#0"},
				"east": {"uv": [6.375, 2.125, 8.5, 2.25], "texture": "#0"},
				"south": {"uv": [10.875, 2.125, 11.125, 2.25], "texture": "#0"},
				"west": {"uv": [8.75, 2.125, 10.875, 2.25], "texture": "#0"},
				"up": {"uv": [8.75, 2.125, 8.5, 0], "texture": "#0"},
				"down": {"uv": [9, 0, 8.75, 2.125], "texture": "#0"}
			}
		},
		{
			"from": [16, -2, -13],
			"to": [18, -1, 8],
			"rotation": {"angle": -22.5, "axis": "x", "origin": [-24, 6, 3]},
			"faces": {
				"north": {"uv": [5.75, 6.625, 6, 6.75], "texture": "#0"},
				"east": {"uv": [3.125, 6.625, 5.75, 6.75], "texture": "#0"},
				"south": {"uv": [8.625, 6.625, 8.875, 6.75], "texture": "#0"},
				"west": {"uv": [6, 6.625, 8.625, 6.75], "texture": "#0"},
				"up": {"uv": [6, 6.625, 5.75, 4], "texture": "#0"},
				"down": {"uv": [6.25, 4, 6, 6.625], "texture": "#0"}
			}
		},
		{
			"from": [-2.25, -2.25, -4],
			"to": [0, -0.75, 0],
			"rotation": {"angle": -22.5, "axis": "x", "origin": [-24, 6, 3]},
			"faces": {
				"north": {"uv": [3, 9, 3.25, 9.125], "texture": "#0"},
				"east": {"uv": [2.5, 9, 3, 9.125], "texture": "#0"},
				"south": {"uv": [3.75, 9, 4, 9.125], "texture": "#0"},
				"west": {"uv": [3.25, 9, 3.75, 9.125], "texture": "#0"},
				"up": {"uv": [3.25, 9, 3, 8.5], "texture": "#0"},
				"down": {"uv": [3.5, 8.5, 3.25, 9], "texture": "#0"}
			}
		},
		{
			"from": [-3, -3.25, -3],
			"to": [0, 0.25, -2],
			"rotation": {"angle": -22.5, "axis": "x", "origin": [-24, 6, 3]},
			"faces": {
				"north": {"uv": [3.625, 9.25, 4, 9.625], "texture": "#0"},
				"east": {"uv": [3.5, 9.25, 3.625, 9.625], "texture": "#0"},
				"south": {"uv": [4.125, 9.25, 4.5, 9.625], "texture": "#0"},
				"west": {"uv": [4, 9.25, 4.125, 9.625], "texture": "#0"},
				"up": {"uv": [4, 9.25, 3.625, 9.125], "texture": "#0"},
				"down": {"uv": [4.375, 9.125, 4, 9.25], "texture": "#0"}
			}
		},
		{
			"from": [16, -2.25, -4],
			"to": [18.25, -0.75, 0],
			"rotation": {"angle": -22.5, "axis": "x", "origin": [-24, 6, 3]},
			"faces": {
				"north": {"uv": [3.625, 7.25, 3.875, 7.375], "texture": "#0"},
				"east": {"uv": [3.125, 7.25, 3.625, 7.375], "texture": "#0"},
				"south": {"uv": [4.375, 7.25, 4.625, 7.375], "texture": "#0"},
				"west": {"uv": [3.875, 7.25, 4.375, 7.375], "texture": "#0"},
				"up": {"uv": [3.875, 7.25, 3.625, 6.75], "texture": "#0"},
				"down": {"uv": [4.125, 6.75, 3.875, 7.25], "texture": "#0"}
			}
		},
		{
			"from": [16, -3.25, -3],
			"to": [19, 0.25, -2],
			"rotation": {"angle": -22.5, "axis": "x", "origin": [-24, 6, 3]},
			"faces": {
				"north": {"uv": [9, 5.625, 9.375, 6], "texture": "#0"},
				"east": {"uv": [8.875, 5.625, 9, 6], "texture": "#0"},
				"south": {"uv": [9.5, 5.625, 9.875, 6], "texture": "#0"},
				"west": {"uv": [9.375, 5.625, 9.5, 6], "texture": "#0"},
				"up": {"uv": [9.375, 5.625, 9, 5.5], "texture": "#0"},
				"down": {"uv": [9.75, 5.5, 9.375, 5.625], "texture": "#0"}
			}
		},
		{
			"from": [-2, -2, -13],
			"to": [0, -1, 8],
			"rotation": {"angle": -22.5, "axis": "x", "origin": [-24, 6, 3]},
			"faces": {
				"north": {"uv": [2.625, 6.5, 2.875, 6.625], "texture": "#0"},
				"east": {"uv": [0, 6.5, 2.625, 6.625], "texture": "#0"},
				"south": {"uv": [5.5, 6.5, 5.75, 6.625], "texture": "#0"},
				"west": {"uv": [2.875, 6.5, 5.5, 6.625], "texture": "#0"},
				"up": {"uv": [2.875, 6.5, 2.625, 3.875], "texture": "#0"},
				"down": {"uv": [3.125, 3.875, 2.875, 6.5], "texture": "#0"}
			}
		},
		{
			"from": [16, 7, 11.5],
			"to": [18, 8, 21],
			"rotation": {"angle": 45, "axis": "x", "origin": [-24, 6, 3]},
			"faces": {
				"north": {"uv": [11.125, 8.5, 11.375, 8.625], "texture": "#0"},
				"east": {"uv": [10, 8.5, 11.125, 8.625], "texture": "#0"},
				"south": {"uv": [12.5, 8.5, 12.75, 8.625], "texture": "#0"},
				"west": {"uv": [11.375, 8.5, 12.5, 8.625], "texture": "#0"},
				"up": {"uv": [11.375, 8.5, 11.125, 7.375], "texture": "#0"},
				"down": {"uv": [11.625, 7.375, 11.375, 8.5], "texture": "#0"}
			}
		},
		{
			"from": [-2, 7, 11.5],
			"to": [0, 8, 21],
			"rotation": {"angle": 45, "axis": "x", "origin": [-24, 6, 3]},
			"faces": {
				"north": {"uv": [11, 6.125, 11.25, 6.25], "texture": "#0"},
				"east": {"uv": [9.875, 6.125, 11, 6.25], "texture": "#0"},
				"south": {"uv": [12.375, 6.125, 12.625, 6.25], "texture": "#0"},
				"west": {"uv": [11.25, 6.125, 12.375, 6.25], "texture": "#0"},
				"up": {"uv": [11.25, 6.125, 11, 5], "texture": "#0"},
				"down": {"uv": [11.5, 5, 11.25, 6.125], "texture": "#0"}
			}
		},
		{
			"from": [19, -13, 21],
			"to": [22, -11, 23],
			"rotation": {"angle": 0, "axis": "y", "origin": [0, 6, 1]},
			"faces": {
				"north": {"uv": [7.75, 6.375, 8.125, 6.625], "texture": "#0"},
				"east": {"uv": [7.5, 6.375, 7.75, 6.625], "texture": "#0"},
				"south": {"uv": [8.375, 6.375, 8.75, 6.625], "texture": "#0"},
				"west": {"uv": [8.125, 6.375, 8.375, 6.625], "texture": "#0"},
				"up": {"uv": [8.125, 6.375, 7.75, 6.125], "texture": "#0"},
				"down": {"uv": [8.5, 6.125, 8.125, 6.375], "texture": "#0"}
			}
		},
		{
			"from": [18, -13, 21],
			"to": [19, -6, 23],
			"rotation": {"angle": 0, "axis": "y", "origin": [-24, 6, 1]},
			"faces": {
				"north": {"uv": [0.25, 10.75, 0.375, 11.625], "texture": "#0"},
				"east": {"uv": [0, 10.75, 0.25, 11.625], "texture": "#0"},
				"south": {"uv": [0.625, 10.75, 0.75, 11.625], "texture": "#0"},
				"west": {"uv": [0.375, 10.75, 0.625, 11.625], "texture": "#0"},
				"up": {"uv": [0.375, 10.75, 0.25, 10.5], "texture": "#0"},
				"down": {"uv": [0.5, 10.5, 0.375, 10.75], "texture": "#0"}
			}
		},
		{
			"from": [18, -13, 6],
			"to": [19, -6, 8],
			"rotation": {"angle": 0, "axis": "y", "origin": [-24, 6, 1]},
			"faces": {
				"north": {"uv": [10.25, 7.625, 10.375, 8.5], "texture": "#0"},
				"east": {"uv": [10, 7.625, 10.25, 8.5], "texture": "#0"},
				"south": {"uv": [10.625, 7.625, 10.75, 8.5], "texture": "#0"},
				"west": {"uv": [10.375, 7.625, 10.625, 8.5], "texture": "#0"},
				"up": {"uv": [10.375, 7.625, 10.25, 7.375], "texture": "#0"},
				"down": {"uv": [10.5, 7.375, 10.375, 7.625], "texture": "#0"}
			}
		},
		{
			"from": [18, -13, -9],
			"to": [19, -6, -7],
			"rotation": {"angle": 0, "axis": "y", "origin": [0, 6, 1]},
			"faces": {
				"north": {"uv": [7.875, 0.25, 8, 1.125], "texture": "#0"},
				"east": {"uv": [7.625, 0.25, 7.875, 1.125], "texture": "#0"},
				"south": {"uv": [8.25, 0.25, 8.375, 1.125], "texture": "#0"},
				"west": {"uv": [8, 0.25, 8.25, 1.125], "texture": "#0"},
				"up": {"uv": [8, 0.25, 7.875, 0], "texture": "#0"},
				"down": {"uv": [8.125, 0, 8, 0.25], "texture": "#0"}
			}
		},
		{
			"from": [-3, -13, -9],
			"to": [-2, -6, -7],
			"rotation": {"angle": 0, "axis": "y", "origin": [0, 4, 1]},
			"faces": {
				"north": {"uv": [7.75, 4.125, 7.875, 5], "texture": "#0"},
				"east": {"uv": [7.5, 4.125, 7.75, 5], "texture": "#0"},
				"south": {"uv": [8.125, 4.125, 8.25, 5], "texture": "#0"},
				"west": {"uv": [7.875, 4.125, 8.125, 5], "texture": "#0"},
				"up": {"uv": [7.875, 4.125, 7.75, 3.875], "texture": "#0"},
				"down": {"uv": [8, 3.875, 7.875, 4.125], "texture": "#0"}
			}
		},
		{
			"from": [-3, -13, 21],
			"to": [-2, -6, 23],
			"rotation": {"angle": 0, "axis": "y", "origin": [-24, 6, 1]},
			"faces": {
				"north": {"uv": [4.875, 7, 5, 7.875], "texture": "#0"},
				"east": {"uv": [4.625, 7, 4.875, 7.875], "texture": "#0"},
				"south": {"uv": [5.25, 7, 5.375, 7.875], "texture": "#0"},
				"west": {"uv": [5, 7, 5.25, 7.875], "texture": "#0"},
				"up": {"uv": [5, 7, 4.875, 6.75], "texture": "#0"},
				"down": {"uv": [5.125, 6.75, 5, 7], "texture": "#0"}
			}
		},
		{
			"from": [-3, -6, 6],
			"to": [-1, -5, 23],
			"rotation": {"angle": 0, "axis": "y", "origin": [-24, 6, 3]},
			"faces": {
				"north": {"uv": [8.375, 6, 8.625, 6.125], "texture": "#0"},
				"east": {"uv": [6.25, 6, 8.375, 6.125], "texture": "#0"},
				"south": {"uv": [10.75, 6, 11, 6.125], "texture": "#0"},
				"west": {"uv": [8.625, 6, 10.75, 6.125], "texture": "#0"},
				"up": {"uv": [8.625, 6, 8.375, 3.875], "texture": "#0"},
				"down": {"uv": [8.875, 3.875, 8.625, 6], "texture": "#0"}
			}
		},
		{
			"from": [-3, -13, 6],
			"to": [-2, -6, 8],
			"rotation": {"angle": 0, "axis": "y", "origin": [-24, 6, 1]},
			"faces": {
				"north": {"uv": [0.25, 6.875, 0.375, 7.75], "texture": "#0"},
				"east": {"uv": [0, 6.875, 0.25, 7.75], "texture": "#0"},
				"south": {"uv": [0.625, 6.875, 0.75, 7.75], "texture": "#0"},
				"west": {"uv": [0.375, 6.875, 0.625, 7.75], "texture": "#0"},
				"up": {"uv": [0.375, 6.875, 0.25, 6.625], "texture": "#0"},
				"down": {"uv": [0.5, 6.625, 0.375, 6.875], "texture": "#0"}
			}
		},
		{
			"from": [20, -16, 18],
			"to": [26, -8, 26],
			"rotation": {"angle": 0, "axis": "y", "origin": [0, 6, 0]},
			"faces": {
				"north": {"uv": [7, 10.625, 7.75, 11.625], "texture": "#0"},
				"east": {"uv": [6, 10.625, 7, 11.625], "texture": "#0"},
				"south": {"uv": [8.75, 10.625, 9.5, 11.625], "texture": "#0"},
				"west": {"uv": [7.75, 10.625, 8.75, 11.625], "texture": "#0"},
				"up": {"uv": [7.75, 10.625, 7, 9.625], "texture": "#0"},
				"down": {"uv": [8.5, 9.625, 7.75, 10.625], "texture": "#0"}
			}
		},
		{
			"from": [-10, -16, 18],
			"to": [-4, -8, 26],
			"rotation": {"angle": 0, "axis": "y", "origin": [0, 6, 0]},
			"faces": {
				"north": {"uv": [10, 1, 10.75, 2], "texture": "#0"},
				"east": {"uv": [9, 1, 10, 2], "texture": "#0"},
				"south": {"uv": [11.75, 1, 12.5, 2], "texture": "#0"},
				"west": {"uv": [10.75, 1, 11.75, 2], "texture": "#0"},
				"up": {"uv": [10.75, 1, 10, 0], "texture": "#0"},
				"down": {"uv": [11.5, 0, 10.75, 1], "texture": "#0"}
			}
		},
		{
			"from": [-9, -16, 3],
			"to": [-3, -8, 11],
			"rotation": {"angle": 0, "axis": "y", "origin": [0, 6, 0]},
			"faces": {
				"north": {"uv": [9.875, 3.25, 10.625, 4.25], "texture": "#0"},
				"east": {"uv": [8.875, 3.25, 9.875, 4.25], "texture": "#0"},
				"south": {"uv": [11.625, 3.25, 12.375, 4.25], "texture": "#0"},
				"west": {"uv": [10.625, 3.25, 11.625, 4.25], "texture": "#0"},
				"up": {"uv": [10.625, 3.25, 9.875, 2.25], "texture": "#0"},
				"down": {"uv": [11.375, 2.25, 10.625, 3.25], "texture": "#0"}
			}
		},
		{
			"from": [19, -16, 3],
			"to": [25, -8, 11],
			"rotation": {"angle": 0, "axis": "y", "origin": [0, 6, 0]},
			"faces": {
				"north": {"uv": [4.5, 9.625, 5.25, 10.625], "texture": "#0"},
				"east": {"uv": [3.5, 9.625, 4.5, 10.625], "texture": "#0"},
				"south": {"uv": [6.25, 9.625, 7, 10.625], "texture": "#0"},
				"west": {"uv": [5.25, 9.625, 6.25, 10.625], "texture": "#0"},
				"up": {"uv": [5.25, 9.625, 4.5, 8.625], "texture": "#0"},
				"down": {"uv": [6, 8.625, 5.25, 9.625], "texture": "#0"}
			}
		},
		{
			"from": [21, -16, -12],
			"to": [27, -8, -4],
			"rotation": {"angle": 0, "axis": "y", "origin": [0, 6, 0]},
			"faces": {
				"north": {"uv": [1, 9.5, 1.75, 10.5], "texture": "#0"},
				"east": {"uv": [0, 9.5, 1, 10.5], "texture": "#0"},
				"south": {"uv": [2.75, 9.5, 3.5, 10.5], "texture": "#0"},
				"west": {"uv": [1.75, 9.5, 2.75, 10.5], "texture": "#0"},
				"up": {"uv": [1.75, 9.5, 1, 8.5], "texture": "#0"},
				"down": {"uv": [2.5, 8.5, 1.75, 9.5], "texture": "#0"}
			}
		},
		{
			"from": [-11, -16, -12],
			"to": [-5, -8, -4],
			"rotation": {"angle": 0, "axis": "y", "origin": [0, 6, 0]},
			"faces": {
				"north": {"uv": [8.5, 8.625, 9.25, 9.625], "texture": "#0"},
				"east": {"uv": [7.5, 8.625, 8.5, 9.625], "texture": "#0"},
				"south": {"uv": [10.25, 8.625, 11, 9.625], "texture": "#0"},
				"west": {"uv": [9.25, 8.625, 10.25, 9.625], "texture": "#0"},
				"up": {"uv": [9.25, 8.625, 8.5, 7.625], "texture": "#0"},
				"down": {"uv": [10, 7.625, 9.25, 8.625], "texture": "#0"}
			}
		},
		{
			"from": [2, 7, 15],
			"to": [5, 11, 18],
			"rotation": {"angle": 0, "axis": "y", "origin": [0, 1, 2]},
			"faces": {
				"north": {"uv": [3.5, 6, 3.875, 6.5], "texture": "#0"},
				"east": {"uv": [3.125, 6, 3.5, 6.5], "texture": "#0"},
				"south": {"uv": [4.25, 6, 4.625, 6.5], "texture": "#0"},
				"west": {"uv": [3.875, 6, 4.25, 6.5], "texture": "#0"},
				"up": {"uv": [3.875, 6, 3.5, 5.625], "texture": "#0"},
				"down": {"uv": [4.25, 5.625, 3.875, 6], "texture": "#0"}
			}
		},
		{
			"from": [-1, 10.25, 15.25],
			"to": [2, 12.75, 17.75],
			"rotation": {"angle": 0, "axis": "y", "origin": [0, 1, 2]},
			"faces": {
				"north": {"uv": [6.5, 6.375, 6.875, 6.625], "texture": "#0"},
				"east": {"uv": [6.25, 6.375, 6.5, 6.625], "texture": "#0"},
				"south": {"uv": [7.125, 6.375, 7.5, 6.625], "texture": "#0"},
				"west": {"uv": [6.875, 6.375, 7.125, 6.625], "texture": "#0"},
				"up": {"uv": [6.875, 6.375, 6.5, 6.125], "texture": "#0"},
				"down": {"uv": [7.25, 6.125, 6.875, 6.375], "texture": "#0"}
			}
		},
		{
			"from": [-9.5, 14.25, 3.25],
			"to": [-2, 21.75, 5.75],
			"rotation": {"angle": 45, "axis": "x", "origin": [0, 1, 2]},
			"faces": {
				"north": {"uv": [0.25, 0.25, 1.125, 1.125], "texture": "#0"},
				"east": {"uv": [0, 0.25, 0.25, 1.125], "texture": "#0"},
				"south": {"uv": [1.375, 0.25, 2.25, 1.125], "texture": "#0"},
				"west": {"uv": [1.125, 0.25, 1.375, 1.125], "texture": "#0"},
				"up": {"uv": [1.125, 0.25, 0.25, 0], "texture": "#0"},
				"down": {"uv": [2, 0, 1.125, 0.25], "texture": "#0"}
			}
		},
		{
			"from": [-2, 10, 15],
			"to": [-1, 13, 18],
			"rotation": {"angle": 0, "axis": "y", "origin": [0, 1, 2]},
			"faces": {
				"north": {"uv": [7.75, 5.375, 7.875, 5.75], "texture": "#0"},
				"east": {"uv": [7.375, 5.375, 7.75, 5.75], "texture": "#0"},
				"south": {"uv": [8.25, 5.375, 8.375, 5.75], "texture": "#0"},
				"west": {"uv": [7.875, 5.375, 8.25, 5.75], "texture": "#0"},
				"up": {"uv": [7.875, 5.375, 7.75, 5], "texture": "#0"},
				"down": {"uv": [8, 5, 7.875, 5.375], "texture": "#0"}
			}
		},
		{
			"from": [2, 11, 15],
			"to": [3, 13, 18],
			"rotation": {"angle": 0, "axis": "y", "origin": [0, 1, 2]},
			"faces": {
				"north": {"uv": [9.375, 0.375, 9.5, 0.625], "texture": "#0"},
				"east": {"uv": [9, 0.375, 9.375, 0.625], "texture": "#0"},
				"south": {"uv": [9.875, 0.375, 10, 0.625], "texture": "#0"},
				"west": {"uv": [9.5, 0.375, 9.875, 0.625], "texture": "#0"},
				"up": {"uv": [9.5, 0.375, 9.375, 0], "texture": "#0"},
				"down": {"uv": [9.625, 0, 9.5, 0.375], "texture": "#0"}
			}
		},
		{
			"from": [7, 6, -5],
			"to": [11, 23, -1],
			"faces": {
				"north": {"uv": [0.5, 4.375, 1, 6.5], "texture": "#0"},
				"east": {"uv": [0, 4.375, 0.5, 6.5], "texture": "#0"},
				"south": {"uv": [1.5, 4.375, 2, 6.5], "texture": "#0"},
				"west": {"uv": [1, 4.375, 1.5, 6.5], "texture": "#0"},
				"up": {"uv": [1, 4.375, 0.5, 3.875], "texture": "#0"},
				"down": {"uv": [1.5, 3.875, 1, 4.375], "texture": "#0"}
			}
		},
		{
			"from": [5, 12, 12],
			"to": [6, 25, 13],
			"rotation": {"angle": 0, "axis": "y", "origin": [0, 1, 2]},
			"faces": {
				"north": {"uv": [2.125, 4, 2.25, 5.625], "texture": "#0"},
				"east": {"uv": [2, 4, 2.125, 5.625], "texture": "#0"},
				"south": {"uv": [2.375, 4, 2.5, 5.625], "texture": "#0"},
				"west": {"uv": [2.25, 4, 2.375, 5.625], "texture": "#0"},
				"up": {"uv": [2.25, 4, 2.125, 3.875], "texture": "#0"},
				"down": {"uv": [2.375, 3.875, 2.25, 4], "texture": "#0"}
			}
		},
		{
			"from": [14, 7, 16],
			"to": [15, 13, 17],
			"rotation": {"angle": 0, "axis": "y", "origin": [0, 1, 2]},
			"faces": {
				"north": {"uv": [2.125, 5.75, 2.25, 6.5], "texture": "#0"},
				"east": {"uv": [2, 5.75, 2.125, 6.5], "texture": "#0"},
				"south": {"uv": [2.375, 5.75, 2.5, 6.5], "texture": "#0"},
				"west": {"uv": [2.25, 5.75, 2.375, 6.5], "texture": "#0"},
				"up": {"uv": [2.25, 5.75, 2.125, 5.625], "texture": "#0"},
				"down": {"uv": [2.375, 5.625, 2.25, 5.75], "texture": "#0"}
			}
		},
		{
			"from": [4.5, 7, 11.5],
			"to": [6.5, 12, 13.5],
			"rotation": {"angle": 0, "axis": "y", "origin": [0, 1, 2]},
			"faces": {
				"north": {"uv": [4.875, 5.875, 5.125, 6.5], "texture": "#0"},
				"east": {"uv": [4.625, 5.875, 4.875, 6.5], "texture": "#0"},
				"south": {"uv": [5.375, 5.875, 5.625, 6.5], "texture": "#0"},
				"west": {"uv": [5.125, 5.875, 5.375, 6.5], "texture": "#0"},
				"up": {"uv": [5.125, 5.875, 4.875, 5.625], "texture": "#0"},
				"down": {"uv": [5.375, 5.625, 5.125, 5.875], "texture": "#0"}
			}
		},
		{
			"from": [11, 23, -5],
			"to": [16, 26, -1],
			"faces": {
				"north": {"uv": [3.625, 4.375, 4.25, 4.75], "texture": "#0"},
				"east": {"uv": [3.125, 4.375, 3.625, 4.75], "texture": "#0"},
				"south": {"uv": [4.75, 4.375, 5.375, 4.75], "texture": "#0"},
				"west": {"uv": [4.25, 4.375, 4.75, 4.75], "texture": "#0"},
				"up": {"uv": [4.25, 4.375, 3.625, 3.875], "texture": "#0"},
				"down": {"uv": [4.875, 3.875, 4.25, 4.375], "texture": "#0"}
			}
		},
		{
			"from": [5, 23, -5],
			"to": [10, 26, -1],
			"faces": {
				"north": {"uv": [0.5, 1.625, 1.125, 2], "texture": "#0"},
				"east": {"uv": [0, 1.625, 0.5, 2], "texture": "#0"},
				"south": {"uv": [1.625, 1.625, 2.25, 2], "texture": "#0"},
				"west": {"uv": [1.125, 1.625, 1.625, 2], "texture": "#0"},
				"up": {"uv": [1.125, 1.625, 0.5, 1.125], "texture": "#0"},
				"down": {"uv": [1.75, 1.125, 1.125, 1.625], "texture": "#0"}
			}
		},
		{
			"from": [10, 23.25, -4.25],
			"to": [11, 25.75, -1.25],
			"faces": {
				"north": {"uv": [7.875, 1.75, 8, 2], "texture": "#0"},
				"east": {"uv": [7.5, 1.75, 7.875, 2], "texture": "#0"},
				"south": {"uv": [8.375, 1.75, 8.5, 2], "texture": "#0"},
				"west": {"uv": [8, 1.75, 8.375, 2], "texture": "#0"},
				"up": {"uv": [8, 1.75, 7.875, 1.375], "texture": "#0"},
				"down": {"uv": [8.125, 1.375, 8, 1.75], "texture": "#0"}
			}
		},
		{
			"from": [2, 23.25, -4.25],
			"to": [5, 25.75, -1.25],
			"faces": {
				"north": {"uv": [6.75, 1.5, 7.125, 1.75], "texture": "#0"},
				"east": {"uv": [6.375, 1.5, 6.75, 1.75], "texture": "#0"},
				"south": {"uv": [7.5, 1.5, 7.875, 1.75], "texture": "#0"},
				"west": {"uv": [7.125, 1.5, 7.5, 1.75], "texture": "#0"},
				"up": {"uv": [7.125, 1.5, 6.75, 1.125], "texture": "#0"},
				"down": {"uv": [7.5, 1.125, 7.125, 1.5], "texture": "#0"}
			}
		},
		{
			"from": [16, 23.25, -4.25],
			"to": [19, 25.75, -1.25],
			"faces": {
				"north": {"uv": [6.625, 5.75, 7, 6], "texture": "#0"},
				"east": {"uv": [6.25, 5.75, 6.625, 6], "texture": "#0"},
				"south": {"uv": [7.375, 5.75, 7.75, 6], "texture": "#0"},
				"west": {"uv": [7, 5.75, 7.375, 6], "texture": "#0"},
				"up": {"uv": [7, 5.75, 6.625, 5.375], "texture": "#0"},
				"down": {"uv": [7.375, 5.375, 7, 5.75], "texture": "#0"}
			}
		},
		{
			"from": [13, 29, -5.5],
			"to": [15, 31, -3.5],
			"faces": {
				"north": {"uv": [7.625, 7.625, 7.875, 7.875], "texture": "#0"},
				"east": {"uv": [7.375, 7.625, 7.625, 7.875], "texture": "#0"},
				"south": {"uv": [8.125, 7.625, 8.375, 7.875], "texture": "#0"},
				"west": {"uv": [7.875, 7.625, 8.125, 7.875], "texture": "#0"},
				"up": {"uv": [7.875, 7.625, 7.625, 7.375], "texture": "#0"},
				"down": {"uv": [8.125, 7.375, 7.875, 7.625], "texture": "#0"}
			}
		},
		{
			"from": [11, 29, -4.5],
			"to": [12, 30, -3.5],
			"faces": {
				"north": {"uv": [1.875, 1.5, 2, 1.625], "texture": "#0"},
				"east": {"uv": [1.75, 1.5, 1.875, 1.625], "texture": "#0"},
				"south": {"uv": [2.125, 1.5, 2.25, 1.625], "texture": "#0"},
				"west": {"uv": [2, 1.5, 2.125, 1.625], "texture": "#0"},
				"up": {"uv": [2, 1.5, 1.875, 1.375], "texture": "#0"},
				"down": {"uv": [2.125, 1.375, 2, 1.5], "texture": "#0"}
			}
		},
		{
			"from": [6, 29, -4.5],
			"to": [7, 30, -3.5],
			"faces": {
				"north": {"uv": [1.875, 1.25, 2, 1.375], "texture": "#0"},
				"east": {"uv": [1.75, 1.25, 1.875, 1.375], "texture": "#0"},
				"south": {"uv": [2.125, 1.25, 2.25, 1.375], "texture": "#0"},
				"west": {"uv": [2, 1.25, 2.125, 1.375], "texture": "#0"},
				"up": {"uv": [2, 1.25, 1.875, 1.125], "texture": "#0"},
				"down": {"uv": [2.125, 1.125, 2, 1.25], "texture": "#0"}
			}
		},
		{
			"from": [3, 29, -5.5],
			"to": [5, 31, -3.5],
			"faces": {
				"north": {"uv": [4.875, 5, 5.125, 5.25], "texture": "#0"},
				"east": {"uv": [4.625, 5, 4.875, 5.25], "texture": "#0"},
				"south": {"uv": [5.375, 5, 5.625, 5.25], "texture": "#0"},
				"west": {"uv": [5.125, 5, 5.375, 5.25], "texture": "#0"},
				"up": {"uv": [5.125, 5, 4.875, 4.75], "texture": "#0"},
				"down": {"uv": [5.375, 4.75, 5.125, 5], "texture": "#0"}
			}
		},
		{
			"from": [10, 27, -3.5],
			"to": [13, 31, -2.5],
			"faces": {
				"north": {"uv": [8.875, 2.375, 9.25, 2.875], "texture": "#0"},
				"east": {"uv": [8.75, 2.375, 8.875, 2.875], "texture": "#0"},
				"south": {"uv": [9.375, 2.375, 9.75, 2.875], "texture": "#0"},
				"west": {"uv": [9.25, 2.375, 9.375, 2.875], "texture": "#0"},
				"up": {"uv": [9.25, 2.375, 8.875, 2.25], "texture": "#0"},
				"down": {"uv": [9.625, 2.25, 9.25, 2.375], "texture": "#0"}
			}
		},
		{
			"from": [5, 27, -3.5],
			"to": [8, 31, -2.5],
			"faces": {
				"north": {"uv": [0.125, 8.625, 0.5, 9.125], "texture": "#0"},
				"east": {"uv": [0, 8.625, 0.125, 9.125], "texture": "#0"},
				"south": {"uv": [0.625, 8.625, 1, 9.125], "texture": "#0"},
				"west": {"uv": [0.5, 8.625, 0.625, 9.125], "texture": "#0"},
				"up": {"uv": [0.5, 8.625, 0.125, 8.5], "texture": "#0"},
				"down": {"uv": [0.875, 8.5, 0.5, 8.625], "texture": "#0"}
			}
		},
		{
			"from": [3.25, 29, -3.5],
			"to": [4.75, 30.5, -2.5],
			"faces": {
				"north": {"uv": [0.125, 1.5, 0.25, 1.625], "texture": "#0"},
				"east": {"uv": [0, 1.5, 0.125, 1.625], "texture": "#0"},
				"south": {"uv": [0.375, 1.5, 0.5, 1.625], "texture": "#0"},
				"west": {"uv": [0.25, 1.5, 0.375, 1.625], "texture": "#0"},
				"up": {"uv": [0.25, 1.5, 0.125, 1.375], "texture": "#0"},
				"down": {"uv": [0.375, 1.375, 0.25, 1.5], "texture": "#0"}
			}
		},
		{
			"from": [13.25, 29, -3.5],
			"to": [14.75, 30.5, -2.5],
			"faces": {
				"north": {"uv": [0.125, 1.25, 0.25, 1.375], "texture": "#0"},
				"east": {"uv": [0, 1.25, 0.125, 1.375], "texture": "#0"},
				"south": {"uv": [0.375, 1.25, 0.5, 1.375], "texture": "#0"},
				"west": {"uv": [0.25, 1.25, 0.375, 1.375], "texture": "#0"},
				"up": {"uv": [0.25, 1.25, 0.125, 1.125], "texture": "#0"},
				"down": {"uv": [0.375, 1.125, 0.25, 1.25], "texture": "#0"}
			}
		},
		{
			"from": [2, 27, -2.5],
			"to": [16, 31, -0.5],
			"faces": {
				"north": {"uv": [9.125, 4.5, 10.875, 5], "texture": "#0"},
				"east": {"uv": [8.875, 4.5, 9.125, 5], "texture": "#0"},
				"south": {"uv": [11.125, 4.5, 12.875, 5], "texture": "#0"},
				"west": {"uv": [10.875, 4.5, 11.125, 5], "texture": "#0"},
				"up": {"uv": [10.875, 4.5, 9.125, 4.25], "texture": "#0"},
				"down": {"uv": [12.625, 4.25, 10.875, 4.5], "texture": "#0"}
			}
		},
		{
			"from": [2, 26, -4.5],
			"to": [16, 27, -0.5],
			"faces": {
				"north": {"uv": [7.875, 7.25, 9.625, 7.375], "texture": "#0"},
				"east": {"uv": [7.375, 7.25, 7.875, 7.375], "texture": "#0"},
				"south": {"uv": [10.125, 7.25, 11.875, 7.375], "texture": "#0"},
				"west": {"uv": [9.625, 7.25, 10.125, 7.375], "texture": "#0"},
				"up": {"uv": [9.625, 7.25, 7.875, 6.75], "texture": "#0"},
				"down": {"uv": [11.375, 6.75, 9.625, 7.25], "texture": "#0"}
			}
		},
		{
			"from": [16, 26, -4.5],
			"to": [17, 31, -0.5],
			"faces": {
				"north": {"uv": [6.875, 0.5, 7, 1.125], "texture": "#0"},
				"east": {"uv": [6.375, 0.5, 6.875, 1.125], "texture": "#0"},
				"south": {"uv": [7.5, 0.5, 7.625, 1.125], "texture": "#0"},
				"west": {"uv": [7, 0.5, 7.5, 1.125], "texture": "#0"},
				"up": {"uv": [7, 0.5, 6.875, 0], "texture": "#0"},
				"down": {"uv": [7.125, 0, 7, 0.5], "texture": "#0"}
			}
		},
		{
			"from": [1, 23, -4.5],
			"to": [2, 31, -0.5],
			"faces": {
				"north": {"uv": [6.75, 4.375, 6.875, 5.375], "texture": "#0"},
				"east": {"uv": [6.25, 4.375, 6.75, 5.375], "texture": "#0"},
				"south": {"uv": [7.375, 4.375, 7.5, 5.375], "texture": "#0"},
				"west": {"uv": [6.875, 4.375, 7.375, 5.375], "texture": "#0"},
				"up": {"uv": [6.875, 4.375, 6.75, 3.875], "texture": "#0"},
				"down": {"uv": [7, 3.875, 6.875, 4.375], "texture": "#0"}
			}
		},
		{
			"from": [6.75, 7, -5.25],
			"to": [11.25, 10, -0.75],
			"faces": {
				"north": {"uv": [3.625, 5.25, 4.125, 5.625], "texture": "#0"},
				"east": {"uv": [3.125, 5.25, 3.625, 5.625], "texture": "#0"},
				"south": {"uv": [4.625, 5.25, 5.125, 5.625], "texture": "#0"},
				"west": {"uv": [4.125, 5.25, 4.625, 5.625], "texture": "#0"},
				"up": {"uv": [4.125, 5.25, 3.625, 4.75], "texture": "#0"},
				"down": {"uv": [4.625, 4.75, 4.125, 5.25], "texture": "#0"}
			}
		}
	],
	"display": {
		"ground": {
			"translation": [0, 13.75, 0]
		},
		"head": {
			"translation": [0, -22, 0],
			"scale": [1.5, 1.5, 1.5]
		}
	},
	"groups": [
		{
			"name": "Rover",
			"origin": [8, 8, 8],
			"color": 0,
			"nbt": "{}",
			"children": [
				{
					"name": "MainBody",
					"origin": [8, 8, 8],
					"color": 0,
					"nbt": "{}",
					"children": [
						{
							"name": "Body1",
							"origin": [8, 8, 8],
							"color": 0,
							"nbt": "{}",
							"children": [0, 1, 2, 3, 4, 5, 6, 7, 8, 9]
						},
						{
							"name": "Body2",
							"origin": [8, 8, 8],
							"color": 0,
							"nbt": "{}",
							"children": []
						},
						{
							"name": "Bodyconnection",
							"origin": [8, 8, 8],
							"color": 0,
							"nbt": "{}",
							"children": []
						}
					]
				},
				{
					"name": "Head",
					"origin": [8, 8, 8],
					"color": 0,
					"nbt": "{}",
					"children": []
				},
				{
					"name": "Neck",
					"origin": [8, 8, 8],
					"color": 0,
					"nbt": "{}",
					"children": []
				},
				{
					"name": "LWheelsconnection",
					"origin": [8, 8, 8],
					"color": 0,
					"nbt": "{}",
					"children": [10, 11, 12, 13, 14, 15, 16, 17, 18, 19, 20, 21, 22, 23, 24, 25, 26]
				},
				{
					"name": "Wheel1",
					"origin": [8, 8, 8],
					"color": 0,
					"nbt": "{}",
					"children": []
				},
				{
					"name": "Wheel2",
					"origin": [8, 8, 8],
					"color": 0,
					"nbt": "{}",
					"children": []
				},
				{
					"name": "Wheel3",
					"origin": [8, 8, 8],
					"color": 0,
					"nbt": "{}",
					"children": []
				},
				{
					"name": "RWheelsconnection",
					"origin": [8, 8, 8],
					"color": 0,
					"nbt": "{}",
					"children": [27, 28, 29]
				},
				{
					"name": "Wheel4",
					"origin": [8, 8, 8],
					"color": 0,
					"nbt": "{}",
					"children": []
				},
				{
					"name": "Wheel5",
					"origin": [8, 8, 8],
					"color": 0,
					"nbt": "{}",
					"children": []
				},
				{
					"name": "Wheel6",
					"origin": [8, 8, 8],
					"color": 0,
					"nbt": "{}",
					"children": []
				},
				30,
				31,
				32,
				33,
				34,
				35,
				36,
				37,
				38,
				39,
				40,
				41,
				42,
				43,
				44,
				45,
				46,
				47,
				48,
				49,
				50,
				51,
				52,
				53,
				54,
				55,
				56,
				57,
				58,
				59,
				60,
				61,
				62
			]
		}
	]
}