{
	"credit": "Made with Blockbench",
	"texture_size": [32, 32],
	"textures": {
		"0": "plagiatus:item/villager/stone",
		"particle": "plagiatus:item/villager/stone"
	},
	"elements": [
		{
			"name": "body",
			"from": [6, 0, 6],
			"to": [9, 6, 9],
			"faces": {
				"north": {"uv": [4, 0, 5.5, 2.5], "texture": "#0"},
				"east": {"uv": [1, 4, 2.5, 6.5], "texture": "#0"},
				"south": {"uv": [2.5, 4, 4, 6.5], "texture": "#0"},
				"west": {"uv": [4, 2.5, 5.5, 5], "texture": "#0"},
				"up": {"uv": [5.5, 6.5, 4, 5], "texture": "#0"},
				"down": {"uv": [7, 0, 5.5, 1.5], "texture": "#0"}
			}
		},
		{
			"from": [6, 4, 5],
			"to": [9, 5, 6],
			"rotation": {"angle": -22.5, "axis": "x", "origin": [7.5, 4.5, 5.5]},
			"faces": {
				"north": {"uv": [1, 6.5, 2.5, 7], "texture": "#0"},
				"east": {"uv": [2, 7.5, 2.5, 8], "texture": "#0"},
				"south": {"uv": [2.5, 6.5, 4, 7], "texture": "#0"},
				"west": {"uv": [2.5, 7.5, 3, 8], "texture": "#0"},
				"up": {"uv": [5.5, 7, 4, 6.5], "texture": "#0"},
				"down": {"uv": [7, 6.5, 5.5, 7], "texture": "#0"}
			}
		},
		{
			"from": [5, 4, 5],
			"to": [6, 5, 8],
			"rotation": {"angle": -22.5, "axis": "x", "origin": [5.5, 4.5, 5.5]},
			"faces": {
				"north": {"uv": [7.5, 4, 8, 4.5], "texture": "#0"},
				"east": {"uv": [7, 0, 8.5, 0.5], "texture": "#0"},
				"south": {"uv": [7.5, 4.5, 8, 5], "texture": "#0"},
				"west": {"uv": [7, 0.5, 8.5, 1], "texture": "#0"},
				"up": {"uv": [1.5, 8.5, 1, 7], "texture": "#0"},
				"down": {"uv": [7.5, 1, 7, 2.5], "texture": "#0"}
			}
		},
		{
			"from": [9, 4, 5],
			"to": [10, 5, 8],
			"rotation": {"angle": -22.5, "axis": "x", "origin": [9.5, 4.5, 5.5]},
			"faces": {
				"north": {"uv": [5, 7.5, 5.5, 8], "texture": "#0"},
				"east": {"uv": [1.5, 7, 3, 7.5], "texture": "#0"},
				"south": {"uv": [7.5, 5, 8, 5.5], "texture": "#0"},
				"west": {"uv": [7, 2.5, 8.5, 3], "texture": "#0"},
				"up": {"uv": [3.5, 8.5, 3, 7], "texture": "#0"},
				"down": {"uv": [7.5, 3, 7, 4.5], "texture": "#0"}
			}
		},
		{
			"name": "head",
			"from": [6, 6, 7],
			"to": [9, 12.5, 9],
			"faces": {
				"north": {"uv": [0, 0, 1.5, 4], "texture": "#0"},
				"east": {"uv": [3, 0, 4, 4], "texture": "#0"},
				"south": {"uv": [1.5, 0, 3, 4], "texture": "#0"},
				"west": {"uv": [0, 4, 1, 8], "texture": "#0"},
				"up": {"uv": [7, 5.5, 5.5, 4.5], "texture": "#0"},
				"down": {"uv": [7, 5.5, 5.5, 6.5], "texture": "#0"}
			}
		},
		{
			"name": "nose",
			"from": [7, 6, 5],
			"to": [8, 9, 6],
			"faces": {
				"north": {"uv": [3.5, 7, 4, 8.5], "texture": "#0"},
				"east": {"uv": [4, 7, 4.5, 8.5], "texture": "#0"},
				"south": {"uv": [4.5, 7, 5, 8.5], "texture": "#0"},
				"west": {"uv": [7, 4.5, 7.5, 6], "texture": "#0"},
				"up": {"uv": [6, 8, 5.5, 7.5], "texture": "#0"},
				"down": {"uv": [8, 5.5, 7.5, 6], "texture": "#0"}
			}
		},
		{
			"name": "eyebrow",
			"from": [6, 9.5, 6],
			"to": [9, 10.5, 7],
			"faces": {
				"north": {"uv": [5, 7, 6.5, 7.5], "texture": "#0"},
				"east": {"uv": [6, 7.5, 6.5, 8], "texture": "#0"},
				"south": {"uv": [7, 6, 8.5, 6.5], "texture": "#0"},
				"west": {"uv": [6.5, 7.5, 7, 8], "texture": "#0"},
				"up": {"uv": [8, 7.5, 6.5, 7], "texture": "#0"},
				"down": {"uv": [8.5, 6.5, 7, 7], "texture": "#0"}
			}
		},
		{
			"name": "cheeks",
			"from": [6, 6.5, 6],
			"to": [9, 9, 7],
			"faces": {
				"north": {"uv": [5.5, 1.5, 7, 3], "texture": "#0"},
				"east": {"uv": [7.5, 1, 8, 2.5], "texture": "#0"},
				"south": {"uv": [5.5, 3, 7, 4.5], "texture": "#0"},
				"west": {"uv": [1.5, 7.5, 2, 9], "texture": "#0"},
				"up": {"uv": [9, 3.5, 7.5, 3], "texture": "#0"},
				"down": {"uv": [9, 3.5, 7.5, 4], "texture": "#0"}
			}
		}
	],
	"display": {
		"gui": {
			"rotation": [11, 157, 0],
			"translation": [0, 1.75, 0],
			"scale": [1.18, 1.18, 1.18]
		},
		"fixed": {
			"rotation": [-90, 0, 0],
			"translation": [0, 0, -17],
			"scale": [2.14, 2.21, 2.23]
		}
	},
	"groups": [
		{
			"name": "villager",
			"origin": [0, 0, 0],
			"color": 0,
			"children": [
				0,
				{
					"name": "arms",
					"origin": [0, 0, 0],
					"color": 0,
					"children": [1, 2, 3]
				},
				{
					"name": "head",
					"origin": [0, 0, 0],
					"color": 0,
					"children": [
						4,
						{
							"name": "face",
							"origin": [0, 0, 0],
							"color": 0,
							"children": [5, 6, 7]
						}
					]
				}
			]
		}
	]
}