{
	"credit": "Made with Blockbench",
	"texture_size": [64, 64],
	"textures": {
		"0": "plagiatus:item/presentation/slay",
		"1": "plagiatus:item/presentation/frame",
		"particle": "plagiatus:item/presentation/slay"
	},
	"elements": [
		{
			"name": "image",
			"from": [0, 1, 8],
			"to": [16, 10, 8],
			"faces": {
				"north": {"uv": [0, 0, 16, 9], "texture": "#0"}
			}
		},
		{
			"from": [0, -6.95, 4.4],
			"to": [16, -4.95, 6.4],
			"rotation": {"angle": -45, "axis": "x", "origin": [0, 0, 0]},
			"faces": {
				"north": {"uv": [0.5, 1.5, 4.5, 2], "texture": "#1"},
				"east": {"uv": [0, 1.5, 0.5, 2], "texture": "#1"},
				"south": {"uv": [5, 1.5, 9, 2], "texture": "#1"},
				"west": {"uv": [4.5, 1.5, 5, 2], "texture": "#1"},
				"up": {"uv": [4.5, 1.5, 0.5, 1], "texture": "#1"},
				"down": {"uv": [8.5, 1, 4.5, 1.5], "texture": "#1"}
			}
		},
		{
			"from": [0, 1.4, 12.7],
			"to": [16, 3.4, 14.7],
			"rotation": {"angle": -45, "axis": "x", "origin": [0, 0, 0]},
			"faces": {
				"north": {"uv": [0.5, 0.5, 4.5, 1], "texture": "#1"},
				"east": {"uv": [0, 0.5, 0.5, 1], "texture": "#1"},
				"south": {"uv": [5, 0.5, 9, 1], "texture": "#1"},
				"west": {"uv": [4.5, 0.5, 5, 1], "texture": "#1"},
				"up": {"uv": [4.5, 0.5, 0.5, 0], "texture": "#1"},
				"down": {"uv": [8.5, 0, 4.5, 0.5], "texture": "#1"}
			}
		},
		{
			"from": [-7.55, 0, 3.8],
			"to": [-5.55, 11, 5.8],
			"rotation": {"angle": 45, "axis": "y", "origin": [0, 0, 0]},
			"faces": {
				"north": {"uv": [2.5, 2.5, 3, 5.25], "texture": "#1"},
				"east": {"uv": [2, 2.5, 2.5, 5.25], "texture": "#1"},
				"south": {"uv": [3.5, 2.5, 4, 5.25], "texture": "#1"},
				"west": {"uv": [3, 2.5, 3.5, 5.25], "texture": "#1"},
				"up": {"uv": [3, 2.5, 2.5, 2], "texture": "#1"},
				"down": {"uv": [3.5, 2, 3, 2.5], "texture": "#1"}
			}
		},
		{
			"from": [5.5, 0, 16.85],
			"to": [7.5, 11, 18.85],
			"rotation": {"angle": 45, "axis": "y", "origin": [0, 0, 0]},
			"faces": {
				"north": {"uv": [0.5, 2.5, 1, 5.25], "texture": "#1"},
				"east": {"uv": [0, 2.5, 0.5, 5.25], "texture": "#1"},
				"south": {"uv": [1.5, 2.5, 2, 5.25], "texture": "#1"},
				"west": {"uv": [1, 2.5, 1.5, 5.25], "texture": "#1"},
				"up": {"uv": [1, 2.5, 0.5, 2], "texture": "#1"},
				"down": {"uv": [1.5, 2, 1, 2.5], "texture": "#1"}
			}
		},
		{
			"from": [15.65, -2, 6.45],
			"to": [18.65, 1, 9.45],
			"faces": {
				"north": {"uv": [5, 4.25, 5.75, 5], "texture": "#1"},
				"east": {"uv": [4.25, 4.25, 5, 5], "texture": "#1"},
				"south": {"uv": [6.5, 4.25, 7.25, 5], "texture": "#1"},
				"west": {"uv": [5.75, 4.25, 6.5, 5], "texture": "#1"},
				"up": {"uv": [5.75, 4.25, 5, 3.5], "texture": "#1"},
				"down": {"uv": [6.5, 3.5, 5.75, 4.25], "texture": "#1"}
			}
		},
		{
			"from": [15.65, 10, 6.45],
			"to": [18.65, 13, 9.45],
			"faces": {
				"north": {"uv": [5, 2.75, 5.75, 3.5], "texture": "#1"},
				"east": {"uv": [4.25, 2.75, 5, 3.5], "texture": "#1"},
				"south": {"uv": [6.5, 2.75, 7.25, 3.5], "texture": "#1"},
				"west": {"uv": [5.75, 2.75, 6.5, 3.5], "texture": "#1"},
				"up": {"uv": [5.75, 2.75, 5, 2], "texture": "#1"},
				"down": {"uv": [6.5, 2, 5.75, 2.75], "texture": "#1"}
			}
		},
		{
			"from": [-2.85, -2, 6.45],
			"to": [0.15, 1, 9.45],
			"faces": {
				"north": {"uv": [8, 4.25, 8.75, 5], "texture": "#1"},
				"east": {"uv": [7.25, 4.25, 8, 5], "texture": "#1"},
				"south": {"uv": [9.5, 4.25, 10.25, 5], "texture": "#1"},
				"west": {"uv": [8.75, 4.25, 9.5, 5], "texture": "#1"},
				"up": {"uv": [8.75, 4.25, 8, 3.5], "texture": "#1"},
				"down": {"uv": [9.5, 3.5, 8.75, 4.25], "texture": "#1"}
			}
		},
		{
			"from": [-2.85, 10, 6.45],
			"to": [0.15, 13, 9.45],
			"faces": {
				"north": {"uv": [8, 2.75, 8.75, 3.5], "texture": "#1"},
				"east": {"uv": [7.25, 2.75, 8, 3.5], "texture": "#1"},
				"south": {"uv": [9.5, 2.75, 10.25, 3.5], "texture": "#1"},
				"west": {"uv": [8.75, 2.75, 9.5, 3.5], "texture": "#1"},
				"up": {"uv": [8.75, 2.75, 8, 2], "texture": "#1"},
				"down": {"uv": [9.5, 2, 8.75, 2.75], "texture": "#1"}
			}
		},
		{
			"name": "date",
			"from": [6, -2.8, 7],
			"to": [10, -0.8, 8],
			"rotation": {"angle": 0, "axis": "x", "origin": [8, -2, 7]},
			"faces": {
				"north": {"uv": [4.25, 5.25, 5.25, 5.75], "texture": "#1"},
				"east": {"uv": [4, 5.25, 4.25, 5.75], "texture": "#1"},
				"south": {"uv": [5.5, 5.25, 6.5, 5.75], "texture": "#1"},
				"west": {"uv": [5.25, 5.25, 5.5, 5.75], "texture": "#1"},
				"up": {"uv": [5.25, 5.25, 4.25, 5], "texture": "#1"},
				"down": {"uv": [6.25, 5, 5.25, 5.25], "texture": "#1"}
			}
		}
	],
	"groups": [
		0,
		{
			"name": "frame",
			"origin": [0, 0, 0],
			"color": 0,
			"children": [1, 2, 3, 4]
		},
		{
			"name": "decoration",
			"origin": [0, 0, 0],
			"color": 0,
			"children": [5, 6, 7, 8]
		},
		{
			"name": "date_sign",
			"origin": [8, -2, 7],
			"color": 0,
			"children": [9]
		}
	]
}