{
	"credit": "Made with Blockbench",
	"textures": {
		"0": "plagiatus:item/presentation/plagiatus",
		"1": "block/cake_bottom",
		"3": "block/cake_side",
		"4": "block/cake_top",
		"5": "block/blue_candle_lit",
		"particle": "plagiatus:item/presentation/plagiatus"
	},
	"elements": [
		{
			"name": "head",
			"from": [4, 23.5, 4],
			"to": [12, 31.5, 12],
			"rotation": {"angle": -22.5, "axis": "y", "origin": [8, 23.5, 8]},
			"faces": {
				"north": {"uv": [2, 2, 4, 4], "texture": "#0"},
				"east": {"uv": [0, 2, 2, 4], "texture": "#0"},
				"south": {"uv": [6, 2, 8, 4], "texture": "#0"},
				"west": {"uv": [4, 2, 6, 4], "texture": "#0"},
				"up": {"uv": [4, 2, 2, 0], "texture": "#0"},
				"down": {"uv": [6, 0, 4, 2], "texture": "#0"}
			}
		},
		{
			"name": "head_2nd_layer",
			"from": [3.5, 23, 3.5],
			"to": [12.5, 32, 12.5],
			"rotation": {"angle": -22.5, "axis": "y", "origin": [8, 23.5, 8]},
			"faces": {
				"north": {"uv": [10, 2, 12, 4], "texture": "#0"},
				"east": {"uv": [8, 2, 10, 4], "texture": "#0"},
				"south": {"uv": [14, 2, 16, 4], "texture": "#0"},
				"west": {"uv": [12, 2, 14, 4], "texture": "#0"},
				"up": {"uv": [12, 2, 10, 0], "texture": "#0"},
				"down": {"uv": [14, 0, 12, 2], "texture": "#0"}
			}
		},
		{
			"name": "left_arm",
			"from": [0, 11.5, 6],
			"to": [4, 23.5, 10],
			"rotation": {"angle": 22.5, "axis": "y", "origin": [4, 22.5, 8]},
			"faces": {
				"north": {"uv": [9, 13, 10, 16], "texture": "#0"},
				"east": {"uv": [8, 13, 9, 16], "texture": "#0"},
				"south": {"uv": [11, 13, 12, 16], "texture": "#0"},
				"west": {"uv": [10, 13, 11, 16], "texture": "#0"},
				"up": {"uv": [10, 13, 9, 12], "texture": "#0"},
				"down": {"uv": [11, 12, 10, 13], "texture": "#0"}
			}
		},
		{
			"name": "left_arm_2nd_layer",
			"from": [-0.5, 11, 5.5],
			"to": [4.5, 24, 10.5],
			"rotation": {"angle": 22.5, "axis": "y", "origin": [4, 22.5, 8]},
			"faces": {
				"north": {"uv": [13, 13, 14, 16], "texture": "#0"},
				"east": {"uv": [12, 13, 13, 16], "texture": "#0"},
				"south": {"uv": [15, 13, 16, 16], "texture": "#0"},
				"west": {"uv": [14, 13, 15, 16], "texture": "#0"},
				"up": {"uv": [14, 13, 13, 12], "texture": "#0"},
				"down": {"uv": [15, 12, 14, 13], "texture": "#0"}
			}
		},
		{
			"name": "body",
			"from": [4, 11.5, 6],
			"to": [12, 23.5, 10],
			"faces": {
				"north": {"uv": [5, 5, 7, 7.98], "texture": "#0"},
				"south": {"uv": [8, 5, 10, 8], "texture": "#0"},
				"up": {"uv": [7, 5, 5, 4], "texture": "#0"},
				"down": {"uv": [9, 4, 7, 5], "texture": "#0"}
			}
		},
		{
			"name": "body_2nd_layer",
			"from": [4, 11.02, 5.5],
			"to": [12, 24.03, 10.5],
			"faces": {
				"north": {"uv": [5, 9, 7, 12], "texture": "#0"},
				"east": {"uv": [4, 9, 5, 12], "texture": "#0"},
				"south": {"uv": [8, 9, 10, 12], "texture": "#0"},
				"west": {"uv": [7, 9, 8, 12], "texture": "#0"},
				"up": {"uv": [7, 9, 5, 8], "texture": "#0"},
				"down": {"uv": [9, 8, 7, 9], "texture": "#0"}
			}
		},
		{
			"name": "right_arm",
			"from": [12, 19.5, -2],
			"to": [16, 23.5, 10],
			"rotation": {"angle": -22.5, "axis": "x", "origin": [12, 21.5, 8]},
			"faces": {
				"north": {"uv": [13, 4, 12, 5], "rotation": 180, "texture": "#0"},
				"east": {"uv": [10, 5, 11, 8], "rotation": 270, "texture": "#0"},
				"south": {"uv": [12, 5, 11, 4], "texture": "#0"},
				"west": {"uv": [12, 5, 13, 8], "rotation": 90, "texture": "#0"},
				"up": {"uv": [11, 5, 12, 8], "rotation": 180, "texture": "#0"},
				"down": {"uv": [13, 5, 14, 8], "texture": "#0"}
			}
		},
		{
			"name": "right_arm_2nd_layer",
			"from": [11.5, 19, -2.5],
			"to": [16.49, 24, 10.5],
			"rotation": {"angle": -22.5, "axis": "x", "origin": [12, 21.5, 8]},
			"faces": {
				"north": {"uv": [13, 8, 12, 9], "rotation": 180, "texture": "#0"},
				"east": {"uv": [10, 9, 11, 12], "rotation": 270, "texture": "#0"},
				"south": {"uv": [12, 9, 11, 8], "texture": "#0"},
				"west": {"uv": [12, 9, 13, 12], "rotation": 90, "texture": "#0"},
				"up": {"uv": [11, 9, 12, 12], "rotation": 180, "texture": "#0"},
				"down": {"uv": [13, 9, 14, 12], "texture": "#0"}
			}
		},
		{
			"name": "right_leg",
			"from": [8, -0.5, 6],
			"to": [12, 11.5, 10],
			"rotation": {"angle": 0, "axis": "y", "origin": [10, 11.5, 8]},
			"faces": {
				"north": {"uv": [1, 5, 2, 8], "texture": "#0"},
				"east": {"uv": [0, 5, 1, 8], "texture": "#0"},
				"south": {"uv": [3, 5, 4, 8], "texture": "#0"},
				"west": {"uv": [2, 5, 3, 8], "texture": "#0"},
				"up": {"uv": [2, 5, 1, 4], "texture": "#0"},
				"down": {"uv": [3, 4, 2, 5], "texture": "#0"}
			}
		},
		{
			"name": "right_leg_2nd_layer",
			"from": [7.5, -1, 5.5],
			"to": [12.5, 12, 10.5],
			"rotation": {"angle": 0, "axis": "y", "origin": [10, 11.5, 8]},
			"faces": {
				"north": {"uv": [1, 9, 2, 12], "texture": "#0"},
				"east": {"uv": [0, 9, 1, 12], "texture": "#0"},
				"south": {"uv": [3, 9, 4, 12], "texture": "#0"},
				"west": {"uv": [2, 9, 3, 12], "texture": "#0"},
				"up": {"uv": [2, 9, 1, 8], "texture": "#0"},
				"down": {"uv": [3, 8, 2, 9], "texture": "#0"}
			}
		},
		{
			"name": "left_leg",
			"from": [4, -0.5, 6],
			"to": [8, 11.5, 10],
			"rotation": {"angle": -22.5, "axis": "x", "origin": [6, 11.5, 8]},
			"faces": {
				"north": {"uv": [5, 13, 6, 16], "texture": "#0"},
				"east": {"uv": [4, 13, 5, 16], "texture": "#0"},
				"south": {"uv": [7, 13, 8, 16], "texture": "#0"},
				"west": {"uv": [6, 13, 7, 16], "texture": "#0"},
				"up": {"uv": [6, 13, 5, 12], "texture": "#0"},
				"down": {"uv": [7, 12, 6, 13], "texture": "#0"}
			}
		},
		{
			"name": "left_leg_2nd_layer",
			"from": [3.5, -1, 5.5],
			"to": [8.5, 12, 10.5],
			"rotation": {"angle": -22.5, "axis": "x", "origin": [6, 11.5, 8]},
			"faces": {
				"north": {"uv": [1, 13, 2, 16], "texture": "#0"},
				"east": {"uv": [0, 13, 1, 16], "texture": "#0"},
				"south": {"uv": [3, 13, 4, 16], "texture": "#0"},
				"west": {"uv": [2, 13, 3, 16], "texture": "#0"},
				"up": {"uv": [2, 12, 1, 11], "texture": "#0"},
				"down": {"uv": [3, 12, 2, 13], "texture": "#0"}
			}
		},
		{
			"name": "candle",
			"from": [16, 23, -3],
			"to": [17, 26, -2],
			"faces": {
				"north": {"uv": [0, 8, 2, 16], "texture": "#5"},
				"east": {"uv": [0, 8, 2, 16], "texture": "#5"},
				"south": {"uv": [0, 8, 2, 16], "texture": "#5"},
				"west": {"uv": [0, 8, 2, 16], "texture": "#5"},
				"up": {"uv": [0, 6, 2, 8], "texture": "#5"}
			}
		},
		{
			"name": "candle",
			"from": [12, 23, -3],
			"to": [13, 26, -2],
			"faces": {
				"north": {"uv": [0, 8, 2, 16], "texture": "#5"},
				"east": {"uv": [0, 8, 2, 16], "texture": "#5"},
				"south": {"uv": [0, 8, 2, 16], "texture": "#5"},
				"west": {"uv": [0, 8, 2, 16], "texture": "#5"},
				"up": {"uv": [0, 6, 2, 8], "texture": "#5"}
			}
		},
		{
			"name": "candle",
			"from": [14, 23, -3],
			"to": [15, 26, -2],
			"faces": {
				"north": {"uv": [0, 8, 2, 16], "texture": "#5"},
				"east": {"uv": [0, 8, 2, 16], "texture": "#5"},
				"south": {"uv": [0, 8, 2, 16], "texture": "#5"},
				"west": {"uv": [0, 8, 2, 16], "texture": "#5"},
				"up": {"uv": [0, 6, 2, 8], "texture": "#5"}
			}
		},
		{
			"name": "candle",
			"from": [13, 23, -3],
			"to": [14, 24, -2],
			"faces": {
				"north": {"uv": [0, 14, 2, 16], "texture": "#5"},
				"east": {"uv": [0, 14, 2, 16], "texture": "#5"},
				"south": {"uv": [0, 14, 2, 16], "texture": "#5"},
				"west": {"uv": [0, 14, 2, 16], "texture": "#5"},
				"up": {"uv": [0, 14, 2, 16], "texture": "#5"}
			}
		},
		{
			"name": "candle",
			"from": [13, 25, -3],
			"to": [14, 26, -2],
			"faces": {
				"north": {"uv": [0, 8, 2, 10], "texture": "#5"},
				"east": {"uv": [0, 8, 2, 10], "texture": "#5"},
				"south": {"uv": [0, 0, 1, 1], "texture": "#5"},
				"west": {"uv": [0, 0, 1, 1], "texture": "#5"},
				"up": {"uv": [0, 6, 2, 8], "texture": "#5"},
				"down": {"uv": [0, 8, 2, 10], "texture": "#5"}
			}
		},
		{
			"from": [16.2, 26, -2.65],
			"to": [16.2, 26.5, -2.15],
			"rotation": {"angle": 45, "axis": "y", "origin": [16.2, 26, -2.9]},
			"faces": {
				"east": {"uv": [0, 5, 1, 6], "texture": "#5"},
				"west": {"uv": [0, 5, 1, 6], "texture": "#5"}
			}
		},
		{
			"from": [16.7, 26, -3.15],
			"to": [16.7, 26.5, -2.65],
			"rotation": {"angle": -45, "axis": "y", "origin": [16.2, 26, -2.9]},
			"faces": {
				"east": {"uv": [0, 5, 1, 6], "texture": "#5"},
				"west": {"uv": [0, 5, 1, 6], "texture": "#5"}
			}
		},
		{
			"from": [14.2, 26, -2.65],
			"to": [14.2, 26.5, -2.15],
			"rotation": {"angle": 45, "axis": "y", "origin": [14.2, 26, -2.9]},
			"faces": {
				"east": {"uv": [0, 5, 1, 6], "texture": "#5"},
				"west": {"uv": [0, 5, 1, 6], "texture": "#5"}
			}
		},
		{
			"from": [14.7, 26, -3.15],
			"to": [14.7, 26.5, -2.65],
			"rotation": {"angle": -45, "axis": "y", "origin": [14.2, 26, -2.9]},
			"faces": {
				"east": {"uv": [0, 5, 1, 6], "texture": "#5"},
				"west": {"uv": [0, 5, 1, 6], "texture": "#5"}
			}
		},
		{
			"from": [12.2, 26, -2.65],
			"to": [12.2, 26.5, -2.15],
			"rotation": {"angle": 45, "axis": "y", "origin": [12.2, 26, -2.9]},
			"faces": {
				"east": {"uv": [0, 5, 1, 6], "texture": "#5"},
				"west": {"uv": [0, 5, 1, 6], "texture": "#5"}
			}
		},
		{
			"from": [12.7, 26, -3.15],
			"to": [12.7, 26.5, -2.65],
			"rotation": {"angle": -45, "axis": "y", "origin": [12.2, 26, -2.9]},
			"faces": {
				"east": {"uv": [0, 5, 1, 6], "texture": "#5"},
				"west": {"uv": [0, 5, 1, 6], "texture": "#5"}
			}
		},
		{
			"name": "cake",
			"from": [11, 19, -6],
			"to": [18, 23, 1],
			"faces": {
				"north": {"uv": [1, 8, 15, 16], "texture": "#3"},
				"east": {"uv": [1, 8, 15, 16], "texture": "#3"},
				"south": {"uv": [1, 8, 15, 16], "texture": "#3"},
				"west": {"uv": [1, 8, 15, 16], "texture": "#3"},
				"up": {"uv": [1, 1, 15, 15], "texture": "#4"},
				"down": {"uv": [1, 1, 15, 15], "texture": "#1"}
			}
		}
	],
	"groups": [
		{
			"name": "plagiatus",
			"origin": [8, 8, 8],
			"color": 0,
			"children": [
				{
					"name": "head",
					"origin": [0, 0, 0],
					"color": 0,
					"children": [0, 1]
				},
				{
					"name": "left_arm",
					"origin": [0, 0, 0],
					"color": 0,
					"children": [2, 3]
				},
				{
					"name": "body",
					"origin": [0, 0, 0],
					"color": 0,
					"children": [4, 5]
				},
				{
					"name": "right_arm",
					"origin": [0, 0, 0],
					"color": 0,
					"children": [6, 7]
				},
				{
					"name": "right_leg",
					"origin": [0, 0, 0],
					"color": 0,
					"children": [8, 9]
				},
				{
					"name": "left_leg",
					"origin": [0, 0, 0],
					"color": 0,
					"children": [10, 11]
				}
			]
		},
		{
			"name": "cake",
			"origin": [0, 0, 0],
			"color": 0,
			"children": [
				{
					"name": "candle",
					"origin": [0, 0, 0],
					"color": 0,
					"children": [
						12,
						13,
						14,
						15,
						16,
						{
							"name": "wick",
							"origin": [0, 0, 0],
							"color": 0,
							"children": [17, 18]
						},
						{
							"name": "wick",
							"origin": [0, 0, 0],
							"color": 0,
							"children": [19, 20]
						},
						{
							"name": "wick",
							"origin": [0, 0, 0],
							"color": 0,
							"children": [21, 22]
						}
					]
				},
				23
			]
		}
	]
}