{
	"textures": {
		"0": "miffenkop:item/wondey_miffen/wondey"
	},
	"elements": [
		{
			"from": [
				5,
				-2,
				6
			],
			"to": [
				9,
				10,
				10
			],
			"faces": {
				"north": {
					"uv": [
						9,
						13,
						10,
						16
					],
					"texture": "#0"
				},
				"east": {
					"uv": [
						8,
						13,
						9,
						16
					],
					"texture": "#0"
				},
				"south": {
					"uv": [
						11,
						13,
						12,
						16
					],
					"texture": "#0"
				},
				"west": {
					"uv": [
						10,
						13,
						11,
						16
					],
					"texture": "#0"
				},
				"up": {
					"uv": [
						10,
						13,
						9,
						12
					],
					"texture": "#0"
				},
				"down": {
					"uv": [
						11,
						12,
						10,
						13
					],
					"texture": "#0"
				}
			}
		}
	],
	"display": {
		"head": {
			"rotation": [
				0,
				180,
				0
			]
		}
	}
}