{
	"credit": "Made with Blockbench",
	"textures": {
		"0": "titano:block/sallan",
		"1": "titano:block/helmet",
		"particle": "titano:block/helmet"
	},
	"elements": [
		{
			"name": "body",
			"from": [4, 3, 12],
			"to": [12, 15, 16],
			"rotation": {"angle": 0, "axis": "y", "origin": [0, -8.5, 6]},
			"faces": {
				"north": {"uv": [5, 5, 7, 7.98], "texture": "#0"},
				"east": {"uv": [4, 5, 5, 8], "texture": "#0"},
				"south": {"uv": [8, 5, 10, 8], "texture": "#0"},
				"west": {"uv": [7, 5, 8, 7.98], "texture": "#0"},
				"up": {"uv": [7, 5, 5, 4], "texture": "#0"},
				"down": {"uv": [9, 4, 7, 5], "texture": "#0"}
			}
		},
		{
			"name": "right_arm",
			"from": [12, 13, 12],
			"to": [16, 25, 16],
			"rotation": {"angle": -22.5, "axis": "x", "origin": [13, 14, 14]},
			"faces": {
				"north": {"uv": [13, 5, 14, 8], "rotation": 180, "texture": "#0"},
				"east": {"uv": [10, 5, 11, 8], "rotation": 180, "texture": "#0"},
				"south": {"uv": [11, 5, 12, 8], "rotation": 180, "texture": "#0"},
				"west": {"uv": [12, 5, 13, 8], "rotation": 180, "texture": "#0"},
				"up": {"uv": [13, 4, 12, 5], "texture": "#0"},
				"down": {"uv": [12, 5, 11, 4], "texture": "#0"}
			}
		},
		{
			"name": "left_arm",
			"from": [0.25, 13.5, 12],
			"to": [4.25, 25.5, 16],
			"rotation": {"angle": -22.5, "axis": "x", "origin": [3, 14, 14]},
			"faces": {
				"north": {"uv": [11, 13, 12, 16], "rotation": 180, "texture": "#0"},
				"east": {"uv": [8, 13, 9, 16], "rotation": 180, "texture": "#0"},
				"south": {"uv": [9, 13, 10, 16], "rotation": 180, "texture": "#0"},
				"west": {"uv": [10, 13, 11, 16], "rotation": 180, "texture": "#0"},
				"up": {"uv": [11, 12, 10, 13], "texture": "#0"},
				"down": {"uv": [10, 13, 9, 12], "texture": "#0"}
			}
		},
		{
			"name": "right_leg",
			"from": [8.5, -9, 11.5],
			"to": [12.5, 3, 15.5],
			"rotation": {"angle": 0, "axis": "z", "origin": [10, 3, 14]},
			"faces": {
				"north": {"uv": [1, 5, 2, 8], "texture": "#0"},
				"east": {"uv": [0, 5, 1, 8], "texture": "#0"},
				"south": {"uv": [3, 5, 4, 8], "texture": "#0"},
				"west": {"uv": [2, 5, 3, 8], "texture": "#0"},
				"up": {"uv": [2, 5, 1, 4], "texture": "#0"},
				"down": {"uv": [3, 4, 2, 5], "texture": "#0"}
			}
		},
		{
			"name": "left_leg",
			"from": [3.75, -9.25, 12.25],
			"to": [7.75, 2.75, 16.25],
			"rotation": {"angle": -22.5, "axis": "z", "origin": [6, 3, 14]},
			"faces": {
				"north": {"uv": [5, 13, 6, 16], "texture": "#0"},
				"east": {"uv": [4, 13, 5, 16], "texture": "#0"},
				"south": {"uv": [7, 13, 8, 16], "texture": "#0"},
				"west": {"uv": [6, 13, 7, 16], "texture": "#0"},
				"up": {"uv": [6, 13, 5, 12], "texture": "#0"},
				"down": {"uv": [7, 12, 6, 13], "texture": "#0"}
			}
		},
		{
			"name": "head",
			"from": [4, 15, 10],
			"to": [12, 23, 18],
			"rotation": {"angle": 22.5, "axis": "x", "origin": [8, 15, 14]},
			"faces": {
				"north": {"uv": [2, 2, 4, 4], "texture": "#1"},
				"east": {"uv": [0, 2, 2, 4], "texture": "#1"},
				"south": {"uv": [6, 2, 8, 4], "texture": "#1"},
				"west": {"uv": [4, 2, 6, 4], "texture": "#1"},
				"up": {"uv": [4, 2, 2, 0], "texture": "#1"},
				"down": {"uv": [6, 0, 4, 2], "texture": "#1"}
			}
		}
	],
	"display": {
		"head": {
			"translation": [0, 6.75, -1]
		}
	},
	"groups": [
		{
			"name": "steve",
			"origin": [8, 8, 8],
			"color": 0,
			"nbt": "{}",
			"children": [
				0,
				{
					"name": "group",
					"origin": [0, -9, 0],
					"color": 0,
					"nbt": "{}",
					"children": [1]
				},
				{
					"name": "group",
					"origin": [0, 0, 0],
					"color": 0,
					"nbt": "{}",
					"children": [2]
				},
				3,
				4
			]
		},
		{
			"name": "group",
			"origin": [0, -9, 0],
			"color": 0,
			"nbt": "{}",
			"children": [5]
		}
	]
}