{
	"credit": "Made with Blockbench",
	"textures": {
		"1": "titano:block/pullux",
		"2": "item/fishing_rod",
		"particle": "titano:block/pullux"
	},
	"elements": [
		{
			"name": "body",
			"from": [4, 3, 8],
			"to": [12, 15, 12],
			"rotation": {"angle": 0, "axis": "y", "origin": [0, -8.5, 2]},
			"faces": {
				"north": {"uv": [5, 5, 7, 7.98], "texture": "#1"},
				"east": {"uv": [4, 5, 5, 8], "texture": "#1"},
				"south": {"uv": [8, 5, 10, 8], "texture": "#1"},
				"west": {"uv": [7, 5, 8, 7.98], "texture": "#1"},
				"up": {"uv": [7, 5, 5, 4], "texture": "#1"},
				"down": {"uv": [9, 4, 7, 5], "texture": "#1"}
			}
		},
		{
			"name": "right_arm",
			"from": [12, 3, 8],
			"to": [16, 15, 12],
			"rotation": {"angle": 45, "axis": "x", "origin": [13, 14, 10]},
			"faces": {
				"north": {"uv": [11, 5, 12, 8], "texture": "#1"},
				"east": {"uv": [10, 5, 11, 8], "texture": "#1"},
				"south": {"uv": [13, 5, 14, 8], "texture": "#1"},
				"west": {"uv": [12, 5, 13, 8], "texture": "#1"},
				"up": {"uv": [12, 5, 11, 4], "texture": "#1"},
				"down": {"uv": [13, 4, 12, 5], "texture": "#1"}
			}
		},
		{
			"name": "left_arm",
			"from": [0, 3, 8],
			"to": [4, 15, 12],
			"rotation": {"angle": 22.5, "axis": "x", "origin": [3, 14, 10]},
			"faces": {
				"north": {"uv": [12, 5, 11, 8], "texture": "#1"},
				"east": {"uv": [12, 5, 13, 8], "texture": "#1"},
				"south": {"uv": [14, 5, 13, 8], "texture": "#1"},
				"west": {"uv": [10, 5, 11, 8], "texture": "#1"},
				"up": {"uv": [11, 5, 12, 4], "texture": "#1"},
				"down": {"uv": [13, 4, 12, 5], "texture": "#1"}
			}
		},
		{
			"name": "right_leg",
			"from": [8, 0, -1.5],
			"to": [12, 4, 10.5],
			"rotation": {"angle": -22.5, "axis": "y", "origin": [10, 3, 10]},
			"faces": {
				"north": {"uv": [3, 4, 2, 5], "rotation": 180, "texture": "#1"},
				"east": {"uv": [0, 5, 1, 8], "rotation": 270, "texture": "#1"},
				"south": {"uv": [2, 5, 1, 4], "texture": "#1"},
				"west": {"uv": [2, 5, 3, 8], "rotation": 90, "texture": "#1"},
				"up": {"uv": [1, 5, 2, 8], "rotation": 180, "texture": "#1"},
				"down": {"uv": [3, 5, 4, 8], "texture": "#1"}
			}
		},
		{
			"name": "left_leg",
			"from": [4, 0, -2],
			"to": [8, 4, 10],
			"rotation": {"angle": 22.5, "axis": "y", "origin": [6, 3, 10]},
			"faces": {
				"north": {"uv": [3, 4, 2, 5], "rotation": 180, "texture": "#1"},
				"east": {"uv": [0, 5, 1, 8], "rotation": 270, "texture": "#1"},
				"south": {"uv": [2, 5, 1, 4], "texture": "#1"},
				"west": {"uv": [2, 5, 3, 8], "rotation": 90, "texture": "#1"},
				"up": {"uv": [1, 5, 2, 8], "rotation": 180, "texture": "#1"},
				"down": {"uv": [3, 5, 4, 8], "texture": "#1"}
			}
		},
		{
			"name": "head",
			"from": [4, 15, 6],
			"to": [12, 23, 14],
			"rotation": {"angle": -22.5, "axis": "x", "origin": [8, 15, 10]},
			"faces": {
				"north": {"uv": [2, 2, 4, 4], "texture": "#1"},
				"east": {"uv": [0, 2, 2, 4], "texture": "#1"},
				"south": {"uv": [6, 2, 8, 4], "texture": "#1"},
				"west": {"uv": [4, 2, 6, 4], "texture": "#1"},
				"up": {"uv": [4, 2, 2, 0], "texture": "#1"},
				"down": {"uv": [6, 0, 4, 2], "texture": "#1"}
			}
		},
		{
			"name": "fishing_rod_0",
			"from": [14, 13.8, -6.2],
			"to": [14.8, 17, -4.6],
			"rotation": {"angle": 0, "axis": "y", "origin": [8.4, 5.8, -2]},
			"faces": {
				"north": {"uv": [14, 1, 15, 5], "texture": "#2"},
				"east": {"uv": [13, 1, 15, 5], "texture": "#2"},
				"south": {"uv": [13, 1, 14, 5], "texture": "#2"},
				"west": {"uv": [15, 1, 13, 5], "texture": "#2"},
				"up": {"uv": [13, 1, 15, 2], "rotation": 270, "texture": "#2"},
				"down": {"uv": [13, 4, 15, 5], "rotation": 90, "texture": "#2"}
			}
		},
		{
			"name": "fishing_rod_1",
			"from": [14, 13, -4.6],
			"to": [14.8, 16.2, -3.8],
			"rotation": {"angle": 0, "axis": "y", "origin": [8.4, 5.8, -2]},
			"faces": {
				"north": {"uv": [12, 2, 13, 6], "texture": "#2"},
				"east": {"uv": [12, 2, 13, 6], "texture": "#2"},
				"south": {"uv": [12, 2, 13, 6], "texture": "#2"},
				"west": {"uv": [13, 2, 12, 6], "texture": "#2"},
				"up": {"uv": [12, 2, 13, 3], "rotation": 270, "texture": "#2"},
				"down": {"uv": [12, 5, 13, 6], "rotation": 90, "texture": "#2"}
			}
		},
		{
			"name": "fishing_rod_2",
			"from": [14, 12.2, -3.8],
			"to": [14.8, 15.4, -3],
			"rotation": {"angle": 0, "axis": "y", "origin": [8.4, 5.8, -2]},
			"faces": {
				"north": {"uv": [11, 3, 12, 7], "texture": "#2"},
				"east": {"uv": [11, 3, 12, 7], "texture": "#2"},
				"south": {"uv": [11, 3, 12, 7], "texture": "#2"},
				"west": {"uv": [12, 3, 11, 7], "texture": "#2"},
				"up": {"uv": [11, 3, 12, 4], "rotation": 270, "texture": "#2"},
				"down": {"uv": [11, 6, 12, 7], "rotation": 90, "texture": "#2"}
			}
		},
		{
			"name": "fishing_rod_3",
			"from": [14, 11.4, -3],
			"to": [14.8, 14.6, -2.2],
			"rotation": {"angle": 0, "axis": "y", "origin": [8.4, 5.8, -2]},
			"faces": {
				"north": {"uv": [10, 4, 11, 8], "texture": "#2"},
				"east": {"uv": [10, 4, 11, 8], "texture": "#2"},
				"south": {"uv": [10, 4, 11, 8], "texture": "#2"},
				"west": {"uv": [11, 4, 10, 8], "texture": "#2"},
				"up": {"uv": [10, 4, 11, 5], "rotation": 270, "texture": "#2"},
				"down": {"uv": [10, 7, 11, 8], "rotation": 90, "texture": "#2"}
			}
		},
		{
			"name": "fishing_rod_4",
			"from": [14, 10.6, -2.2],
			"to": [14.8, 13.8, -1.4],
			"rotation": {"angle": 0, "axis": "y", "origin": [8.4, 5.8, -2]},
			"faces": {
				"north": {"uv": [9, 5, 10, 9], "texture": "#2"},
				"east": {"uv": [9, 5, 10, 9], "texture": "#2"},
				"south": {"uv": [9, 5, 10, 9], "texture": "#2"},
				"west": {"uv": [10, 5, 9, 9], "texture": "#2"},
				"up": {"uv": [9, 5, 10, 6], "rotation": 270, "texture": "#2"},
				"down": {"uv": [9, 8, 10, 9], "rotation": 90, "texture": "#2"}
			}
		},
		{
			"name": "fishing_rod_5",
			"from": [14, 9.8, -6.2],
			"to": [14.8, 13.8, -5.4],
			"rotation": {"angle": 0, "axis": "y", "origin": [8.4, 5.8, -2]},
			"faces": {
				"north": {"uv": [14, 5, 15, 10], "texture": "#2"},
				"east": {"uv": [14, 5, 15, 10], "texture": "#2"},
				"south": {"uv": [14, 5, 15, 10], "texture": "#2"},
				"west": {"uv": [15, 5, 14, 10], "texture": "#2"},
				"up": {"uv": [14, 5, 15, 6], "rotation": 270, "texture": "#2"},
				"down": {"uv": [14, 9, 15, 10], "rotation": 90, "texture": "#2"}
			}
		},
		{
			"name": "fishing_rod_6",
			"from": [14, 9.8, -1.4],
			"to": [14.8, 13, -0.6],
			"rotation": {"angle": 0, "axis": "y", "origin": [8.4, 5.8, -2]},
			"faces": {
				"north": {"uv": [8, 6, 9, 10], "texture": "#2"},
				"east": {"uv": [8, 6, 9, 10], "texture": "#2"},
				"south": {"uv": [8, 6, 9, 10], "texture": "#2"},
				"west": {"uv": [9, 6, 8, 10], "texture": "#2"},
				"up": {"uv": [8, 6, 9, 7], "rotation": 270, "texture": "#2"},
				"down": {"uv": [8, 9, 9, 10], "rotation": 90, "texture": "#2"}
			}
		},
		{
			"name": "fishing_rod_7",
			"from": [14, 6.6, -0.6],
			"to": [14.8, 12.2, 0.2],
			"rotation": {"angle": 0, "axis": "y", "origin": [8.4, 5.8, -2]},
			"faces": {
				"north": {"uv": [7, 7, 8, 14], "texture": "#2"},
				"east": {"uv": [7, 7, 8, 14], "texture": "#2"},
				"south": {"uv": [7, 7, 8, 14], "texture": "#2"},
				"west": {"uv": [8, 7, 7, 14], "texture": "#2"},
				"up": {"uv": [7, 7, 8, 8], "rotation": 270, "texture": "#2"},
				"down": {"uv": [7, 13, 8, 14], "rotation": 90, "texture": "#2"}
			}
		},
		{
			"name": "fishing_rod_8",
			"from": [14, 6.6, 0.2],
			"to": [14.8, 11.4, 1],
			"rotation": {"angle": 0, "axis": "y", "origin": [8.4, 5.8, -2]},
			"faces": {
				"north": {"uv": [6, 8, 7, 14], "texture": "#2"},
				"east": {"uv": [6, 8, 7, 14], "texture": "#2"},
				"south": {"uv": [6, 8, 7, 14], "texture": "#2"},
				"west": {"uv": [7, 8, 6, 14], "texture": "#2"},
				"up": {"uv": [6, 8, 7, 9], "rotation": 270, "texture": "#2"},
				"down": {"uv": [6, 13, 7, 14], "rotation": 90, "texture": "#2"}
			}
		},
		{
			"name": "fishing_rod_9",
			"from": [14, 7.4, 1],
			"to": [14.8, 10.6, 1.8],
			"rotation": {"angle": 0, "axis": "y", "origin": [8.4, 5.8, -2]},
			"faces": {
				"north": {"uv": [5, 9, 6, 13], "texture": "#2"},
				"east": {"uv": [5, 9, 6, 13], "texture": "#2"},
				"south": {"uv": [5, 9, 6, 13], "texture": "#2"},
				"west": {"uv": [6, 9, 5, 13], "texture": "#2"},
				"up": {"uv": [5, 9, 6, 10], "rotation": 270, "texture": "#2"},
				"down": {"uv": [5, 12, 6, 13], "rotation": 90, "texture": "#2"}
			}
		},
		{
			"name": "fishing_rod_10",
			"from": [14, 8.2, -5.4],
			"to": [14.8, 9.8, -4.6],
			"rotation": {"angle": 0, "axis": "y", "origin": [8.4, 5.8, -2]},
			"faces": {
				"north": {"uv": [13, 10, 14, 12], "texture": "#2"},
				"east": {"uv": [13, 10, 14, 12], "texture": "#2"},
				"south": {"uv": [13, 10, 14, 12], "texture": "#2"},
				"west": {"uv": [14, 10, 13, 12], "texture": "#2"},
				"up": {"uv": [13, 10, 14, 11], "rotation": 270, "texture": "#2"},
				"down": {"uv": [13, 11, 14, 12], "rotation": 90, "texture": "#2"}
			}
		},
		{
			"name": "fishing_rod_11",
			"from": [14, 6.6, 1.8],
			"to": [14.8, 9, 2.6],
			"rotation": {"angle": 0, "axis": "y", "origin": [8.4, 5.8, -2]},
			"faces": {
				"north": {"uv": [4, 11, 5, 14], "texture": "#2"},
				"east": {"uv": [4, 11, 5, 14], "texture": "#2"},
				"south": {"uv": [4, 11, 5, 14], "texture": "#2"},
				"west": {"uv": [5, 11, 4, 14], "texture": "#2"},
				"up": {"uv": [4, 11, 5, 12], "rotation": 270, "texture": "#2"},
				"down": {"uv": [4, 13, 5, 14], "rotation": 90, "texture": "#2"}
			}
		},
		{
			"name": "fishing_rod_12",
			"from": [14, 7.4, -1.4],
			"to": [14.8, 9, -0.6],
			"rotation": {"angle": 0, "axis": "y", "origin": [8.4, 5.8, -2]},
			"faces": {
				"north": {"uv": [8, 11, 9, 13], "texture": "#2"},
				"east": {"uv": [8, 11, 9, 13], "texture": "#2"},
				"south": {"uv": [8, 11, 9, 13], "texture": "#2"},
				"west": {"uv": [9, 11, 8, 13], "texture": "#2"},
				"up": {"uv": [8, 11, 9, 12], "rotation": 270, "texture": "#2"},
				"down": {"uv": [8, 12, 9, 13], "rotation": 90, "texture": "#2"}
			}
		},
		{
			"name": "fishing_rod_13",
			"from": [14, 5.8, 2.6],
			"to": [14.8, 8.2, 3.4],
			"rotation": {"angle": 0, "axis": "y", "origin": [8.4, 5.8, -2]},
			"faces": {
				"north": {"uv": [3, 12, 4, 15], "texture": "#2"},
				"east": {"uv": [3, 12, 4, 15], "texture": "#2"},
				"south": {"uv": [3, 12, 4, 15], "texture": "#2"},
				"west": {"uv": [4, 12, 3, 15], "texture": "#2"},
				"up": {"uv": [3, 12, 4, 13], "rotation": 270, "texture": "#2"},
				"down": {"uv": [3, 14, 4, 15], "rotation": 90, "texture": "#2"}
			}
		},
		{
			"name": "fishing_rod_14",
			"from": [14, 6.6, -4.6],
			"to": [14.8, 8.2, -3.8],
			"rotation": {"angle": 0, "axis": "y", "origin": [8.4, 5.8, -2]},
			"faces": {
				"north": {"uv": [12, 12, 13, 14], "texture": "#2"},
				"east": {"uv": [12, 12, 13, 14], "texture": "#2"},
				"south": {"uv": [12, 12, 13, 14], "texture": "#2"},
				"west": {"uv": [13, 12, 12, 14], "texture": "#2"},
				"up": {"uv": [12, 12, 13, 13], "rotation": 270, "texture": "#2"},
				"down": {"uv": [12, 13, 13, 14], "rotation": 90, "texture": "#2"}
			}
		},
		{
			"name": "fishing_rod_15",
			"from": [14, 5.8, 3.4],
			"to": [14.8, 7.4, 4.2],
			"rotation": {"angle": 0, "axis": "y", "origin": [8.4, 5.8, -2]},
			"faces": {
				"north": {"uv": [2, 13, 3, 15], "texture": "#2"},
				"east": {"uv": [2, 13, 3, 15], "texture": "#2"},
				"south": {"uv": [2, 13, 3, 15], "texture": "#2"},
				"west": {"uv": [3, 13, 2, 15], "texture": "#2"},
				"up": {"uv": [2, 13, 3, 14], "rotation": 270, "texture": "#2"},
				"down": {"uv": [2, 14, 3, 15], "rotation": 90, "texture": "#2"}
			}
		},
		{
			"name": "fishing_rod_16",
			"from": [14, 5.8, -3],
			"to": [14.8, 7.4, -2.2],
			"rotation": {"angle": 0, "axis": "y", "origin": [8.4, 5.8, -2]},
			"faces": {
				"north": {"uv": [10, 13, 11, 15], "texture": "#2"},
				"east": {"uv": [10, 13, 11, 15], "texture": "#2"},
				"south": {"uv": [10, 13, 11, 15], "texture": "#2"},
				"west": {"uv": [11, 13, 10, 15], "texture": "#2"},
				"up": {"uv": [10, 13, 11, 14], "rotation": 270, "texture": "#2"},
				"down": {"uv": [10, 14, 11, 15], "rotation": 90, "texture": "#2"}
			}
		},
		{
			"name": "fishing_rod_17",
			"from": [14, 5.8, -3.8],
			"to": [14.8, 6.6, -3],
			"rotation": {"angle": 0, "axis": "y", "origin": [8.4, 5.8, -2]},
			"faces": {
				"north": {"uv": [11, 14, 12, 15], "texture": "#2"},
				"east": {"uv": [11, 14, 12, 15], "texture": "#2"},
				"south": {"uv": [11, 14, 12, 15], "texture": "#2"},
				"west": {"uv": [12, 14, 11, 15], "texture": "#2"},
				"up": {"uv": [11, 14, 12, 15], "rotation": 270, "texture": "#2"},
				"down": {"uv": [11, 14, 12, 15], "rotation": 90, "texture": "#2"}
			}
		}
	],
	"display": {
		"thirdperson_righthand": {
			"translation": [0, 3, 1],
			"scale": [0.55, 0.55, 0.55]
		},
		"thirdperson_lefthand": {
			"translation": [0, 3, 1],
			"scale": [0.55, 0.55, 0.55]
		},
		"firstperson_righthand": {
			"rotation": [0, -90, 25],
			"translation": [1.13, 3.2, 1.13],
			"scale": [0.68, 0.68, 0.68]
		},
		"firstperson_lefthand": {
			"rotation": [0, -90, 25],
			"translation": [1.13, 3.2, 1.13],
			"scale": [0.68, 0.68, 0.68]
		},
		"ground": {
			"translation": [0, 2, 0],
			"scale": [0.5, 0.5, 0.5]
		},
		"gui": {
			"rotation": [-163, -45, 180],
			"translation": [0.75, -1.75, 0],
			"scale": [0.5, 0.5, 0.5]
		},
		"head": {
			"rotation": [0, -90, 0],
			"translation": [0, 8, 0]
		},
		"fixed": {
			"rotation": [0, 180, 0]
		}
	},
	"groups": [
		{
			"name": "steve",
			"origin": [8, 8, 8],
			"color": 0,
			"nbt": "{}",
			"children": [
				0,
				{
					"name": "group",
					"origin": [0, -9, 0],
					"color": 0,
					"nbt": "{}",
					"children": [1]
				},
				{
					"name": "group",
					"origin": [0, 0, 0],
					"color": 0,
					"nbt": "{}",
					"children": [2]
				},
				3,
				4
			]
		},
		{
			"name": "group",
			"origin": [0, -9, 0],
			"color": 0,
			"nbt": "{}",
			"children": [5]
		},
		{
			"name": "fishing_rod",
			"origin": [8, 8, 8],
			"color": 0,
			"nbt": "{}",
			"children": [6, 7, 8, 9, 10, 11, 12, 13, 14, 15, 16, 17, 18, 19, 20, 21, 22, 23]
		}
	]
}