{
	"credit": "Made with Blockbench",
	"textures": {
		"0": "titano:block/sallan",
		"1": "titano:block/helmet",
		"particle": "titano:block/helmet"
	},
	"elements": [
		{
			"name": "head",
			"from": [12.2, 0.95, 4.7],
			"to": [18.8, 7.55, 11.3],
			"rotation": {"angle": 0, "axis": "y", "origin": [11.75, 11.375, 8]},
			"faces": {
				"north": {"uv": [2, 2, 4, 4], "texture": "#1"},
				"east": {"uv": [0, 2, 2, 4], "texture": "#1"},
				"south": {"uv": [6, 2, 8, 4], "texture": "#1"},
				"west": {"uv": [4, 2, 6, 4], "texture": "#1"},
				"up": {"uv": [4, 2, 2, 0], "texture": "#1"},
				"down": {"uv": [6, 0, 4, 2], "texture": "#1"}
			}
		},
		{
			"name": "body",
			"from": [4, 2.5, 6],
			"to": [12, 14.5, 10],
			"rotation": {"angle": 0, "axis": "y", "origin": [0, -9, 0]},
			"faces": {
				"north": {"uv": [5, 5, 7, 7.98], "texture": "#0"},
				"east": {"uv": [4, 5, 5, 8], "texture": "#0"},
				"south": {"uv": [8, 5, 10, 8], "texture": "#0"},
				"west": {"uv": [7, 5, 8, 7.98], "texture": "#0"},
				"up": {"uv": [7, 5, 5, 4], "texture": "#0"},
				"down": {"uv": [9, 4, 7, 5], "texture": "#0"}
			}
		},
		{
			"name": "right_arm_2nd_layer",
			"from": [12.5, 3.25, 5.5],
			"to": [17.49, 16.25, 10.5],
			"rotation": {"angle": 45, "axis": "z", "origin": [13.9975, 13.5, 8]},
			"faces": {
				"north": {"uv": [11, 9, 12, 12], "texture": "#0"},
				"east": {"uv": [10, 9, 11, 12], "texture": "#0"},
				"south": {"uv": [13, 9, 14, 12], "texture": "#0"},
				"west": {"uv": [12, 9, 13, 12], "texture": "#0"},
				"up": {"uv": [12, 9, 11, 8], "texture": "#0"},
				"down": {"uv": [13, 8, 12, 9], "texture": "#0"}
			}
		},
		{
			"name": "right_arm",
			"from": [13, 3.75, 6],
			"to": [17, 15.75, 10],
			"rotation": {"angle": 45, "axis": "z", "origin": [13.9975, 13.5, 8]},
			"faces": {
				"north": {"uv": [11, 5, 12, 8], "texture": "#0"},
				"east": {"uv": [10, 5, 11, 8], "texture": "#0"},
				"south": {"uv": [13, 5, 14, 8], "texture": "#0"},
				"west": {"uv": [12, 5, 13, 8], "texture": "#0"},
				"up": {"uv": [12, 5, 11, 4], "texture": "#0"},
				"down": {"uv": [13, 4, 12, 5], "texture": "#0"}
			}
		},
		{
			"name": "left_arm_2nd_layer",
			"from": [-0.5, 2, 5.5],
			"to": [4.5, 15, 10.5],
			"rotation": {"angle": 22.5, "axis": "x", "origin": [3, 13.5, 8]},
			"faces": {
				"north": {"uv": [13, 13, 14, 16], "texture": "#0"},
				"east": {"uv": [12, 13, 13, 16], "texture": "#0"},
				"south": {"uv": [15, 13, 16, 16], "texture": "#0"},
				"west": {"uv": [14, 13, 15, 16], "texture": "#0"},
				"up": {"uv": [14, 13, 13, 12], "texture": "#0"},
				"down": {"uv": [15, 12, 14, 13], "texture": "#0"}
			}
		},
		{
			"name": "left_arm",
			"from": [0, 2.5, 6],
			"to": [4, 14.5, 10],
			"rotation": {"angle": 22.5, "axis": "x", "origin": [3, 13.5, 8]},
			"faces": {
				"north": {"uv": [9, 13, 10, 16], "texture": "#0"},
				"east": {"uv": [8, 13, 9, 16], "texture": "#0"},
				"south": {"uv": [11, 13, 12, 16], "texture": "#0"},
				"west": {"uv": [10, 13, 11, 16], "texture": "#0"},
				"up": {"uv": [10, 13, 9, 12], "texture": "#0"},
				"down": {"uv": [11, 12, 10, 13], "texture": "#0"}
			}
		},
		{
			"name": "right_leg",
			"from": [8, -9.5, 6],
			"to": [12, 2.5, 10],
			"rotation": {"angle": 0, "axis": "y", "origin": [0, -9, 0]},
			"faces": {
				"north": {"uv": [1, 5, 2, 8], "texture": "#0"},
				"east": {"uv": [0, 5, 1, 8], "texture": "#0"},
				"south": {"uv": [3, 5, 4, 8], "texture": "#0"},
				"west": {"uv": [2, 5, 3, 8], "texture": "#0"},
				"up": {"uv": [2, 5, 1, 4], "texture": "#0"},
				"down": {"uv": [3, 4, 2, 5], "texture": "#0"}
			}
		},
		{
			"name": "left_leg",
			"from": [3.75, -9.5, 6.25],
			"to": [7.75, 2.5, 10.25],
			"rotation": {"angle": 0, "axis": "y", "origin": [0, -9, 0]},
			"faces": {
				"north": {"uv": [5, 13, 6, 16], "texture": "#0"},
				"east": {"uv": [4, 13, 5, 16], "texture": "#0"},
				"south": {"uv": [7, 13, 8, 16], "texture": "#0"},
				"west": {"uv": [6, 13, 7, 16], "texture": "#0"},
				"up": {"uv": [6, 13, 5, 12], "texture": "#0"},
				"down": {"uv": [7, 12, 6, 13], "texture": "#0"}
			}
		},
		{
			"name": "body_2nd_layer",
			"from": [4, 2.02, 5.5],
			"to": [12, 15.03, 10.5],
			"rotation": {"angle": 0, "axis": "y", "origin": [0, -9, 0]},
			"faces": {
				"north": {"uv": [5, 9, 7, 12], "texture": "#0"},
				"east": {"uv": [4, 9, 5, 12], "texture": "#0"},
				"south": {"uv": [8, 9, 10, 12], "texture": "#0"},
				"west": {"uv": [7, 9, 8, 12], "texture": "#0"},
				"up": {"uv": [7, 9, 5, 8], "texture": "#0"},
				"down": {"uv": [9, 8, 7, 9], "texture": "#0"}
			}
		},
		{
			"name": "head",
			"from": [4, 14.5, 4],
			"to": [12, 22.5, 12],
			"rotation": {"angle": 22.5, "axis": "y", "origin": [8, 18.5, 8]},
			"faces": {
				"north": {"uv": [2, 2, 4, 4], "texture": "#0"},
				"east": {"uv": [0, 2, 2, 4], "texture": "#0"},
				"south": {"uv": [6, 2, 8, 4], "texture": "#0"},
				"west": {"uv": [4, 2, 6, 4], "texture": "#0"},
				"up": {"uv": [4, 2, 2, 0], "texture": "#0"},
				"down": {"uv": [6, 0, 4, 2], "texture": "#0"}
			}
		},
		{
			"name": "head_2nd_layer",
			"from": [3.7294, 14, 3.65328],
			"to": [12.7294, 23, 12.65328],
			"rotation": {"angle": 22.5, "axis": "y", "origin": [7.7294, 24, 8.65328]},
			"faces": {
				"north": {"uv": [10, 2, 12, 4], "texture": "#0"},
				"east": {"uv": [8, 2, 10, 4], "texture": "#0"},
				"south": {"uv": [14, 2, 16, 4], "texture": "#0"},
				"west": {"uv": [12, 2, 14, 4], "texture": "#0"},
				"up": {"uv": [12, 2, 10, 0], "texture": "#0"},
				"down": {"uv": [14, 0, 12, 2], "texture": "#0"}
			}
		}
	],
	"display": {
		"head": {
			"rotation": [0, -28.25, 0],
			"translation": [0, 8, 0]
		}
	},
	"groups": [
		{
			"name": "steve",
			"origin": [8, 8, 8],
			"color": 0,
			"nbt": "{}",
			"children": [
				0,
				1,
				{
					"name": "group",
					"origin": [0, -9, 0],
					"color": 0,
					"nbt": "{}",
					"children": [2, 3]
				},
				{
					"name": "group",
					"origin": [0, 0, 0],
					"color": 0,
					"nbt": "{}",
					"children": [4, 5]
				},
				6,
				7,
				8
			]
		},
		{
			"name": "group",
			"origin": [0, -9, 0],
			"color": 0,
			"nbt": "{}",
			"children": [9]
		},
		10
	]
}