{
	"credit": "Made with Blockbench",
	"texture_size": [64, 32],
	"textures": {
		"0": "plagiatus:item/elytra"
	},
	"elements": [
		{
			"name": "right",
			"from": [1.75, -9, 1],
			"to": [11.75, 11, 3],
			"rotation": {"angle": -22.5, "axis": "z", "origin": [11.75, 11, 2]},
			"faces": {
				"north": {"uv": [6, 1, 8.5, 11], "texture": "#0"},
				"east": {"uv": [9, 1, 8.5, 11], "texture": "#0"},
				"south": {"uv": [11.5, 1, 9, 11], "texture": "#0"},
				"west": {"uv": [6, 1, 5.5, 11], "texture": "#0"},
				"up": {"uv": [6, 1, 8.5, 0], "texture": "#0"},
				"down": {"uv": [8.5, 0, 11, 1], "texture": "#0"}
			}
		},
		{
			"name": "left",
			"from": [9.75, -9, 1],
			"to": [19.75, 11, 3],
			"rotation": {"angle": 22.5, "axis": "z", "origin": [9.75, 11, 2]},
			"faces": {
				"north": {"uv": [8.5, 1, 6, 11], "texture": "#0"},
				"east": {"uv": [5.5, 1, 6, 11], "texture": "#0"},
				"south": {"uv": [9, 1, 11.5, 11], "texture": "#0"},
				"west": {"uv": [8.5, 1, 9, 11], "texture": "#0"},
				"up": {"uv": [8.5, 1, 6, 0], "texture": "#0"},
				"down": {"uv": [11, 0, 8.5, 1], "texture": "#0"}
			}
		},
		{
			"name": "right",
			"from": [1.75, -9, 3],
			"to": [11.75, 11, 3],
			"rotation": {"angle": -22.5, "axis": "z", "origin": [11.75, 11, 4]},
			"faces": {
				"north": {"uv": [9, 1, 11.5, 11], "texture": "#0"},
				"east": {"uv": [8.5, 1, 9, 11], "texture": "#0"},
				"south": {"uv": [8.5, 1, 6, 11], "texture": "#0"},
				"west": {"uv": [5.5, 1, 6, 11], "texture": "#0"},
				"up": {"uv": [6, 0, 8.5, 1], "texture": "#0"},
				"down": {"uv": [8.5, 1, 11, 0], "texture": "#0"}
			}
		},
		{
			"name": "left",
			"from": [9.75, -9, 3],
			"to": [19.75, 11, 3],
			"rotation": {"angle": 22.5, "axis": "z", "origin": [9.75, 11, 4]},
			"faces": {
				"north": {"uv": [11.5, 1, 9, 11], "texture": "#0"},
				"east": {"uv": [6, 1, 5.5, 11], "texture": "#0"},
				"south": {"uv": [6, 1, 8.5, 11], "texture": "#0"},
				"west": {"uv": [9, 1, 8.5, 11], "texture": "#0"},
				"up": {"uv": [8.5, 0, 6, 1], "texture": "#0"},
				"down": {"uv": [11, 1, 8.5, 0], "texture": "#0"}
			}
		}
	],
	"groups": [
		{
			"name": "wingsflying",
			"origin": [11.75, 16, 11],
			"color": 0,
			"children": [0, 1]
		},
		{
			"name": "wingsflying",
			"origin": [11.75, 16, 11],
			"color": 0,
			"children": [2, 3]
		}
	]
}