{
	"credit": "Made with Blockbench",
	"texture_size": [32, 32],
	"textures": {
		"0": "eroxen:item/lights_out_trophy"
	},
	"elements": [
		{
			"from": [1, 0, 3],
			"to": [15, 2, 13],
			"faces": {
				"north": {"uv": [9, 10, 16, 11], "texture": "#0"},
				"east": {"uv": [4, 15, 9, 16], "texture": "#0"},
				"south": {"uv": [9, 10, 16, 11], "texture": "#0"},
				"west": {"uv": [4, 15, 9, 16], "texture": "#0"},
				"up": {"uv": [9, 11, 16, 16], "texture": "#0"},
				"down": {"uv": [9, 11, 16, 16], "texture": "#0"}
			}
		},
		{
			"from": [10, 2, 7],
			"to": [12, 3, 9],
			"faces": {
				"north": {"uv": [12, 1.5, 13, 2], "texture": "#0"},
				"east": {"uv": [10, 1.5, 11, 2], "texture": "#0"},
				"south": {"uv": [13, 1.5, 14, 2], "texture": "#0"},
				"west": {"uv": [11, 1.5, 12, 2], "texture": "#0"}
			}
		},
		{
			"from": [9, 3, 6],
			"to": [13, 7, 10],
			"faces": {
				"north": {"uv": [10, 2, 12, 4], "texture": "#0"},
				"east": {"uv": [8, 2, 10, 4], "texture": "#0"},
				"south": {"uv": [14, 2, 16, 4], "texture": "#0"},
				"west": {"uv": [12, 2, 14, 4], "texture": "#0"},
				"down": {"uv": [10, 0, 8, 2], "texture": "#0"}
			}
		},
		{
			"from": [7, 7, 4],
			"to": [15, 15, 12],
			"faces": {
				"north": {"uv": [4, 4, 8, 8], "texture": "#0"},
				"east": {"uv": [0, 4, 4, 8], "texture": "#0"},
				"south": {"uv": [12, 4, 16, 8], "texture": "#0"},
				"west": {"uv": [8, 4, 12, 8], "texture": "#0"},
				"up": {"uv": [8, 4, 4, 0], "texture": "#0"},
				"down": {"uv": [4, 0, 0, 4], "texture": "#0"}
			}
		},
		{
			"from": [2, 13, 6],
			"to": [8, 17, 10],
			"rotation": {"angle": -22.5, "axis": "z", "origin": [5, 15, 8]},
			"faces": {
				"north": {"uv": [0, 8, 3, 10], "texture": "#0"},
				"east": {"uv": [6, 8, 8, 10], "texture": "#0"},
				"south": {"uv": [10, 8, 13, 10], "texture": "#0"},
				"west": {"uv": [8, 8, 10, 10], "texture": "#0"},
				"up": {"uv": [16, 10, 13, 8], "texture": "#0"},
				"down": {"uv": [6, 8, 3, 10], "texture": "#0"}
			}
		},
		{
			"from": [4, 6, 7],
			"to": [6, 18, 9],
			"rotation": {"angle": -22.5, "axis": "z", "origin": [5, 15, 8]},
			"faces": {
				"north": {"uv": [1, 10, 2, 16], "texture": "#0"},
				"east": {"uv": [0, 10, 1, 16], "texture": "#0"},
				"south": {"uv": [2, 10, 3, 16], "texture": "#0"},
				"west": {"uv": [3, 10, 4, 16], "texture": "#0"},
				"up": {"uv": [5, 11, 4, 10], "texture": "#0"},
				"down": {"uv": [5, 11, 4, 12], "texture": "#0"}
			}
		}
	],
	"gui_light": "front",
	"display": {
		"thirdperson_righthand": {
			"rotation": [75, 45, 0],
			"translation": [0, 2.5, 0],
			"scale": [0.375, 0.375, 0.375]
		},
		"thirdperson_lefthand": {
			"rotation": [75, 45, 0],
			"translation": [0, 2.5, 0],
			"scale": [0.375, 0.375, 0.375]
		},
		"firstperson_righthand": {
			"rotation": [0, 45, 0],
			"scale": [0.4, 0.4, 0.4]
		},
		"firstperson_lefthand": {
			"rotation": [0, 225, 0],
			"scale": [0.4, 0.4, 0.4]
		},
		"ground": {
			"translation": [0, 3, 0],
			"scale": [0.25, 0.25, 0.25]
		},
		"gui": {
			"rotation": [15, -201, 0],
			"translation": [0, 0, 0],
			"scale": [0.9, 0.9, 0.9]
		},
		"head": {
			"translation": [-5, -4.75, 0],
			"scale": [1.65, 1.65, 1.65]
		},
		"fixed": {
			"rotation": [-90, 0, 0],
			"translation": [0, 0, -15],
			"scale": [2, 2, 2]
		}
	}
}