{
	"credit": "Made with Blockbench",
	"texture_size": [64, 64],
	"textures": {
		"0": "eroxen:item/mcpaint_studio_background",
		"1": "eroxen:item/mcpaint_studio_border"
	},
	"elements": [
		{
			"from": [-5, -2.5, 11.375],
			"to": [-4, 8.5, 12.375],
			"rotation": {"angle": 0, "axis": "y", "origin": [4, 0, 4]},
			"faces": {
				"north": {"uv": [13.5, 10.5, 14, 16], "texture": "#1"},
				"east": {"uv": [13.5, 10.5, 14, 16], "texture": "#1"},
				"south": {"uv": [13.5, 10.5, 14, 16], "texture": "#1"},
				"west": {"uv": [13.5, 10.5, 14, 16], "texture": "#1"},
				"up": {"uv": [14, 2.5, 13.5, 2], "texture": "#1"},
				"down": {"uv": [14.5, 2, 14, 2.5], "texture": "#1"}
			}
		},
		{
			"from": [3, -2.5, 11.375],
			"to": [4, 0, 12.375],
			"rotation": {"angle": 0, "axis": "y", "origin": [4, 0, 4]},
			"faces": {
				"north": {"uv": [13.5, 14.75, 14, 16], "texture": "#1"},
				"east": {"uv": [13.5, 14.75, 14, 16], "texture": "#1"},
				"south": {"uv": [13.5, 14.75, 14, 16], "texture": "#1"},
				"west": {"uv": [13.5, 14.75, 14, 16], "texture": "#1"},
				"up": {"uv": [14, 2.5, 13.5, 2], "texture": "#1"},
				"down": {"uv": [14.5, 2, 14, 2.5], "texture": "#1"}
			}
		},
		{
			"from": [12, -2.5, 11.375],
			"to": [13, 8.5, 12.375],
			"rotation": {"angle": 0, "axis": "y", "origin": [4, 0, 4]},
			"faces": {
				"north": {"uv": [13.5, 10.5, 14, 16], "texture": "#1"},
				"east": {"uv": [13.5, 10.5, 14, 16], "texture": "#1"},
				"south": {"uv": [13.5, 10.5, 14, 16], "texture": "#1"},
				"west": {"uv": [13.5, 10.5, 14, 16], "texture": "#1"},
				"up": {"uv": [14, 2.5, 13.5, 2], "texture": "#1"},
				"down": {"uv": [14.5, 2, 14, 2.5], "texture": "#1"}
			}
		},
		{
			"from": [3.5, -2, 9.5],
			"to": [12.5, -1.5, 12],
			"rotation": {"angle": 0, "axis": "y", "origin": [4, 0, 4]},
			"faces": {
				"north": {"uv": [1.25, 15.75, 5.75, 16], "texture": "#1"},
				"east": {"uv": [0, 15.75, 1.25, 16], "texture": "#1"},
				"south": {"uv": [7, 15.75, 11.5, 16], "texture": "#1"},
				"west": {"uv": [5.75, 15.75, 7, 16], "texture": "#1"},
				"up": {"uv": [5.75, 15.75, 1.25, 14.5], "texture": "#1"},
				"down": {"uv": [10.25, 14.5, 5.75, 15.75], "texture": "#1"}
			}
		},
		{
			"from": [3.5, -2, 9],
			"to": [12.5, -1, 9.5],
			"rotation": {"angle": 0, "axis": "y", "origin": [4, 0, 4]},
			"faces": {
				"north": {"uv": [0.25, 14, 4.75, 14.5], "texture": "#1"},
				"east": {"uv": [0, 14, 0.25, 14.5], "texture": "#1"},
				"south": {"uv": [5, 14, 9.5, 14.5], "texture": "#1"},
				"west": {"uv": [4.75, 14, 5, 14.5], "texture": "#1"},
				"up": {"uv": [4.75, 14, 0.25, 13.75], "texture": "#1"},
				"down": {"uv": [9.25, 13.75, 4.75, 14], "texture": "#1"}
			}
		},
		{
			"from": [10, -1.5, 9.75],
			"to": [11.5, -0.5, 11.25],
			"rotation": {"angle": 22.5, "axis": "y", "origin": [10.75, -1, 10.5]},
			"faces": {
				"north": {"uv": [2.75, 13.25, 3.5, 13.75], "texture": "#1"},
				"east": {"uv": [2, 13.25, 2.75, 13.75], "texture": "#1"},
				"south": {"uv": [4.25, 13.25, 5, 13.75], "texture": "#1"},
				"west": {"uv": [3.5, 13.25, 4.25, 13.75], "texture": "#1"},
				"up": {"uv": [3.5, 13.25, 2.75, 12.5], "texture": "#1"},
				"down": {"uv": [4.25, 12.5, 3.5, 13.25], "texture": "#1"}
			}
		},
		{
			"from": [10.25, -0.625, 10],
			"to": [11.25, -0.125, 11],
			"rotation": {"angle": 22.5, "axis": "y", "origin": [10.75, -1, 10.5]},
			"faces": {
				"north": {"uv": [0.5, 13.5, 1, 13.75], "texture": "#1"},
				"east": {"uv": [0, 13.5, 0.5, 13.75], "texture": "#1"},
				"south": {"uv": [1.5, 13.5, 2, 13.75], "texture": "#1"},
				"west": {"uv": [1, 13.5, 1.5, 13.75], "texture": "#1"},
				"up": {"uv": [1, 13.5, 0.5, 13], "texture": "#1"},
				"down": {"uv": [1.5, 13, 1, 13.5], "texture": "#1"}
			}
		},
		{
			"from": [4.5, -1.5, 9.75],
			"to": [7.5, -1, 11.25],
			"rotation": {"angle": 0, "axis": "y", "origin": [4, 0, 4]},
			"faces": {
				"north": {"uv": [5.75, 13.5, 7.25, 13.75], "texture": "#1"},
				"east": {"uv": [5, 13.5, 5.75, 13.75], "texture": "#1"},
				"south": {"uv": [8, 13.5, 9.5, 13.75], "texture": "#1"},
				"west": {"uv": [7.25, 13.5, 8, 13.75], "texture": "#1"},
				"up": {"uv": [7.25, 13.5, 5.75, 12.75], "texture": "#1"},
				"down": {"uv": [8.75, 12.75, 7.25, 13.5], "texture": "#1"}
			}
		},
		{
			"from": [-4, -1.5, 11.375],
			"to": [3, -0.5, 12.375],
			"faces": {
				"north": {"uv": [0, 11.5, 3.5, 12], "texture": "#1"},
				"south": {"uv": [0, 11.5, 3.5, 12], "texture": "#1"},
				"up": {"uv": [0, 11, 3.5, 11.5], "texture": "#1"},
				"down": {"uv": [0, 12, 3.5, 12.5], "texture": "#1"}
			}
		},
		{
			"from": [-4, 0, 11.75],
			"to": [12, 8, 12.25],
			"rotation": {"angle": 0, "axis": "y", "origin": [4, 4, 4]},
			"faces": {
				"north": {"uv": [0, 0, 16, 8], "texture": "#0"},
				"east": {"uv": [0, 8, 0.5, 16], "texture": "#0"},
				"south": {"uv": [0, 8, 16, 16], "texture": "#0"},
				"west": {"uv": [15.5, 8, 16, 16], "texture": "#0"},
				"up": {"uv": [0, 8, 16, 8.5], "texture": "#0"},
				"down": {"uv": [0, 15.5, 16, 16], "texture": "#0"}
			}
		}
	],
	"groups": [
		0,
		1,
		2,
		3,
		4,
		5,
		6,
		7,
		8,
		{
			"name": "2x1",
			"origin": [8, 8, 8],
			"color": 0,
			"nbt": "{}",
			"children": [9]
		}
	]
}