{
	"credit": "Made by Neylz with BlockBench",
	"texture_size": [512, 512],
	"textures": {
		"0": "neylz:item/seahorse/material",
		"4": "neylz:item/seahorse/trims"
	},
	"elements": [
		{
			"name": "base_plank",
			"from": [5.8, 1.6, 3.575],
			"to": [10.2, 2.2, 12.8],
			"rotation": {"angle": 0, "axis": "y", "origin": [8, -1.7, 8]},
			"faces": {
				"north": {"uv": [8.90625, 9.0625, 10.28125, 9.25], "texture": "#0"},
				"east": {"uv": [10.1875, 7.71875, 7.3125, 7.90625], "texture": "#0"},
				"south": {"uv": [0, 9.21875, 1.375, 9.40625], "texture": "#0"},
				"west": {"uv": [7.3125, 7.71875, 10.1875, 7.90625], "texture": "#0"},
				"up": {"uv": [6.5625, 6.25, 5.1875, 3.375], "texture": "#0"},
				"down": {"uv": [5.1875, 3.375, 6.5625, 6.25], "texture": "#0"}
			}
		},
		{
			"name": "base_side",
			"from": [5.7, 2.1825, 3.55],
			"to": [6, 1.6625, 12.825],
			"rotation": {"angle": 0, "axis": "y", "origin": [8, -1.7, 8]},
			"faces": {
				"up": {"uv": [5.1875, 0.46875, 5.28125, 3.34375], "texture": "#0"},
				"down": {"uv": [5.28125, 3.34375, 5.1875, 0.46875], "texture": "#0"}
			}
		},
		{
			"name": "base_side",
			"from": [5.7, 1.36, 3.55],
			"to": [6, 2.585, 12.825],
			"rotation": {"angle": 0, "axis": "y", "origin": [8, -1.7, 8]},
			"faces": {
				"north": {"uv": [5.84375, 3.34375, 5.9375, 2.96875], "texture": "#0"},
				"east": {"uv": [5.625, 0.46875, 5.3125, 3.34375], "rotation": 90, "texture": "#0"},
				"south": {"uv": [5.8125, 3.34375, 5.71875, 2.96875], "texture": "#0"},
				"west": {"uv": [5.3125, 3.34375, 5.6875, 0.46875], "rotation": 90, "texture": "#0"},
				"up": {"uv": [5.1875, 0.46875, 5.28125, 3.34375], "texture": "#0"},
				"down": {"uv": [5.28125, 3.34375, 5.1875, 0.46875], "texture": "#0"}
			}
		},
		{
			"name": "base_side",
			"from": [10, 1.36, 3.55],
			"to": [10.3, 2.585, 12.825],
			"rotation": {"angle": 0, "axis": "y", "origin": [8, -1.7, 8]},
			"faces": {
				"north": {"uv": [5.9375, 3.34375, 5.84375, 2.96875], "texture": "#0"},
				"east": {"uv": [5.3125, 0.46875, 5.6875, 3.34375], "rotation": 90, "texture": "#0"},
				"south": {"uv": [5.71875, 3.34375, 5.8125, 2.96875], "texture": "#0"},
				"west": {"uv": [5.625, 3.34375, 5.3125, 0.46875], "rotation": 90, "texture": "#0"},
				"up": {"uv": [5.28125, 0.46875, 5.1875, 3.34375], "texture": "#0"},
				"down": {"uv": [5.1875, 3.34375, 5.28125, 0.46875], "texture": "#0"}
			}
		},
		{
			"name": "base_side",
			"from": [10, 2.1825, 3.55],
			"to": [10.3, 1.6625, 12.825],
			"rotation": {"angle": 0, "axis": "y", "origin": [8, -1.7, 8]},
			"faces": {
				"up": {"uv": [5.28125, 0.46875, 5.1875, 3.34375], "texture": "#0"},
				"down": {"uv": [5.1875, 3.34375, 5.28125, 0.46875], "texture": "#0"}
			}
		},
		{
			"name": "pole_clockwork",
			"from": [6.55, 2.2, 6.9],
			"to": [8.35, 4, 6.9],
			"rotation": {"angle": 45, "axis": "y", "origin": [8.05, 3, 6.9]},
			"faces": {
				"north": {"uv": [4.21875, 10.78125, 3.65625, 11.34375], "texture": "#0"},
				"south": {"uv": [3.65625, 10.78125, 4.21875, 11.34375], "texture": "#0"}
			}
		},
		{
			"name": "pole_clockwork",
			"from": [7.65, 2.2, 6.9],
			"to": [9.45, 4, 6.9],
			"rotation": {"angle": -45, "axis": "y", "origin": [7.95, 3, 6.9]},
			"faces": {
				"north": {"uv": [3.65625, 10.78125, 4.21875, 11.34375], "texture": "#0"},
				"south": {"uv": [4.21875, 10.78125, 3.65625, 11.34375], "texture": "#0"}
			}
		},
		{
			"name": "backside_clockwork",
			"from": [6.69, -0.5, 9.6],
			"to": [6.69, 0.95, 12.7],
			"rotation": {"angle": 0, "axis": "y", "origin": [6.35, 1.4, 10.9]},
			"faces": {
				"east": {"uv": [3.125, 11.375, 4.15625, 10.84375], "texture": "#0"},
				"west": {"uv": [4.125, 11.28125, 3.15625, 10.84375], "texture": "#0"}
			}
		},
		{
			"name": "backside_clockwork",
			"from": [6.6, -0.5, 9.6],
			"to": [6.6, 0.95, 12.7],
			"rotation": {"angle": 0, "axis": "y", "origin": [6.3, 1.4, 10.9]},
			"faces": {
				"east": {"uv": [3.125, 11.375, 4.15625, 10.84375], "texture": "#0"},
				"west": {"uv": [4.125, 11.28125, 3.15625, 10.84375], "texture": "#0"}
			}
		},
		{
			"name": "backside_clockwork",
			"from": [9.4, -0.5, 9.6],
			"to": [9.4, 0.95, 12.7],
			"rotation": {"angle": 0, "axis": "y", "origin": [9.7, 1.4, 10.9]},
			"faces": {
				"east": {"uv": [3.15625, 11.28125, 4.125, 10.84375], "texture": "#0"},
				"west": {"uv": [4.15625, 11.375, 3.125, 10.84375], "texture": "#0"}
			}
		},
		{
			"name": "backside_clockwork",
			"from": [9.31, -0.5, 9.6],
			"to": [9.31, 0.95, 12.7],
			"rotation": {"angle": 0, "axis": "y", "origin": [9.65, 1.4, 10.9]},
			"faces": {
				"east": {"uv": [3.15625, 11.28125, 4.125, 10.84375], "texture": "#0"},
				"west": {"uv": [4.15625, 11.375, 3.125, 10.84375], "texture": "#0"}
			}
		},
		{
			"name": "frontal_clockwork",
			"from": [9.325, 0.2, 2.9],
			"to": [9.325, 2.15, 5.8],
			"rotation": {"angle": 0, "axis": "y", "origin": [9.475, 2.1, 3]},
			"faces": {
				"east": {"uv": [3.25, 11.45313, 4.15625, 10.84375], "texture": "#0"},
				"west": {"uv": [4.15625, 11.45313, 3.25, 10.84375], "texture": "#0"}
			}
		},
		{
			"name": "frontal_clockwork",
			"from": [6.675, 0.2, 2.9],
			"to": [6.675, 2.15, 5.8],
			"rotation": {"angle": 0, "axis": "y", "origin": [6.525, 2.1, 3]},
			"faces": {
				"east": {"uv": [3.25, 11.45313, 4.15625, 10.84375], "texture": "#0"},
				"west": {"uv": [4.15625, 11.45313, 3.25, 10.84375], "texture": "#0"}
			}
		},
		{
			"name": "idol_wing",
			"from": [8.4364, 14.25, 8.5],
			"to": [9.3364, 15.25, 8.5],
			"rotation": {"angle": -45, "axis": "y", "origin": [8.4364, 14.6, 8.5]},
			"faces": {
				"north": {"uv": [11.21875, 5.21875, 10.9375, 5.53125], "texture": "#0"},
				"south": {"uv": [10.9375, 5.21875, 11.21875, 5.53125], "texture": "#0"}
			}
		},
		{
			"name": "idol_wing",
			"from": [6.6636, 14.25, 8.5],
			"to": [7.5636, 15.25, 8.5],
			"rotation": {"angle": 45, "axis": "y", "origin": [7.5636, 14.6, 8.5]},
			"faces": {
				"north": {"uv": [10.9375, 5.21875, 11.21875, 5.53125], "texture": "#0"},
				"south": {"uv": [11.21875, 5.21875, 10.9375, 5.53125], "texture": "#0"}
			}
		},
		{
			"name": "idol",
			"from": [7.55, 14.1, 8.5],
			"to": [8.45, 15, 8.7],
			"rotation": {"angle": 45, "axis": "z", "origin": [8, 14.55, 8.6]},
			"faces": {
				"north": {"uv": [0.1875, 10.3125, 0.46875, 10.59375], "texture": "#0"},
				"east": {"uv": [0.5625, 10.3125, 0.59375, 10.59375], "texture": "#0"},
				"south": {"uv": [0.46875, 10.3125, 0.1875, 10.59375], "texture": "#0"},
				"west": {"uv": [0.5, 10.3125, 0.53125, 10.59375], "texture": "#0"},
				"up": {"uv": [0.5625, 10.3125, 0.59375, 10.59375], "rotation": 90, "texture": "#0"},
				"down": {"uv": [0.53125, 10.3125, 0.5, 10.59375], "rotation": 90, "texture": "#0"}
			}
		},
		{
			"name": "idol_outline",
			"from": [8.5, 15.05, 8.75],
			"to": [7.5, 14.05, 8.45],
			"rotation": {"angle": 45, "axis": "z", "origin": [8, 14.55, 8.6]},
			"faces": {
				"north": {"uv": [10.9375, 5.21875, 10.96875, 5.25], "texture": "#0"},
				"east": {"uv": [10.9375, 5.21875, 10.96875, 5.25], "texture": "#0"},
				"south": {"uv": [10.9375, 5.21875, 10.96875, 5.25], "texture": "#0"},
				"west": {"uv": [10.9375, 5.21875, 10.96875, 5.25], "texture": "#0"},
				"up": {"uv": [10.9375, 5.21875, 10.96875, 5.25], "texture": "#0"},
				"down": {"uv": [10.9375, 5.21875, 10.96875, 5.25], "texture": "#0"}
			}
		},
		{
			"name": "sailer_support",
			"from": [7.8, 2.2, 8.4],
			"to": [8.2, 5.4, 8.8],
			"rotation": {"angle": 0, "axis": "y", "origin": [8, -1.7, 8.4]},
			"faces": {
				"north": {"uv": [3.5, 9.65625, 3.625, 10.65625], "texture": "#0"},
				"east": {"uv": [3.5, 9.65625, 3.625, 10.65625], "texture": "#0"},
				"south": {"uv": [3.5, 9.65625, 3.625, 10.65625], "texture": "#0"},
				"west": {"uv": [3.5, 9.65625, 3.625, 10.65625], "texture": "#0"},
				"up": {"uv": [4.875, 10.46875, 4.75, 10.34375], "texture": "#0"},
				"down": {"uv": [7.875, 10.34375, 7.75, 10.46875], "texture": "#0"}
			}
		},
		{
			"name": "sailer_support",
			"from": [6.8, 2.2, 8.6],
			"to": [9.2, 3.5, 8.6],
			"rotation": {"angle": 45, "axis": "y", "origin": [8, 3, 8.6]},
			"faces": {
				"north": {"uv": [3.65625, 10.34375, 4.40625, 10.75], "texture": "#0"},
				"south": {"uv": [4.40625, 10.34375, 3.65625, 10.75], "texture": "#0"}
			}
		},
		{
			"name": "sailer_support",
			"from": [6.8, 2.2, 8.6],
			"to": [9.2, 3.5, 8.6],
			"rotation": {"angle": -45, "axis": "y", "origin": [8, 3, 8.6]},
			"faces": {
				"north": {"uv": [4.40625, 10.34375, 3.65625, 10.75], "texture": "#0"},
				"south": {"uv": [3.65625, 10.34375, 4.40625, 10.75], "texture": "#0"}
			}
		},
		{
			"name": "lit_torch_outline",
			"from": [8.3, 5.8, 9.2],
			"to": [7.7, 4.8, 8.6],
			"rotation": {"angle": 45, "axis": "x", "origin": [8, 4.3, 8.9]},
			"faces": {
				"north": {"uv": [11.21875, 2.4375, 11.40625, 2.75], "rotation": 180, "texture": "#0"},
				"east": {"uv": [11.21875, 2.4375, 11.40625, 2.75], "rotation": 180, "texture": "#0"},
				"south": {"uv": [11.4375, 2.65625, 11.625, 2.96875], "rotation": 180, "texture": "#0"},
				"west": {"uv": [11.21875, 2.4375, 11.40625, 2.75], "rotation": 180, "texture": "#0"},
				"up": {"uv": [11.4375, 2.4375, 11.625, 2.625], "rotation": 180, "texture": "#0"}
			}
		},
		{
			"name": "sailer_support_handle",
			"from": [6.1, 3.9, 8.53],
			"to": [9.9, 4.7, 8.53],
			"rotation": {"angle": 0, "axis": "y", "origin": [8, -1.5, 8.33]},
			"faces": {
				"north": {"uv": [10.25, 1.59375, 11.4375, 1.84375], "texture": "#0"},
				"south": {"uv": [11.4375, 1.59375, 10.25, 1.84375], "texture": "#0"}
			}
		},
		{
			"name": "sailer_support",
			"from": [8, 9.8, 8.455],
			"to": [8, 10.6, 9.255],
			"rotation": {"angle": 0, "axis": "y", "origin": [8, 10.2, 8.405]},
			"faces": {
				"east": {"uv": [10.5625, 1.59375, 10.8125, 1.84375], "texture": "#0"}
			}
		},
		{
			"name": "loft_plank_support",
			"from": [6.5, 9.8, 8.605],
			"to": [9.5, 10.6, 8.605],
			"rotation": {"angle": 0, "axis": "y", "origin": [8, -1.5, 8.33]},
			"faces": {
				"north": {"uv": [10.46875, 1.21875, 11.40625, 1.46875], "texture": "#0"},
				"south": {"uv": [11.40625, 1.21875, 10.46875, 1.46875], "texture": "#0"}
			}
		},
		{
			"name": "loft_plank_deco",
			"from": [6.6, 9.1, 9.205],
			"to": [9.3, 10.6, 9.205],
			"rotation": {"angle": 0, "axis": "y", "origin": [7.95, -1.5, 8.73]},
			"faces": {
				"north": {"uv": [10.25, 2.4375, 11.125, 2.90625], "texture": "#0"},
				"south": {"uv": [11.125, 2.4375, 10.25, 2.90625], "texture": "#0"}
			}
		},
		{
			"name": "lit_torch",
			"from": [7.7, 4.8, 8.6],
			"to": [8.3, 5.8, 9.2],
			"rotation": {"angle": 45, "axis": "x", "origin": [8, 4.3, 8.9]},
			"faces": {
				"north": {"uv": [11.4375, 2.65625, 11.625, 2.96875], "texture": "#0"},
				"east": {"uv": [11.21875, 2.4375, 11.40625, 2.75], "texture": "#0"},
				"south": {"uv": [11.21875, 2.4375, 11.40625, 2.75], "texture": "#0"},
				"west": {"uv": [11.21875, 2.4375, 11.40625, 2.75], "texture": "#0"},
				"down": {"uv": [11.4375, 2.4375, 11.625, 2.625], "texture": "#0"}
			}
		},
		{
			"name": "lit_torch_flame",
			"from": [7.7, 4.8, 8.9],
			"to": [8.3, 6, 8.9],
			"rotation": {"angle": 45, "axis": "x", "origin": [8, 4.3, 8.9]},
			"faces": {
				"north": {"uv": [11.8125, 2.4375, 12, 2.8125], "texture": "#0"},
				"south": {"uv": [11.8125, 2.4375, 12, 2.8125], "texture": "#0"}
			}
		},
		{
			"name": "lit_torch_flame",
			"from": [7.7, 4.8, 8.9],
			"to": [8.3, 6, 8.9],
			"rotation": {"angle": 45, "axis": "x", "origin": [8, 4.3, 8.9]},
			"faces": {
				"north": {"uv": [11.8125, 2.4375, 12, 2.8125], "texture": "#0"},
				"south": {"uv": [11.8125, 2.4375, 12, 2.8125], "texture": "#0"}
			}
		},
		{
			"name": "lit_torch",
			"from": [7.9, 4, 8.8],
			"to": [8.1, 4.8, 9],
			"rotation": {"angle": 45, "axis": "x", "origin": [8, 4.3, 8.9]},
			"faces": {
				"north": {"uv": [11.1875, 2.4375, 11.125, 2.6875], "texture": "#0"},
				"east": {"uv": [11.125, 2.4375, 11.1875, 2.6875], "texture": "#0"},
				"south": {"uv": [11.1875, 2.4375, 11.125, 2.6875], "texture": "#0"},
				"west": {"uv": [11.125, 2.4375, 11.1875, 2.6875], "texture": "#0"}
			}
		},
		{
			"name": "lit_torch_handle",
			"from": [7.8975, 4.45, 8.98],
			"to": [8.1075, 5.05, 9.18],
			"rotation": {"angle": 45, "axis": "x", "origin": [8, 4.8, 8.9]},
			"faces": {
				"north": {"uv": [11.71875, 2.4375, 11.65625, 2.625], "texture": "#0"},
				"east": {"uv": [11.65625, 2.4375, 11.71875, 2.625], "texture": "#0"},
				"south": {"uv": [11.71875, 2.4375, 11.65625, 2.625], "texture": "#0"},
				"west": {"uv": [11.65625, 2.4375, 11.71875, 2.625], "texture": "#0"}
			}
		},
		{
			"name": "tnt",
			"from": [6.3682, 2.25, 6.16689],
			"to": [6.9682, 2.85, 6.76689],
			"rotation": {"angle": 22.5, "axis": "y", "origin": [6.6682, 2.55, 6.46689]},
			"faces": {
				"north": {"uv": [10.53125, 4.34375, 10.84375, 4.65625], "texture": "#0"},
				"east": {"uv": [10.53125, 4.34375, 10.84375, 4.65625], "texture": "#0"},
				"south": {"uv": [10.53125, 4.34375, 10.84375, 4.65625], "texture": "#0"},
				"west": {"uv": [10.53125, 4.34375, 10.84375, 4.65625], "texture": "#0"},
				"up": {"uv": [10.875, 4.34375, 11.1875, 4.65625], "texture": "#0"},
				"down": {"uv": [10.53125, 4.6875, 10.84375, 5], "texture": "#0"}
			}
		},
		{
			"name": "tnt_fuse (non vanilla)",
			"from": [6.6682, 2.85, 6.43189],
			"to": [6.6682, 3.125, 6.63189],
			"rotation": {"angle": 22.5, "axis": "x", "origin": [6.6682, 2.8875, 6.43189]},
			"faces": {
				"east": {"uv": [11.34375, 4.53125, 11.25, 4.65625], "texture": "#0"},
				"west": {"uv": [11.25, 4.53125, 11.34375, 4.65625], "texture": "#0"}
			}
		},
		{
			"name": "tnt_outline",
			"from": [7.01195, 2.89375, 6.81064],
			"to": [6.32445, 2.20625, 6.12314],
			"rotation": {"angle": 22.5, "axis": "y", "origin": [6.6682, 2.55, 6.46689]},
			"faces": {
				"north": {"uv": [10.875, 4.6875, 11.1875, 5], "rotation": 180, "texture": "#0"},
				"east": {"uv": [10.875, 4.6875, 11.1875, 5], "rotation": 180, "texture": "#0"},
				"south": {"uv": [10.875, 4.6875, 11.1875, 5], "rotation": 180, "texture": "#0"},
				"west": {"uv": [10.875, 4.6875, 11.1875, 5], "rotation": 180, "texture": "#0"},
				"up": {"uv": [10.875, 4.96875, 11.1875, 5], "rotation": 180, "texture": "#0"},
				"down": {"uv": [10.875, 4.6875, 11.1875, 4.71875], "rotation": 180, "texture": "#0"}
			}
		},
		{
			"name": "tnt",
			"from": [6.0982, 2.25, 7.06689],
			"to": [6.6982, 2.85, 7.66689],
			"rotation": {"angle": 45, "axis": "y", "origin": [6.3982, 2.55, 7.36689]},
			"faces": {
				"north": {"uv": [10.53125, 4.34375, 10.84375, 4.65625], "texture": "#0"},
				"east": {"uv": [10.53125, 4.34375, 10.84375, 4.65625], "texture": "#0"},
				"south": {"uv": [10.53125, 4.34375, 10.84375, 4.65625], "texture": "#0"},
				"west": {"uv": [10.53125, 4.34375, 10.84375, 4.65625], "texture": "#0"},
				"up": {"uv": [10.875, 4.34375, 11.1875, 4.65625], "texture": "#0"},
				"down": {"uv": [10.53125, 4.6875, 10.84375, 5], "texture": "#0"}
			}
		},
		{
			"name": "tnt_outline",
			"from": [6.74195, 2.89375, 7.71064],
			"to": [6.05445, 2.20625, 7.02314],
			"rotation": {"angle": 45, "axis": "y", "origin": [6.3982, 2.55, 7.36689]},
			"faces": {
				"north": {"uv": [10.875, 4.6875, 11.1875, 5], "rotation": 180, "texture": "#0"},
				"east": {"uv": [10.875, 4.6875, 11.1875, 5], "rotation": 180, "texture": "#0"},
				"south": {"uv": [10.875, 4.6875, 11.1875, 5], "rotation": 180, "texture": "#0"},
				"west": {"uv": [10.875, 4.6875, 11.1875, 5], "rotation": 180, "texture": "#0"},
				"up": {"uv": [10.875, 4.96875, 11.1875, 5], "rotation": 180, "texture": "#0"},
				"down": {"uv": [10.875, 4.6875, 11.1875, 4.71875], "rotation": 180, "texture": "#0"}
			}
		},
		{
			"name": "tnt_fuse",
			"from": [6.3982, 2.85, 7.33189],
			"to": [6.3982, 3.125, 7.53189],
			"rotation": {"angle": 22.5, "axis": "y", "origin": [6.3982, 2.8875, 7.33189]},
			"faces": {
				"east": {"uv": [11.34375, 4.53125, 11.25, 4.65625], "texture": "#0"},
				"west": {"uv": [11.25, 4.53125, 11.34375, 4.65625], "texture": "#0"}
			}
		},
		{
			"name": "tnt",
			"from": [9.1682, 2.95, 7.98689],
			"to": [9.7682, 3.55, 8.58689],
			"rotation": {"angle": 0, "axis": "y", "origin": [9.4682, 3.25, 8.28689]},
			"faces": {
				"north": {"uv": [10.53125, 4.34375, 10.84375, 4.65625], "texture": "#0"},
				"east": {"uv": [10.53125, 4.34375, 10.84375, 4.65625], "texture": "#0"},
				"south": {"uv": [10.53125, 4.34375, 10.84375, 4.65625], "texture": "#0"},
				"west": {"uv": [10.53125, 4.34375, 10.84375, 4.65625], "texture": "#0"},
				"up": {"uv": [10.875, 4.34375, 11.1875, 4.65625], "texture": "#0"},
				"down": {"uv": [10.53125, 4.6875, 10.84375, 5], "texture": "#0"}
			}
		},
		{
			"name": "tnt_fuse (non vanilla)",
			"from": [9.4582, 3.55, 8.11189],
			"to": [9.4582, 3.825, 8.31189],
			"rotation": {"angle": 0, "axis": "x", "origin": [9.4682, 3.5475, 8.31189]},
			"faces": {
				"east": {"uv": [11.25, 4.53125, 11.34375, 4.65625], "texture": "#0"},
				"west": {"uv": [11.34375, 4.53125, 11.25, 4.65625], "texture": "#0"}
			}
		},
		{
			"name": "tnt_outline",
			"from": [9.81195, 3.59375, 8.63064],
			"to": [9.12445, 2.90625, 7.94314],
			"rotation": {"angle": 0, "axis": "y", "origin": [9.4682, 3.25, 8.28689]},
			"faces": {
				"north": {"uv": [10.875, 4.6875, 11.1875, 5], "rotation": 180, "texture": "#0"},
				"east": {"uv": [10.875, 4.6875, 11.1875, 5], "rotation": 180, "texture": "#0"},
				"south": {"uv": [10.875, 4.6875, 11.1875, 5], "rotation": 180, "texture": "#0"},
				"west": {"uv": [10.875, 4.6875, 11.1875, 5], "rotation": 180, "texture": "#0"},
				"up": {"uv": [10.875, 4.96875, 11.1875, 5], "rotation": 180, "texture": "#0"},
				"down": {"uv": [10.875, 4.6875, 11.1875, 4.71875], "rotation": 180, "texture": "#0"}
			}
		},
		{
			"name": "tnt_fuse (non vanilla)",
			"from": [9.6082, 2.85, 7.68189],
			"to": [9.6082, 3.125, 7.88189],
			"rotation": {"angle": -22.5, "axis": "x", "origin": [9.6082, 2.8875, 7.88189]},
			"faces": {
				"east": {"uv": [11.25, 4.53125, 11.34375, 4.65625], "texture": "#0"},
				"west": {"uv": [11.34375, 4.53125, 11.25, 4.65625], "texture": "#0"}
			}
		},
		{
			"name": "tnt",
			"from": [9.3082, 2.25, 7.55689],
			"to": [9.9082, 2.85, 8.15689],
			"rotation": {"angle": 22.5, "axis": "y", "origin": [9.6082, 2.55, 7.85689]},
			"faces": {
				"north": {"uv": [10.53125, 4.34375, 10.84375, 4.65625], "texture": "#0"},
				"east": {"uv": [10.53125, 4.34375, 10.84375, 4.65625], "texture": "#0"},
				"south": {"uv": [10.53125, 4.34375, 10.84375, 4.65625], "texture": "#0"},
				"west": {"uv": [10.53125, 4.34375, 10.84375, 4.65625], "texture": "#0"},
				"up": {"uv": [10.875, 4.34375, 11.1875, 4.65625], "texture": "#0"},
				"down": {"uv": [10.53125, 4.6875, 10.84375, 5], "texture": "#0"}
			}
		},
		{
			"name": "tnt_outline",
			"from": [9.95195, 2.89375, 8.20064],
			"to": [9.26445, 2.20625, 7.51314],
			"rotation": {"angle": 22.5, "axis": "y", "origin": [9.6082, 2.55, 7.85689]},
			"faces": {
				"north": {"uv": [10.875, 4.6875, 11.1875, 5], "rotation": 180, "texture": "#0"},
				"east": {"uv": [10.875, 4.6875, 11.1875, 5], "rotation": 180, "texture": "#0"},
				"south": {"uv": [10.875, 4.6875, 11.1875, 5], "rotation": 180, "texture": "#0"},
				"west": {"uv": [10.875, 4.6875, 11.1875, 5], "rotation": 180, "texture": "#0"},
				"up": {"uv": [10.875, 4.96875, 11.1875, 5], "rotation": 180, "texture": "#0"},
				"down": {"uv": [10.875, 4.6875, 11.1875, 4.71875], "rotation": 180, "texture": "#0"}
			}
		},
		{
			"name": "tnt",
			"from": [8.9682, 2.25, 8.36689],
			"to": [9.5682, 2.85, 8.96689],
			"rotation": {"angle": 45, "axis": "y", "origin": [9.2682, 2.55, 8.66689]},
			"faces": {
				"north": {"uv": [10.53125, 4.34375, 10.84375, 4.65625], "texture": "#0"},
				"east": {"uv": [10.53125, 4.34375, 10.84375, 4.65625], "texture": "#0"},
				"south": {"uv": [10.53125, 4.34375, 10.84375, 4.65625], "texture": "#0"},
				"west": {"uv": [10.53125, 4.34375, 10.84375, 4.65625], "texture": "#0"},
				"up": {"uv": [10.875, 4.34375, 11.1875, 4.65625], "texture": "#0"},
				"down": {"uv": [10.53125, 4.6875, 10.84375, 5], "texture": "#0"}
			}
		},
		{
			"name": "tnt_outline",
			"from": [9.61195, 2.89375, 9.01064],
			"to": [8.92445, 2.20625, 8.32314],
			"rotation": {"angle": 45, "axis": "y", "origin": [9.2682, 2.55, 8.66689]},
			"faces": {
				"north": {"uv": [10.875, 4.6875, 11.1875, 5], "rotation": 180, "texture": "#0"},
				"east": {"uv": [10.875, 4.6875, 11.1875, 5], "rotation": 180, "texture": "#0"},
				"south": {"uv": [10.875, 4.6875, 11.1875, 5], "rotation": 180, "texture": "#0"},
				"west": {"uv": [10.875, 4.6875, 11.1875, 5], "rotation": 180, "texture": "#0"},
				"up": {"uv": [10.875, 4.96875, 11.1875, 5], "rotation": 180, "texture": "#0"},
				"down": {"uv": [10.875, 4.6875, 11.1875, 4.71875], "rotation": 180, "texture": "#0"}
			}
		},
		{
			"name": "tnt_fuse",
			"from": [9.5382, 2.85, 8.68189],
			"to": [9.5382, 3.125, 8.88189],
			"rotation": {"angle": -45, "axis": "y", "origin": [9.4682, 3.5475, 8.31189]},
			"faces": {
				"east": {"uv": [11.34375, 4.53125, 11.25, 4.65625], "texture": "#0"},
				"west": {"uv": [11.25, 4.53125, 11.34375, 4.65625], "texture": "#0"}
			}
		},
		{
			"name": "barrel",
			"from": [6.85, 2.2, 6.95],
			"to": [7.55, 3.25, 7.65],
			"rotation": {"angle": -45, "axis": "x", "origin": [7.2, 2.725, 7.3]},
			"faces": {
				"north": {"uv": [0, 8.875, 0.21875, 8.53125], "texture": "#0"},
				"east": {"uv": [0, 8.875, 0.21875, 8.53125], "texture": "#0"},
				"south": {"uv": [0, 8.875, 0.21875, 8.53125], "texture": "#0"},
				"west": {"uv": [0, 8.875, 0.21875, 8.53125], "texture": "#0"},
				"up": {"uv": [0.5, 8.65625, 0.71875, 8.875], "texture": "#0"},
				"down": {"uv": [0.25, 8.65625, 0.46875, 8.875], "texture": "#0"}
			}
		},
		{
			"name": "barrel",
			"from": [8.31, 2.2, 7.55],
			"to": [9.01, 3.25, 8.25],
			"rotation": {"angle": 45, "axis": "y", "origin": [8.66, 2.725, 7.9]},
			"faces": {
				"north": {"uv": [0, 8.53125, 0.21875, 8.875], "texture": "#0"},
				"east": {"uv": [0, 8.53125, 0.21875, 8.875], "texture": "#0"},
				"south": {"uv": [0, 8.53125, 0.21875, 8.875], "texture": "#0"},
				"west": {"uv": [0, 8.53125, 0.21875, 8.875], "texture": "#0"},
				"up": {"uv": [0.25, 8.40625, 0.46875, 8.625], "texture": "#0"},
				"down": {"uv": [0.5, 8.65625, 0.71875, 8.875], "texture": "#0"}
			}
		},
		{
			"name": "barrel",
			"from": [6.35, 2.2, 7.85],
			"to": [7.05, 3.25, 8.55],
			"rotation": {"angle": 22.5, "axis": "y", "origin": [6.7, 2.725, 8.2]},
			"faces": {
				"north": {"uv": [0, 8.53125, 0.21875, 8.875], "texture": "#0"},
				"east": {"uv": [0, 8.53125, 0.21875, 8.875], "texture": "#0"},
				"south": {"uv": [0, 8.53125, 0.21875, 8.875], "texture": "#0"},
				"west": {"uv": [0, 8.53125, 0.21875, 8.875], "texture": "#0"},
				"up": {"uv": [0.25, 8.65625, 0.46875, 8.875], "texture": "#0"},
				"down": {"uv": [0.5, 8.65625, 0.71875, 8.875], "texture": "#0"}
			}
		},
		{
			"name": "barrel",
			"from": [6.75, 2.7, 13.08],
			"to": [7.45, 3.75, 13.78],
			"rotation": {"angle": 22.5, "axis": "y", "origin": [7.1, 3.225, 13.43]},
			"faces": {
				"north": {"uv": [0, 8.53125, 0.21875, 8.875], "texture": "#0"},
				"east": {"uv": [0, 8.53125, 0.21875, 8.875], "texture": "#0"},
				"south": {"uv": [0, 8.53125, 0.21875, 8.875], "texture": "#0"},
				"west": {"uv": [0, 8.53125, 0.21875, 8.875], "texture": "#0"},
				"up": {"uv": [0.25, 8.65625, 0.46875, 8.875], "texture": "#0"},
				"down": {"uv": [0.5, 8.65625, 0.71875, 8.875], "texture": "#0"}
			}
		},
		{
			"name": "arrows",
			"from": [8.11, 3.03, 7.9],
			"to": [9.21, 4.08, 7.9],
			"rotation": {"angle": 45, "axis": "y", "origin": [8.66, 3.555, 7.9]},
			"faces": {
				"north": {"uv": [0, 8.03125, 0.34375, 8.375], "texture": "#0"},
				"south": {"uv": [0, 8.03125, 0.34375, 8.375], "texture": "#0"}
			}
		},
		{
			"name": "arrows",
			"from": [8.11, 3.03, 7.9],
			"to": [9.21, 4.08, 7.9],
			"rotation": {"angle": 45, "axis": "y", "origin": [8.66, 3.555, 7.9]},
			"faces": {
				"north": {"uv": [0, 8.03125, 0.34375, 8.375], "texture": "#0"},
				"south": {"uv": [0, 8.03125, 0.34375, 8.375], "texture": "#0"}
			}
		},
		{
			"name": "hang_lantern",
			"from": [11.08471, 5.3, 10.98208],
			"to": [10.53471, 5, 10.43208],
			"rotation": {"angle": -45, "axis": "y", "origin": [6.60971, 5.45, 10.70708]},
			"faces": {
				"north": {"uv": [7.78125, 10.5, 7.96875, 10.59375], "rotation": 180, "texture": "#0"},
				"east": {"uv": [7.78125, 10.5, 7.96875, 10.59375], "rotation": 180, "texture": "#0"},
				"south": {"uv": [7.78125, 10.5, 7.96875, 10.59375], "rotation": 180, "texture": "#0"},
				"west": {"uv": [7.78125, 10.5, 7.96875, 10.59375], "rotation": 180, "texture": "#0"}
			}
		},
		{
			"name": "hang_lantern",
			"from": [5.46529, 5.3, 10.98208],
			"to": [4.91529, 5, 10.43208],
			"rotation": {"angle": 45, "axis": "y", "origin": [9.39029, 5.45, 10.70708]},
			"faces": {
				"north": {"uv": [7.96875, 10.5, 7.78125, 10.59375], "rotation": 180, "texture": "#0"},
				"east": {"uv": [7.96875, 10.5, 7.78125, 10.59375], "rotation": 180, "texture": "#0"},
				"south": {"uv": [7.96875, 10.5, 7.78125, 10.59375], "rotation": 180, "texture": "#0"},
				"west": {"uv": [7.96875, 10.5, 7.78125, 10.59375], "rotation": 180, "texture": "#0"}
			}
		},
		{
			"name": "back_lantern",
			"from": [6.22044, 4.4, 13.47693],
			"to": [6.62044, 4.9, 13.87693],
			"rotation": {"angle": 45, "axis": "y", "origin": [6.42044, 4.55, 13.67693]},
			"faces": {
				"north": {"uv": [8.21875, 10.34375, 8.34375, 10.5], "texture": "#0"},
				"east": {"uv": [8.21875, 10.34375, 8.34375, 10.5], "texture": "#0"},
				"south": {"uv": [8.21875, 10.34375, 8.34375, 10.5], "texture": "#0"},
				"west": {"uv": [8.21875, 10.34375, 8.34375, 10.5], "texture": "#0"}
			}
		},
		{
			"name": "back_lantern",
			"from": [6.14544, 4.3, 13.40193],
			"to": [6.69544, 4.4, 13.95193],
			"rotation": {"angle": 45, "axis": "y", "origin": [6.42044, 4.55, 13.67693]},
			"faces": {
				"north": {"uv": [8, 10.5, 8.1875, 10.53125], "texture": "#0"},
				"east": {"uv": [8, 10.5, 8.1875, 10.53125], "texture": "#0"},
				"south": {"uv": [8, 10.5, 8.1875, 10.53125], "texture": "#0"},
				"west": {"uv": [8, 10.5, 8.1875, 10.53125], "texture": "#0"},
				"up": {"uv": [8.1875, 10.75, 8, 10.5625], "texture": "#0"},
				"down": {"uv": [8.1875, 10.5625, 8, 10.75], "texture": "#0"}
			}
		},
		{
			"name": "back_lantern",
			"from": [6.14544, 4.9, 13.40193],
			"to": [6.69544, 5, 13.95193],
			"rotation": {"angle": 45, "axis": "y", "origin": [6.42044, 4.55, 13.67693]},
			"faces": {
				"north": {"uv": [8, 10.5, 8.1875, 10.53125], "texture": "#0"},
				"east": {"uv": [8, 10.5, 8.1875, 10.53125], "texture": "#0"},
				"south": {"uv": [8, 10.5, 8.1875, 10.53125], "texture": "#0"},
				"west": {"uv": [8, 10.5, 8.1875, 10.53125], "texture": "#0"},
				"up": {"uv": [8.1875, 10.75, 8, 10.5625], "texture": "#0"},
				"down": {"uv": [8.1875, 10.5625, 8, 10.75], "texture": "#0"}
			}
		},
		{
			"name": "hang_lantern",
			"from": [8.82956, 3.8, 8.25193],
			"to": [9.37956, 3.9, 8.80193],
			"rotation": {"angle": -45, "axis": "y", "origin": [9.10456, 4.05, 8.52693]},
			"faces": {
				"north": {"uv": [8.1875, 10.5, 8, 10.53125], "texture": "#0"},
				"east": {"uv": [8.1875, 10.5, 8, 10.53125], "texture": "#0"},
				"south": {"uv": [8.1875, 10.5, 8, 10.53125], "texture": "#0"},
				"west": {"uv": [8.1875, 10.5, 8, 10.53125], "texture": "#0"},
				"up": {"uv": [8, 10.75, 8.1875, 10.5625], "texture": "#0"},
				"down": {"uv": [8, 10.5625, 8.1875, 10.75], "texture": "#0"}
			}
		},
		{
			"name": "hang_lantern",
			"from": [8.90456, 3.9, 8.32693],
			"to": [9.30456, 4.4, 8.72693],
			"rotation": {"angle": -45, "axis": "y", "origin": [9.10456, 4.05, 8.52693]},
			"faces": {
				"north": {"uv": [8.34375, 10.34375, 8.21875, 10.5], "texture": "#0"},
				"east": {"uv": [8.34375, 10.34375, 8.21875, 10.5], "texture": "#0"},
				"south": {"uv": [8.34375, 10.34375, 8.21875, 10.5], "texture": "#0"},
				"west": {"uv": [8.34375, 10.34375, 8.21875, 10.5], "texture": "#0"}
			}
		},
		{
			"name": "hang_lantern",
			"from": [8.82956, 4.4, 8.25193],
			"to": [9.37956, 4.5, 8.80193],
			"rotation": {"angle": -45, "axis": "y", "origin": [9.10456, 4.05, 8.52693]},
			"faces": {
				"north": {"uv": [8.1875, 10.5, 8, 10.53125], "texture": "#0"},
				"east": {"uv": [8.1875, 10.5, 8, 10.53125], "texture": "#0"},
				"south": {"uv": [8.1875, 10.5, 8, 10.53125], "texture": "#0"},
				"west": {"uv": [8.1875, 10.5, 8, 10.53125], "texture": "#0"},
				"up": {"uv": [8, 10.75, 8.1875, 10.5625], "texture": "#0"},
				"down": {"uv": [8, 10.5625, 8.1875, 10.75], "texture": "#0"}
			}
		},
		{
			"name": "hang_lantern",
			"from": [9.10456, 3.2, 8.20193],
			"to": [9.10456, 3.8, 8.85193],
			"rotation": {"angle": -45, "axis": "y", "origin": [9.10456, 3.95, 8.52693]},
			"faces": {
				"east": {"uv": [8.4375, 10.53125, 8.21875, 10.71875], "texture": "#0"},
				"west": {"uv": [8.4375, 10.53125, 8.21875, 10.71875], "texture": "#0"}
			}
		},
		{
			"name": "hang_lantern",
			"from": [9.10456, 3.2, 8.20193],
			"to": [9.10456, 3.8, 8.85193],
			"rotation": {"angle": -45, "axis": "y", "origin": [9.10456, 3.95, 8.52693]},
			"faces": {
				"east": {"uv": [8.4375, 10.53125, 8.21875, 10.71875], "texture": "#0"},
				"west": {"uv": [8.4375, 10.53125, 8.21875, 10.71875], "texture": "#0"}
			}
		},
		{
			"name": "hang_lantern",
			"from": [11.52466, 5, 10.84214],
			"to": [12.07466, 5.3, 11.39214],
			"rotation": {"angle": -45, "axis": "y", "origin": [7.59966, 5.45, 9.71714]},
			"faces": {
				"north": {"uv": [7.78125, 10.5, 7.96875, 10.59375], "texture": "#0"},
				"east": {"uv": [7.78125, 10.5, 7.96875, 10.59375], "texture": "#0"},
				"south": {"uv": [7.78125, 10.5, 7.96875, 10.59375], "texture": "#0"},
				"west": {"uv": [7.78125, 10.5, 7.96875, 10.59375], "texture": "#0"}
			}
		},
		{
			"name": "hang_lantern",
			"from": [3.92534, 5, 10.84214],
			"to": [4.47534, 5.3, 11.39214],
			"rotation": {"angle": 45, "axis": "y", "origin": [8.40034, 5.45, 9.71714]},
			"faces": {
				"north": {"uv": [7.96875, 10.5, 7.78125, 10.59375], "texture": "#0"},
				"east": {"uv": [7.96875, 10.5, 7.78125, 10.59375], "texture": "#0"},
				"south": {"uv": [7.96875, 10.5, 7.78125, 10.59375], "texture": "#0"},
				"west": {"uv": [7.96875, 10.5, 7.78125, 10.59375], "texture": "#0"}
			}
		},
		{
			"name": "back_lantern",
			"from": [9.30456, 4.3, 13.40193],
			"to": [9.85456, 4.4, 13.95193],
			"rotation": {"angle": -45, "axis": "y", "origin": [9.57956, 4.55, 13.67693]},
			"faces": {
				"north": {"uv": [8.1875, 10.5, 8, 10.53125], "texture": "#0"},
				"east": {"uv": [8.1875, 10.5, 8, 10.53125], "texture": "#0"},
				"south": {"uv": [8.1875, 10.5, 8, 10.53125], "texture": "#0"},
				"west": {"uv": [8.1875, 10.5, 8, 10.53125], "texture": "#0"},
				"up": {"uv": [8, 10.75, 8.1875, 10.5625], "texture": "#0"},
				"down": {"uv": [8, 10.5625, 8.1875, 10.75], "texture": "#0"}
			}
		},
		{
			"name": "back_lantern",
			"from": [9.37956, 4.4, 13.47693],
			"to": [9.77956, 4.9, 13.87693],
			"rotation": {"angle": -45, "axis": "y", "origin": [9.57956, 4.55, 13.67693]},
			"faces": {
				"north": {"uv": [8.34375, 10.34375, 8.21875, 10.5], "texture": "#0"},
				"east": {"uv": [8.34375, 10.34375, 8.21875, 10.5], "texture": "#0"},
				"south": {"uv": [8.34375, 10.34375, 8.21875, 10.5], "texture": "#0"},
				"west": {"uv": [8.34375, 10.34375, 8.21875, 10.5], "texture": "#0"}
			}
		},
		{
			"name": "back_lantern",
			"from": [9.30456, 4.9, 13.40193],
			"to": [9.85456, 5, 13.95193],
			"rotation": {"angle": -45, "axis": "y", "origin": [9.57956, 4.55, 13.67693]},
			"faces": {
				"north": {"uv": [8.1875, 10.5, 8, 10.53125], "texture": "#0"},
				"east": {"uv": [8.1875, 10.5, 8, 10.53125], "texture": "#0"},
				"south": {"uv": [8.1875, 10.5, 8, 10.53125], "texture": "#0"},
				"west": {"uv": [8.1875, 10.5, 8, 10.53125], "texture": "#0"},
				"up": {"uv": [8, 10.75, 8.1875, 10.5625], "texture": "#0"},
				"down": {"uv": [8, 10.5625, 8.1875, 10.75], "texture": "#0"}
			}
		},
		{
			"name": "hang_lantern",
			"from": [6.69544, 3.9, 8.32693],
			"to": [7.09544, 4.4, 8.72693],
			"rotation": {"angle": 45, "axis": "y", "origin": [6.89544, 4.05, 8.52693]},
			"faces": {
				"north": {"uv": [8.21875, 10.34375, 8.34375, 10.5], "texture": "#0"},
				"east": {"uv": [8.21875, 10.34375, 8.34375, 10.5], "texture": "#0"},
				"south": {"uv": [8.21875, 10.34375, 8.34375, 10.5], "texture": "#0"},
				"west": {"uv": [8.21875, 10.34375, 8.34375, 10.5], "texture": "#0"}
			}
		},
		{
			"name": "hang_lantern",
			"from": [6.89544, 3.2, 8.20193],
			"to": [6.89544, 3.8, 8.85193],
			"rotation": {"angle": 45, "axis": "y", "origin": [6.89544, 3.95, 8.52693]},
			"faces": {
				"east": {"uv": [8.21875, 10.53125, 8.4375, 10.71875], "texture": "#0"},
				"west": {"uv": [8.21875, 10.53125, 8.4375, 10.71875], "texture": "#0"}
			}
		},
		{
			"name": "hang_lantern",
			"from": [6.89544, 3.2, 8.20193],
			"to": [6.89544, 3.8, 8.85193],
			"rotation": {"angle": 45, "axis": "y", "origin": [6.89544, 3.95, 8.52693]},
			"faces": {
				"east": {"uv": [8.21875, 10.53125, 8.4375, 10.71875], "texture": "#0"},
				"west": {"uv": [8.21875, 10.53125, 8.4375, 10.71875], "texture": "#0"}
			}
		},
		{
			"name": "hang_lantern",
			"from": [6.62044, 3.8, 8.25193],
			"to": [7.17044, 3.9, 8.80193],
			"rotation": {"angle": 45, "axis": "y", "origin": [6.89544, 4.05, 8.52693]},
			"faces": {
				"north": {"uv": [8, 10.5, 8.1875, 10.53125], "texture": "#0"},
				"east": {"uv": [8, 10.5, 8.1875, 10.53125], "texture": "#0"},
				"south": {"uv": [8, 10.5, 8.1875, 10.53125], "texture": "#0"},
				"west": {"uv": [8, 10.5, 8.1875, 10.53125], "texture": "#0"},
				"up": {"uv": [8.1875, 10.75, 8, 10.5625], "texture": "#0"},
				"down": {"uv": [8.1875, 10.5625, 8, 10.75], "texture": "#0"}
			}
		},
		{
			"name": "hang_lantern",
			"from": [6.62044, 4.4, 8.25193],
			"to": [7.17044, 4.5, 8.80193],
			"rotation": {"angle": 45, "axis": "y", "origin": [6.89544, 4.05, 8.52693]},
			"faces": {
				"north": {"uv": [8, 10.5, 8.1875, 10.53125], "texture": "#0"},
				"east": {"uv": [8, 10.5, 8.1875, 10.53125], "texture": "#0"},
				"south": {"uv": [8, 10.5, 8.1875, 10.53125], "texture": "#0"},
				"west": {"uv": [8, 10.5, 8.1875, 10.53125], "texture": "#0"},
				"up": {"uv": [8.1875, 10.75, 8, 10.5625], "texture": "#0"},
				"down": {"uv": [8.1875, 10.5625, 8, 10.75], "texture": "#0"}
			}
		},
		{
			"name": "loft_hang_lantern",
			"from": [9.14544, 9.5, 9.48943],
			"to": [8.59544, 9.2, 8.93943],
			"rotation": {"angle": 45, "axis": "y", "origin": [8.87044, 9.65, 9.21443]},
			"faces": {
				"north": {"uv": [7.96875, 10.5, 7.78125, 10.59375], "rotation": 180, "texture": "#0"},
				"east": {"uv": [7.96875, 10.5, 7.78125, 10.59375], "rotation": 180, "texture": "#0"},
				"south": {"uv": [7.96875, 10.5, 7.78125, 10.59375], "rotation": 180, "texture": "#0"},
				"west": {"uv": [7.96875, 10.5, 7.78125, 10.59375], "rotation": 180, "texture": "#0"}
			}
		},
		{
			"name": "loft_hang_lantern",
			"from": [8.59544, 9.4, 8.93943],
			"to": [9.14544, 9.5, 9.48943],
			"rotation": {"angle": 45, "axis": "y", "origin": [8.87044, 9.05, 9.21443]},
			"faces": {
				"north": {"uv": [8, 10.5, 8.1875, 10.53125], "texture": "#0"},
				"east": {"uv": [8, 10.5, 8.1875, 10.53125], "texture": "#0"},
				"south": {"uv": [8, 10.5, 8.1875, 10.53125], "texture": "#0"},
				"west": {"uv": [8, 10.5, 8.1875, 10.53125], "texture": "#0"},
				"up": {"uv": [8.1875, 10.75, 8, 10.5625], "texture": "#0"},
				"down": {"uv": [8.1875, 10.5625, 8, 10.75], "texture": "#0"}
			}
		},
		{
			"name": "loft_hang_lantern",
			"from": [8.67044, 8.9, 9.01443],
			"to": [9.07044, 9.4, 9.41443],
			"rotation": {"angle": 45, "axis": "y", "origin": [8.87044, 9.05, 9.21443]},
			"faces": {
				"north": {"uv": [8.21875, 10.34375, 8.34375, 10.5], "texture": "#0"},
				"east": {"uv": [8.21875, 10.34375, 8.34375, 10.5], "texture": "#0"},
				"south": {"uv": [8.21875, 10.34375, 8.34375, 10.5], "texture": "#0"},
				"west": {"uv": [8.21875, 10.34375, 8.34375, 10.5], "texture": "#0"}
			}
		},
		{
			"name": "loft_hang_lantern",
			"from": [8.59544, 8.8, 8.93943],
			"to": [9.14544, 8.9, 9.48943],
			"rotation": {"angle": 45, "axis": "y", "origin": [8.87044, 9.05, 9.21443]},
			"faces": {
				"north": {"uv": [8, 10.5, 8.1875, 10.53125], "texture": "#0"},
				"east": {"uv": [8, 10.5, 8.1875, 10.53125], "texture": "#0"},
				"south": {"uv": [8, 10.5, 8.1875, 10.53125], "texture": "#0"},
				"west": {"uv": [8, 10.5, 8.1875, 10.53125], "texture": "#0"},
				"up": {"uv": [8.1875, 10.75, 8, 10.5625], "texture": "#0"},
				"down": {"uv": [8.1875, 10.5625, 8, 10.75], "texture": "#0"}
			}
		},
		{
			"name": "loft_hang_lantern",
			"from": [8.59544, 9.1, 8.93943],
			"to": [9.14544, 9.4, 9.48943],
			"rotation": {"angle": 45, "axis": "y", "origin": [8.87044, 9.55, 9.21443]},
			"faces": {
				"north": {"uv": [7.96875, 10.5, 7.78125, 10.59375], "texture": "#0"},
				"east": {"uv": [7.96875, 10.5, 7.78125, 10.59375], "texture": "#0"},
				"south": {"uv": [7.96875, 10.5, 7.78125, 10.59375], "texture": "#0"},
				"west": {"uv": [7.96875, 10.5, 7.78125, 10.59375], "texture": "#0"}
			}
		},
		{
			"name": "loft_hang_lantern",
			"from": [8.8907, 8.2, 9.09846],
			"to": [8.8907, 8.8, 9.74846],
			"rotation": {"angle": 45, "axis": "y", "origin": [8.6407, 8.95, 9.37346]},
			"faces": {
				"east": {"uv": [8.21875, 10.53125, 8.4375, 10.71875], "texture": "#0"},
				"west": {"uv": [8.21875, 10.53125, 8.4375, 10.71875], "texture": "#0"}
			}
		},
		{
			"name": "loft_hang_lantern",
			"from": [8.85283, 8.2, 8.90704],
			"to": [8.85283, 8.8, 9.55704],
			"rotation": {"angle": 45, "axis": "y", "origin": [8.85283, 8.5, 9.23204]},
			"faces": {
				"east": {"uv": [8.21875, 10.53125, 8.4375, 10.71875], "texture": "#0"},
				"west": {"uv": [8.21875, 10.53125, 8.4375, 10.71875], "texture": "#0"}
			}
		},
		{
			"name": "loft_hang_lantern",
			"from": [6.9, 8.8, 8.63],
			"to": [9.1, 9.1, 8.93],
			"rotation": {"angle": 0, "axis": "y", "origin": [8, -1.1, 8.33]},
			"faces": {
				"north": {"uv": [10.5, 0.90625, 11.1875, 1], "texture": "#0"},
				"east": {"uv": [3.84375, 7.28125, 3.90625, 7.34375], "texture": "#0"},
				"south": {"uv": [10.5, 0.90625, 11.1875, 1], "texture": "#0"},
				"west": {"uv": [6.5, 7.96875, 6.5625, 8.03125], "texture": "#0"},
				"up": {"uv": [10.5, 0.90625, 11.1875, 1], "texture": "#0"},
				"down": {"uv": [10.5, 0.90625, 11.1875, 1], "texture": "#0"}
			}
		},
		{
			"name": "loft_hang_lantern",
			"from": [7.14717, 8.6, 8.90704],
			"to": [7.14717, 9.2, 9.55704],
			"rotation": {"angle": -45, "axis": "y", "origin": [7.14717, 8.9, 9.23204]},
			"faces": {
				"east": {"uv": [8.4375, 10.53125, 8.21875, 10.71875], "texture": "#0"},
				"west": {"uv": [8.4375, 10.53125, 8.21875, 10.71875], "texture": "#0"}
			}
		},
		{
			"name": "loft_hang_lantern",
			"from": [7.1093, 8.6, 9.09846],
			"to": [7.1093, 9.2, 9.74846],
			"rotation": {"angle": -45, "axis": "y", "origin": [7.3593, 9.35, 9.37346]},
			"faces": {
				"east": {"uv": [8.4375, 10.53125, 8.21875, 10.71875], "texture": "#0"},
				"west": {"uv": [8.4375, 10.53125, 8.21875, 10.71875], "texture": "#0"}
			}
		},
		{
			"name": "loft_hang_lantern",
			"from": [6.85456, 9.5, 8.93943],
			"to": [7.40456, 9.8, 9.48943],
			"rotation": {"angle": -45, "axis": "y", "origin": [7.12956, 9.95, 9.21443]},
			"faces": {
				"north": {"uv": [7.78125, 10.5, 7.96875, 10.59375], "texture": "#0"},
				"east": {"uv": [7.78125, 10.5, 7.96875, 10.59375], "texture": "#0"},
				"south": {"uv": [7.78125, 10.5, 7.96875, 10.59375], "texture": "#0"},
				"west": {"uv": [7.78125, 10.5, 7.96875, 10.59375], "texture": "#0"}
			}
		},
		{
			"name": "loft_hang_lantern",
			"from": [6.85456, 9.2, 8.93943],
			"to": [7.40456, 9.3, 9.48943],
			"rotation": {"angle": -45, "axis": "y", "origin": [7.12956, 9.45, 9.21443]},
			"faces": {
				"north": {"uv": [8.1875, 10.5, 8, 10.53125], "texture": "#0"},
				"east": {"uv": [8.1875, 10.5, 8, 10.53125], "texture": "#0"},
				"south": {"uv": [8.1875, 10.5, 8, 10.53125], "texture": "#0"},
				"west": {"uv": [8.1875, 10.5, 8, 10.53125], "texture": "#0"},
				"up": {"uv": [8, 10.75, 8.1875, 10.5625], "texture": "#0"},
				"down": {"uv": [8, 10.5625, 8.1875, 10.75], "texture": "#0"}
			}
		},
		{
			"name": "loft_hang_lantern",
			"from": [6.92956, 9.3, 9.01443],
			"to": [7.32956, 9.8, 9.41443],
			"rotation": {"angle": -45, "axis": "y", "origin": [7.12956, 9.45, 9.21443]},
			"faces": {
				"north": {"uv": [8.34375, 10.34375, 8.21875, 10.5], "texture": "#0"},
				"east": {"uv": [8.34375, 10.34375, 8.21875, 10.5], "texture": "#0"},
				"south": {"uv": [8.34375, 10.34375, 8.21875, 10.5], "texture": "#0"},
				"west": {"uv": [8.34375, 10.34375, 8.21875, 10.5], "texture": "#0"}
			}
		},
		{
			"name": "loft_hang_lantern",
			"from": [6.85456, 9.8, 8.93943],
			"to": [7.40456, 9.9, 9.48943],
			"rotation": {"angle": -45, "axis": "y", "origin": [7.12956, 9.45, 9.21443]},
			"faces": {
				"north": {"uv": [8.1875, 10.5, 8, 10.53125], "texture": "#0"},
				"east": {"uv": [8.1875, 10.5, 8, 10.53125], "texture": "#0"},
				"south": {"uv": [8.1875, 10.5, 8, 10.53125], "texture": "#0"},
				"west": {"uv": [8.1875, 10.5, 8, 10.53125], "texture": "#0"},
				"up": {"uv": [8, 10.75, 8.1875, 10.5625], "texture": "#0"},
				"down": {"uv": [8, 10.5625, 8.1875, 10.75], "texture": "#0"}
			}
		},
		{
			"name": "loft_hang_lantern",
			"from": [7.40456, 9.9, 9.48943],
			"to": [6.85456, 9.6, 8.93943],
			"rotation": {"angle": -45, "axis": "y", "origin": [7.12956, 10.05, 9.21443]},
			"faces": {
				"north": {"uv": [7.78125, 10.5, 7.96875, 10.59375], "rotation": 180, "texture": "#0"},
				"east": {"uv": [7.78125, 10.5, 7.96875, 10.59375], "rotation": 180, "texture": "#0"},
				"south": {"uv": [7.78125, 10.5, 7.96875, 10.59375], "rotation": 180, "texture": "#0"},
				"west": {"uv": [7.78125, 10.5, 7.96875, 10.59375], "rotation": 180, "texture": "#0"}
			}
		},
		{
			"name": "venture_hang_lantern",
			"from": [7.70456, 2.3, -0.77307],
			"to": [8.25456, 2.4, -0.22307],
			"rotation": {"angle": -45, "axis": "y", "origin": [7.97956, 1.95, -0.49807]},
			"faces": {
				"north": {"uv": [8.1875, 10.5, 8, 10.53125], "texture": "#0"},
				"east": {"uv": [8.1875, 10.5, 8, 10.53125], "texture": "#0"},
				"south": {"uv": [8.1875, 10.5, 8, 10.53125], "texture": "#0"},
				"west": {"uv": [8.1875, 10.5, 8, 10.53125], "texture": "#0"},
				"up": {"uv": [8, 10.75, 8.1875, 10.5625], "texture": "#0"},
				"down": {"uv": [8, 10.5625, 8.1875, 10.75], "texture": "#0"}
			}
		},
		{
			"name": "venture_hang_lantern",
			"from": [8.25456, 2.4, -0.22307],
			"to": [7.70456, 2.1, -0.77307],
			"rotation": {"angle": -45, "axis": "y", "origin": [7.97956, 2.55, -0.49807]},
			"faces": {
				"north": {"uv": [7.78125, 10.5, 7.96875, 10.59375], "rotation": 180, "texture": "#0"},
				"east": {"uv": [7.78125, 10.5, 7.96875, 10.59375], "rotation": 180, "texture": "#0"},
				"south": {"uv": [7.78125, 10.5, 7.96875, 10.59375], "rotation": 180, "texture": "#0"},
				"west": {"uv": [7.78125, 10.5, 7.96875, 10.59375], "rotation": 180, "texture": "#0"}
			}
		},
		{
			"name": "venture_hang_lantern",
			"from": [7.70456, 1.7, -0.77307],
			"to": [8.25456, 1.8, -0.22307],
			"rotation": {"angle": -45, "axis": "y", "origin": [7.97956, 1.95, -0.49807]},
			"faces": {
				"north": {"uv": [8.1875, 10.5, 8, 10.53125], "texture": "#0"},
				"east": {"uv": [8.1875, 10.5, 8, 10.53125], "texture": "#0"},
				"south": {"uv": [8.1875, 10.5, 8, 10.53125], "texture": "#0"},
				"west": {"uv": [8.1875, 10.5, 8, 10.53125], "texture": "#0"},
				"up": {"uv": [8, 10.75, 8.1875, 10.5625], "texture": "#0"},
				"down": {"uv": [8, 10.5625, 8.1875, 10.75], "texture": "#0"}
			}
		},
		{
			"name": "venture_hang_lantern",
			"from": [7.77956, 1.8, -0.69807],
			"to": [8.17956, 2.3, -0.29807],
			"rotation": {"angle": -45, "axis": "y", "origin": [7.97956, 1.95, -0.49807]},
			"faces": {
				"north": {"uv": [8.34375, 10.34375, 8.21875, 10.5], "texture": "#0"},
				"east": {"uv": [8.34375, 10.34375, 8.21875, 10.5], "texture": "#0"},
				"south": {"uv": [8.34375, 10.34375, 8.21875, 10.5], "texture": "#0"},
				"west": {"uv": [8.34375, 10.34375, 8.21875, 10.5], "texture": "#0"}
			}
		},
		{
			"name": "venture_hang_lantern",
			"from": [7.9593, 1.1, -0.61404],
			"to": [7.9593, 1.7, 0.03596],
			"rotation": {"angle": -45, "axis": "y", "origin": [8.2093, 1.85, -0.33904]},
			"faces": {
				"east": {"uv": [8.4375, 10.53125, 8.21875, 10.71875], "texture": "#0"},
				"west": {"uv": [8.4375, 10.53125, 8.21875, 10.71875], "texture": "#0"}
			}
		},
		{
			"name": "venture_hang_lantern",
			"from": [7.99717, 1.1, -0.80546],
			"to": [7.99717, 1.7, -0.15546],
			"rotation": {"angle": -45, "axis": "y", "origin": [7.99717, 1.4, -0.48046]},
			"faces": {
				"east": {"uv": [8.4375, 10.53125, 8.21875, 10.71875], "texture": "#0"},
				"west": {"uv": [8.4375, 10.53125, 8.21875, 10.71875], "texture": "#0"}
			}
		},
		{
			"name": "venture_hang_lantern",
			"from": [7.70456, 2, -0.77307],
			"to": [8.25456, 2.3, -0.22307],
			"rotation": {"angle": -45, "axis": "y", "origin": [7.97956, 2.45, -0.49807]},
			"faces": {
				"north": {"uv": [7.78125, 10.5, 7.96875, 10.59375], "texture": "#0"},
				"east": {"uv": [7.78125, 10.5, 7.96875, 10.59375], "texture": "#0"},
				"south": {"uv": [7.78125, 10.5, 7.96875, 10.59375], "texture": "#0"},
				"west": {"uv": [7.78125, 10.5, 7.96875, 10.59375], "texture": "#0"}
			}
		},
		{
			"name": "sailer_support",
			"from": [6.1, 4.7, 8.455],
			"to": [9.9, 4.9, 8.605],
			"rotation": {"angle": 0, "axis": "y", "origin": [8, -1.5, 8.33]},
			"faces": {
				"north": {"uv": [10, 1.5, 11.1875, 1.5625], "texture": "#0"},
				"east": {"uv": [3.84375, 7.28125, 3.90625, 7.34375], "texture": "#0"},
				"south": {"uv": [10, 1.5, 11.1875, 1.5625], "texture": "#0"},
				"west": {"uv": [6.5, 7.96875, 6.5625, 8.03125], "texture": "#0"},
				"up": {"uv": [10, 1.5, 11.1875, 1.5625], "texture": "#0"},
				"down": {"uv": [10, 1.5, 11.1875, 1.5625], "texture": "#0"}
			}
		},
		{
			"name": "sailer_support",
			"from": [7.9, 10.8, 8.5075],
			"to": [8.1, 14, 8.6925],
			"rotation": {"angle": 0, "axis": "y", "origin": [8, 6.9, 8.4]},
			"faces": {
				"north": {"uv": [7.09375, 10, 7.15625, 11], "texture": "#0"},
				"east": {"uv": [7.09375, 10, 7.15625, 11], "texture": "#0"},
				"south": {"uv": [7.09375, 10, 7.15625, 11], "texture": "#0"},
				"west": {"uv": [7.09375, 10, 7.15625, 11], "texture": "#0"},
				"up": {"uv": [3.8125, 9.59375, 3.75, 9.53125], "texture": "#0"},
				"down": {"uv": [9.875, 1.59375, 9.8125, 1.65625], "texture": "#0"}
			}
		},
		{
			"name": "sailer_support",
			"from": [1.6, 13.1, 8.5],
			"to": [14.4, 13.3, 8.7],
			"rotation": {"angle": 45, "axis": "x", "origin": [8, 13.2, 8.6]},
			"faces": {
				"north": {"uv": [9.8125, 2.0625, 13.8125, 2.125], "texture": "#0"},
				"east": {"uv": [7.1875, 10, 7.25, 10.0625], "texture": "#0"},
				"south": {"uv": [9.8125, 2.15625, 13.8125, 2.21875], "texture": "#0"},
				"west": {"uv": [10.375, 1.40625, 10.4375, 1.46875], "texture": "#0"},
				"up": {"uv": [13.8125, 2.0625, 9.8125, 2.125], "texture": "#0"},
				"down": {"uv": [9.8125, 2.21875, 13.8125, 2.15625], "texture": "#0"}
			}
		},
		{
			"name": "sailer_support",
			"from": [7.85, 5.4, 8.45],
			"to": [8.15, 10.799, 8.75],
			"rotation": {"angle": 0, "axis": "y", "origin": [8, 1.5, 8.4]},
			"faces": {
				"north": {"uv": [1.5, 9.59375, 1.59375, 11.28125], "texture": "#0"},
				"east": {"uv": [1.5, 9.59375, 1.59375, 11.28125], "texture": "#0"},
				"south": {"uv": [1.5, 9.59375, 1.59375, 11.28125], "texture": "#0"},
				"west": {"uv": [1.5, 9.59375, 1.59375, 11.28125], "texture": "#0"},
				"up": {"uv": [0.65625, 10.40625, 0.5625, 10.3125], "texture": "#0"},
				"down": {"uv": [8.625, 10.34375, 8.53125, 10.4375], "texture": "#0"}
			}
		},
		{
			"name": "sailer_back_rope_support",
			"from": [8, 3.1, 8.65],
			"to": [8, 13.299, 13.55],
			"rotation": {"angle": -22.5, "axis": "y", "origin": [8, 1.5, 8.4]},
			"faces": {
				"east": {"uv": [0, 0, 1.53125, 3.18719], "texture": "#0"},
				"west": {"uv": [1.53125, 0, 0, 3.18719], "texture": "#0"}
			}
		},
		{
			"name": "sailer_back_rope_support",
			"from": [8, 3.1, 8.65],
			"to": [8, 13.299, 13.55],
			"rotation": {"angle": 22.5, "axis": "y", "origin": [8, 1.5, 8.4]},
			"faces": {
				"east": {"uv": [0, 0, 1.53125, 3.18719], "texture": "#0"},
				"west": {"uv": [1.53125, 0, 0, 3.18719], "texture": "#0"}
			}
		},
		{
			"name": "sail_rope_support_loft",
			"from": [2.3, 12.6, 8.6],
			"to": [13.7, 14, 8.6],
			"rotation": {"angle": 0, "axis": "y", "origin": [8, 12.1, 8.6], "rescale": true},
			"faces": {
				"north": {"uv": [6.65625, 0, 10.21875, 0.4375], "texture": "#0"},
				"east": {"uv": [5.15625, 3.375, 5.15625, 3.8125], "texture": "#0"},
				"south": {"uv": [10.21875, 0, 6.65625, 0.4375], "texture": "#0"},
				"west": {"uv": [6.53125, 8.0625, 6.53125, 8.5], "texture": "#0"},
				"up": {"uv": [13.53125, 2.03125, 9.96875, 2.03125], "texture": "#0"},
				"down": {"uv": [13.8125, 3.09375, 10.25, 3.09375], "texture": "#0"}
			}
		},
		{
			"name": "sail_deco_rope",
			"from": [8, 1.8, 0.3],
			"to": [8, 14.5, 6.7],
			"rotation": {"angle": 0, "axis": "y", "origin": [8, 12.1, 2.4], "rescale": true},
			"faces": {
				"east": {"uv": [1.5625, 0, 3.5625, 3.96875], "texture": "#0"},
				"west": {"uv": [3.5625, 0, 1.5625, 3.96875], "texture": "#0"}
			}
		},
		{
			"name": "loftplank",
			"from": [6.65, 10.6, 8.25],
			"to": [9.35, 10.8, 9.45],
			"rotation": {"angle": 0, "axis": "y", "origin": [8, 1.5, 8]},
			"faces": {
				"north": {"uv": [0, 10.09375, 0.84375, 10.15625], "texture": "#0"},
				"east": {"uv": [10.65625, 5.84375, 10.28125, 5.90625], "texture": "#0"},
				"south": {"uv": [10.09375, 6, 10.9375, 6.0625], "texture": "#0"},
				"west": {"uv": [10.28125, 5.84375, 10.65625, 5.90625], "texture": "#0"},
				"up": {"uv": [4.90625, 3.75, 4.0625, 3.375], "texture": "#0"},
				"down": {"uv": [4.90625, 3.375, 4.0625, 3.75], "texture": "#0"}
			}
		},
		{
			"name": "rope_ladder_loft",
			"from": [6.6, 2.7, 8.7125],
			"to": [6.6, 10.8, 9.4125],
			"rotation": {"angle": 0, "axis": "y", "origin": [6.6, 6.75, 9.0625]},
			"faces": {
				"north": {"uv": [0.84375, 10.40625, 0.84375, 12.9375], "texture": "#0"},
				"east": {"uv": [5.1875, 7.375, 4.96875, 9.90625], "texture": "#0"},
				"south": {"uv": [0.875, 10.40625, 0.875, 12.9375], "texture": "#0"},
				"west": {"uv": [4.96875, 7.375, 5.1875, 9.90625], "texture": "#0"},
				"up": {"uv": [6.15625, 8.875, 6.375, 8.875], "rotation": 90, "texture": "#0"},
				"down": {"uv": [6.15625, 8.90625, 6.375, 8.90625], "rotation": 270, "texture": "#0"}
			}
		},
		{
			"name": "rope_ladder_loft",
			"from": [9.4, 2.7, 8.7125],
			"to": [9.4, 10.8, 9.4125],
			"rotation": {"angle": 0, "axis": "y", "origin": [9.4, 6.75, 9.0625]},
			"faces": {
				"north": {"uv": [0.84375, 10.40625, 0.84375, 12.9375], "texture": "#0"},
				"east": {"uv": [5.1875, 7.375, 4.96875, 9.90625], "texture": "#0"},
				"south": {"uv": [0.875, 10.40625, 0.875, 12.9375], "texture": "#0"},
				"west": {"uv": [4.96875, 7.375, 5.1875, 9.90625], "texture": "#0"},
				"up": {"uv": [6.15625, 8.875, 6.375, 8.875], "rotation": 90, "texture": "#0"},
				"down": {"uv": [6.15625, 8.90625, 6.375, 8.90625], "rotation": 270, "texture": "#0"}
			}
		},
		{
			"name": "rope_ladder",
			"from": [10.31, 0.3, 5.85],
			"to": [10.31, 2.5, 6.55],
			"rotation": {"angle": 0, "axis": "y", "origin": [10.21, -0.25, 6.2]},
			"faces": {
				"north": {"uv": [0.90625, 10.40625, 0.90625, 11.09375], "texture": "#0"},
				"east": {"uv": [1.625, 9.59375, 1.84375, 10.28125], "texture": "#0"},
				"south": {"uv": [0.9375, 10.40625, 0.9375, 11.09375], "texture": "#0"},
				"west": {"uv": [1.84375, 9.59375, 1.625, 10.28125], "texture": "#0"},
				"up": {"uv": [5.125, 3.59375, 5.125, 3.375], "texture": "#0"},
				"down": {"uv": [5.125, 6, 5.125, 6.21875], "texture": "#0"}
			}
		},
		{
			"name": "backside_trim",
			"from": [6.25922, 2.9, 13.90856],
			"to": [9.75922, 3.8, 13.90856],
			"rotation": {"angle": 0, "axis": "y", "origin": [4.40922, 3.95, 13.90856]},
			"faces": {
				"north": {"uv": [8.4375, 8.75, 9.53125, 9.03125], "texture": "#0"},
				"east": {"uv": [0.65625, 10.4375, 0.65625, 10.71875], "texture": "#0"},
				"south": {"uv": [9.53125, 8.75, 8.4375, 9.03125], "texture": "#0"},
				"west": {"uv": [2.125, 10.4375, 2.125, 10.71875], "texture": "#0"},
				"up": {"uv": [11.5625, 1.40625, 10.46875, 1.40625], "texture": "#0"},
				"down": {"uv": [11.5625, 1.4375, 10.46875, 1.4375], "texture": "#0"}
			}
		},
		{
			"name": "backside_trim",
			"from": [10.90796, 2.9, 12.94082],
			"to": [10.90796, 4.1, 14.14082],
			"rotation": {"angle": -22.5, "axis": "y", "origin": [10.90796, 3.95, 11.09082]},
			"faces": {
				"north": {"uv": [2.15625, 10.4375, 2.15625, 10.71875], "texture": "#0"},
				"east": {"uv": [5.375, 9.84375, 5.75, 10.21875], "texture": "#0"},
				"south": {"uv": [2.1875, 10.4375, 2.1875, 10.71875], "texture": "#0"},
				"west": {"uv": [5.75, 9.84375, 5.375, 10.21875], "texture": "#0"},
				"up": {"uv": [2.21875, 10.8125, 2.21875, 10.4375], "texture": "#0"},
				"down": {"uv": [2.25, 10.4375, 2.25, 10.8125], "texture": "#0"}
			}
		},
		{
			"name": "backside_trim",
			"from": [5.09204, 2.9, 12.94082],
			"to": [5.09204, 4.1, 14.14082],
			"rotation": {"angle": 22.5, "axis": "y", "origin": [5.09204, 3.95, 11.09082]},
			"faces": {
				"north": {"uv": [2.15625, 10.4375, 2.15625, 10.71875], "texture": "#0"},
				"east": {"uv": [5.375, 9.84375, 5.75, 10.21875], "texture": "#0"},
				"south": {"uv": [2.1875, 10.4375, 2.1875, 10.71875], "texture": "#0"},
				"west": {"uv": [5.75, 9.84375, 5.375, 10.21875], "texture": "#0"},
				"up": {"uv": [2.21875, 10.8125, 2.21875, 10.4375], "texture": "#0"},
				"down": {"uv": [2.25, 10.4375, 2.25, 10.8125], "texture": "#0"}
			}
		},
		{
			"name": "side_trim",
			"from": [10.2, 2.6, 3.6],
			"to": [10.2, 4.2, 12.8],
			"rotation": {"angle": 0, "axis": "y", "origin": [8, -1.7, 8]},
			"faces": {
				"north": {"uv": [2.28125, 10.4375, 2.28125, 10.9375], "texture": "#0"},
				"east": {"uv": [7.3125, 3.1875, 10.1875, 3.6875], "texture": "#0"},
				"south": {"uv": [10.1875, 3.1875, 7.3125, 3.6875], "texture": "#0"},
				"west": {"uv": [10.1875, 3.1875, 7.3125, 3.6875], "texture": "#0"},
				"up": {"uv": [2.34375, 13.3125, 2.34375, 10.4375], "texture": "#0"},
				"down": {"uv": [2.375, 10.4375, 2.375, 13.3125], "texture": "#0"}
			}
		},
		{
			"name": "side_trim",
			"from": [5.8, 2.6, 3.6],
			"to": [5.8, 4.2, 12.8],
			"rotation": {"angle": 0, "axis": "y", "origin": [8, -1.7, 8]},
			"faces": {
				"north": {"uv": [2.28125, 10.4375, 2.28125, 10.9375], "texture": "#0"},
				"east": {"uv": [7.3125, 3.71875, 10.1875, 4.21875], "texture": "#0"},
				"south": {"uv": [10.1875, 3.71875, 7.3125, 4.21875], "texture": "#0"},
				"west": {"uv": [10.1875, 3.71875, 7.3125, 4.21875], "texture": "#0"},
				"up": {"uv": [2.34375, 13.3125, 2.34375, 10.4375], "texture": "#0"},
				"down": {"uv": [2.375, 10.4375, 2.375, 13.3125], "texture": "#0"}
			}
		},
		{
			"name": "hull_side_trim",
			"from": [6.92863, 2.525, 2.46863],
			"to": [9.06863, 3.325, 2.46863],
			"rotation": {"angle": 0, "axis": "y", "origin": [10.91863, 3.575, 2.46863]},
			"faces": {
				"north": {"uv": [4, 6, 4.65625, 6.25], "texture": "#0"},
				"east": {"uv": [0.59375, 10.4375, 0.59375, 10.6875], "texture": "#0"},
				"south": {"uv": [4.65625, 6, 4, 6.25], "texture": "#0"},
				"west": {"uv": [0.625, 10.4375, 0.625, 10.6875], "texture": "#0"},
				"up": {"uv": [11.0625, 8.3125, 10.40625, 8.3125], "texture": "#0"},
				"down": {"uv": [11, 10.4375, 10.34375, 10.4375], "texture": "#0"}
			}
		},
		{
			"name": "hull_side_trim",
			"from": [8.05815, 2.525, 4.90815],
			"to": [9.65815, 3.325, 4.90815],
			"rotation": {"angle": -45, "axis": "y", "origin": [11.50815, 3.575, 4.90815]},
			"faces": {
				"north": {"uv": [0.53125, 9.8125, 1.03125, 10.0625], "texture": "#0"},
				"east": {"uv": [3.0625, 9.84375, 3.0625, 10.09375], "texture": "#0"},
				"south": {"uv": [1.03125, 9.8125, 0.53125, 10.0625], "texture": "#0"},
				"west": {"uv": [9.78125, 9.9375, 9.78125, 10.1875], "texture": "#0"},
				"up": {"uv": [10.0625, 7.4375, 9.5625, 7.4375], "texture": "#0"},
				"down": {"uv": [10.0625, 7.46875, 9.5625, 7.46875], "texture": "#0"}
			}
		},
		{
			"name": "hull_side_trim",
			"from": [6.34185, 2.525, 4.90815],
			"to": [7.94185, 3.325, 4.90815],
			"rotation": {"angle": 45, "axis": "y", "origin": [4.49185, 3.575, 4.90815]},
			"faces": {
				"north": {"uv": [1.03125, 9.8125, 0.53125, 10.0625], "texture": "#0"},
				"east": {"uv": [9.78125, 9.9375, 9.78125, 10.1875], "texture": "#0"},
				"south": {"uv": [0.53125, 9.8125, 1.03125, 10.0625], "texture": "#0"},
				"west": {"uv": [3.0625, 9.84375, 3.0625, 10.09375], "texture": "#0"},
				"up": {"uv": [9.5625, 7.4375, 10.0625, 7.4375], "texture": "#0"},
				"down": {"uv": [9.5625, 7.46875, 10.0625, 7.46875], "texture": "#0"}
			}
		},
		{
			"name": "back_hull",
			"from": [6.25922, 0.6075, 12.80866],
			"to": [9.73672, 2.9, 13.90866],
			"rotation": {"angle": 0, "axis": "y", "origin": [8.23672, -1.7, 7.00866]},
			"faces": {
				"north": {"uv": [2.71875, 7.09375, 3.8125, 7.8125], "texture": "#0"},
				"east": {"uv": [2.71875, 9.09375, 3.0625, 9.8125], "texture": "#0"},
				"south": {"uv": [7.3125, 6.75, 8.40625, 7.46875], "texture": "#0"},
				"west": {"uv": [9.25, 0.9375, 9.59375, 1.65625], "texture": "#0"},
				"up": {"uv": [8.40625, 8.71875, 7.3125, 8.375], "texture": "#0"},
				"down": {"uv": [9.53125, 6.75, 8.4375, 7.09375], "texture": "#0"}
			}
		},
		{
			"name": "back_stair",
			"from": [6.25922, 1.6, 11.70866],
			"to": [9.73672, 2.5, 12.80866],
			"rotation": {"angle": 0, "axis": "y", "origin": [8.23672, -1.7, 5.90866]},
			"faces": {
				"north": {"uv": [0, 8.90625, 1.09375, 9.1875], "texture": "#0"},
				"east": {"uv": [10, 1.1875, 10.34375, 1.46875], "texture": "#0"},
				"south": {"uv": [6.15625, 8.9375, 7.25, 9.21875], "texture": "#0"},
				"west": {"uv": [6.34375, 10, 6.6875, 10.28125], "texture": "#0"},
				"up": {"uv": [9.53125, 7.46875, 8.4375, 7.125], "texture": "#0"},
				"down": {"uv": [9.53125, 8.375, 8.4375, 8.71875], "texture": "#0"}
			}
		},
		{
			"name": "back_hull",
			"from": [6.23649, 0.6, 12.49437],
			"to": [7.33649, 2.899, 13.69437],
			"rotation": {"angle": 22.5, "axis": "y", "origin": [6.78649, 1.8, 13.74437]},
			"faces": {
				"north": {"uv": [6.15625, 9.25, 6.5, 9.96875], "texture": "#0"},
				"east": {"uv": [7.28125, 9.0625, 7.65625, 9.78125], "texture": "#0"},
				"south": {"uv": [6.53125, 9.25, 6.875, 9.96875], "texture": "#0"},
				"west": {"uv": [7.6875, 9.0625, 8.0625, 9.78125], "texture": "#0"},
				"up": {"uv": [6.5, 7.75, 6.15625, 7.375], "texture": "#0"},
				"down": {"uv": [6.5, 8.46875, 6.15625, 8.84375], "texture": "#0"}
			}
		},
		{
			"name": "back_hull",
			"from": [6.16149, 0.55, 12.41937],
			"to": [6.51149, 2.949, 12.76937],
			"rotation": {"angle": 22.5, "axis": "y", "origin": [6.78649, 1.8, 13.74437]},
			"faces": {
				"north": {"uv": [7.6875, 9.0625, 7.78125, 9.78125], "texture": "#0"},
				"east": {"uv": [7.6875, 9.0625, 7.78125, 9.78125], "texture": "#0"},
				"south": {"uv": [7.6875, 9.0625, 7.78125, 9.78125], "texture": "#0"},
				"west": {"uv": [7.6875, 9.0625, 7.78125, 9.78125], "texture": "#0"},
				"up": {"uv": [6.34375, 8.875, 6.5, 9.03125], "texture": "#0"},
				"down": {"uv": [6.34375, 8.875, 6.5, 9.03125], "texture": "#0"}
			}
		},
		{
			"name": "back_hull",
			"from": [9.48851, 0.55, 12.41937],
			"to": [9.83851, 2.949, 12.76937],
			"rotation": {"angle": -22.5, "axis": "y", "origin": [9.21351, 1.8, 13.74437]},
			"faces": {
				"north": {"uv": [7.78125, 9.0625, 7.6875, 9.78125], "texture": "#0"},
				"east": {"uv": [7.78125, 9.0625, 7.6875, 9.78125], "texture": "#0"},
				"south": {"uv": [7.78125, 9.0625, 7.6875, 9.78125], "texture": "#0"},
				"west": {"uv": [7.78125, 9.0625, 7.6875, 9.78125], "texture": "#0"},
				"up": {"uv": [6.5, 8.875, 6.34375, 9.03125], "texture": "#0"},
				"down": {"uv": [6.5, 8.875, 6.34375, 9.03125], "texture": "#0"}
			}
		},
		{
			"name": "back_hull",
			"from": [8.66351, 0.6, 12.49437],
			"to": [9.76351, 2.899, 13.69437],
			"rotation": {"angle": -22.5, "axis": "y", "origin": [9.21351, 1.8, 13.74437]},
			"faces": {
				"north": {"uv": [6.90625, 9.25, 7.25, 9.96875], "texture": "#0"},
				"east": {"uv": [8.09375, 9.0625, 8.46875, 9.78125], "texture": "#0"},
				"south": {"uv": [8.90625, 9.28125, 9.25, 10], "texture": "#0"},
				"west": {"uv": [8.5, 9.0625, 8.875, 9.78125], "texture": "#0"},
				"up": {"uv": [2.46875, 9.96875, 2.125, 9.59375], "texture": "#0"},
				"down": {"uv": [9.96875, 1.1875, 9.625, 1.5625], "texture": "#0"}
			}
		},
		{
			"name": "back_hull",
			"from": [8.62851, 0.565, 12.45937],
			"to": [9.79851, 2.934, 13.72937],
			"rotation": {"angle": -22.5, "axis": "y", "origin": [9.21351, 1.8, 13.74437]},
			"faces": {
				"east": {"uv": [4.8125, 0, 4.4375, 0.71875], "texture": "#4"}
			}
		},
		{
			"name": "back_hull",
			"from": [6.20149, 0.565, 12.45937],
			"to": [7.37149, 2.934, 13.72937],
			"rotation": {"angle": 22.5, "axis": "y", "origin": [6.78649, 1.8, 13.74437]},
			"faces": {
				"west": {"uv": [4.4375, 0, 4.8125, 0.71875], "texture": "#4"}
			}
		},
		{
			"name": "back_hull",
			"from": [8.63851, 0.575, 12.46937],
			"to": [9.78851, 2.924, 13.71937],
			"rotation": {"angle": -22.5, "axis": "y", "origin": [9.21351, 1.8, 13.74437]},
			"faces": {
				"north": {"uv": [6.90625, 9.25, 7.25, 9.96875], "texture": "#0"},
				"east": {"uv": [8.09375, 9.0625, 8.46875, 9.78125], "texture": "#0"}
			}
		},
		{
			"name": "back_hull",
			"from": [6.23422, 0.5825, 12.78366],
			"to": [9.76172, 2.925, 13.93366],
			"rotation": {"angle": 0, "axis": "y", "origin": [8.23672, -1.7, 7.00866]},
			"faces": {
				"south": {"uv": [3.3125, 0, 4.39922, 0.71641], "texture": "#4"}
			}
		},
		{
			"name": "back_lantern_support",
			"from": [9.50456, 2.9, 13.60193],
			"to": [9.65456, 4.3, 13.75193],
			"rotation": {"angle": -45, "axis": "y", "origin": [9.57956, 4.55, 13.67693]},
			"faces": {
				"north": {"uv": [0.15625, 10.3125, 0.09375, 10.75], "texture": "#0"},
				"east": {"uv": [0.15625, 10.3125, 0.09375, 10.75], "texture": "#0"},
				"south": {"uv": [0.15625, 10.3125, 0.09375, 10.75], "texture": "#0"},
				"west": {"uv": [0.15625, 10.3125, 0.09375, 10.75], "texture": "#0"}
			}
		},
		{
			"name": "back_lantern_support",
			"from": [6.34544, 2.9, 13.60193],
			"to": [6.49544, 4.3, 13.75193],
			"rotation": {"angle": 45, "axis": "y", "origin": [6.42044, 4.55, 13.67693]},
			"faces": {
				"north": {"uv": [0.09375, 10.3125, 0.15625, 10.75], "texture": "#0"},
				"east": {"uv": [0.09375, 10.3125, 0.15625, 10.75], "texture": "#0"},
				"south": {"uv": [0.09375, 10.3125, 0.15625, 10.75], "texture": "#0"},
				"west": {"uv": [0.09375, 10.3125, 0.15625, 10.75], "texture": "#0"}
			}
		},
		{
			"name": "frontal_base_plank",
			"from": [6.76274, 1.8, 3.47574],
			"to": [7.56274, 2.199, 5.07574],
			"rotation": {"angle": -45, "axis": "y", "origin": [8.06274, 1.65, 3.17574]},
			"faces": {
				"north": {"uv": [10.28125, 5, 10.53125, 5.125], "texture": "#0"},
				"east": {"uv": [10.09375, 6.09375, 10.59375, 6.21875], "texture": "#0"},
				"south": {"uv": [10.28125, 5.15625, 10.53125, 5.28125], "texture": "#0"},
				"up": {"uv": [1.3125, 10.3125, 1.0625, 9.8125], "texture": "#0"},
				"down": {"uv": [1.3125, 9.8125, 1.0625, 10.3125], "texture": "#0"}
			}
		},
		{
			"name": "frontal_base_plank",
			"from": [8.43726, 1.8, 3.47574],
			"to": [9.23726, 2.199, 5.07574],
			"rotation": {"angle": 45, "axis": "y", "origin": [7.93726, 1.65, 3.17574]},
			"faces": {
				"north": {"uv": [10.28125, 5.3125, 10.53125, 5.4375], "texture": "#0"},
				"south": {"uv": [10.28125, 5.46875, 10.53125, 5.59375], "texture": "#0"},
				"west": {"uv": [10.09375, 6.5625, 10.59375, 6.6875], "texture": "#0"},
				"up": {"uv": [8.34375, 10.3125, 8.09375, 9.8125], "texture": "#0"},
				"down": {"uv": [8.34375, 9.8125, 8.09375, 10.3125], "texture": "#0"}
			}
		},
		{
			"name": "frontal_base_side",
			"from": [6.68774, 1.825, 3.47574],
			"to": [7.03774, 2.5365, 5.12574],
			"rotation": {"angle": -45, "axis": "y", "origin": [8.06274, 1.8, 3.17574]},
			"faces": {
				"north": {"uv": [10.40625, 5.46875, 10.28125, 5.65625], "texture": "#0"},
				"east": {"uv": [10.09375, 6.375, 10.625, 6.59375], "texture": "#0"},
				"south": {"uv": [10.5625, 5.46875, 10.4375, 5.65625], "texture": "#0"},
				"west": {"uv": [10.625, 6.375, 10.09375, 6.59375], "texture": "#0"},
				"up": {"uv": [10.71875, 5.28125, 10.59375, 5.8125], "texture": "#0"},
				"down": {"uv": [10.875, 5.28125, 10.75, 5.8125], "texture": "#0"}
			}
		},
		{
			"name": "frontal_base_side",
			"from": [8.96226, 1.825, 3.47574],
			"to": [9.31226, 2.5365, 5.12574],
			"rotation": {"angle": 45, "axis": "y", "origin": [7.93726, 1.8, 3.17574]},
			"faces": {
				"north": {"uv": [10.28125, 5.46875, 10.40625, 5.65625], "texture": "#0"},
				"east": {"uv": [10.09375, 6.375, 10.625, 6.59375], "texture": "#0"},
				"south": {"uv": [10.4375, 5.46875, 10.5625, 5.65625], "texture": "#0"},
				"west": {"uv": [10.625, 6.375, 10.09375, 6.59375], "texture": "#0"},
				"up": {"uv": [10.59375, 5.28125, 10.71875, 5.8125], "texture": "#0"},
				"down": {"uv": [10.75, 5.28125, 10.875, 5.8125], "texture": "#0"}
			}
		},
		{
			"name": "frontal_base_plank",
			"from": [6.93137, 1.8075, 2.46863],
			"to": [9.07137, 2.2, 3.60113],
			"rotation": {"angle": 0, "axis": "y", "origin": [7.47137, 1.65, 3.46863]},
			"faces": {
				"up": {"uv": [0.6875, 9.78125, 0, 9.4375], "texture": "#0"},
				"down": {"uv": [0.6875, 9.4375, 0, 9.78125], "texture": "#0"}
			}
		},
		{
			"name": "frontal_base_side",
			"from": [6.85637, 1.8275, 2.41863],
			"to": [9.14637, 2.5325, 2.80113],
			"rotation": {"angle": 0, "axis": "y", "origin": [7.47137, 1.8, 3.46863]},
			"faces": {
				"north": {"uv": [10.25, 6.625, 10.96875, 6.84375], "texture": "#0"},
				"south": {"uv": [10.96875, 6.625, 10.25, 6.84375], "texture": "#0"},
				"up": {"uv": [11, 6.8125, 11.71875, 6.96875], "texture": "#0"},
				"down": {"uv": [11, 6.625, 11.71875, 6.78125], "texture": "#0"}
			}
		},
		{
			"name": "hull_base",
			"from": [7.21226, -0.60816, 4.87574],
			"to": [8.01226, -0.03566, 5.57574],
			"rotation": {"angle": 45, "axis": "y", "origin": [6.71226, 1.53934, 3.67574]},
			"faces": {
				"east": {"uv": [5.53125, 10.25, 5.75, 10.4375], "texture": "#0"},
				"down": {"uv": [10.46875, 3.125, 10.21875, 3.34375], "texture": "#0"}
			}
		},
		{
			"name": "hull_base",
			"from": [7.98774, -0.60816, 4.86074],
			"to": [8.78774, -0.04066, 5.57574],
			"rotation": {"angle": -45, "axis": "y", "origin": [9.28774, 1.53934, 3.67574]},
			"faces": {
				"west": {"uv": [10.25, 8.5625, 10.46875, 8.75], "texture": "#0"},
				"down": {"uv": [10.46875, 3.625, 10.21875, 3.84375], "texture": "#0"}
			}
		},
		{
			"name": "hull_spiker",
			"from": [7.70137, 1.6, 0.66863],
			"to": [8.30137, 2.2, 3.10113],
			"rotation": {"angle": 22.5, "axis": "x", "origin": [8.00137, 1.9, 2.63488]},
			"faces": {
				"north": {"uv": [10.28125, 4.5625, 10.46875, 4.75], "texture": "#0"},
				"east": {"uv": [4.375, 3.78125, 5.12734, 3.96875], "texture": "#0"},
				"south": {"uv": [10.28125, 4.78125, 10.46875, 4.96875], "texture": "#0"},
				"west": {"uv": [5.12734, 3.78125, 4.375, 3.96875], "texture": "#0"},
				"up": {"uv": [5.12734, 3.78125, 4.375, 3.96875], "rotation": 90, "texture": "#0"},
				"down": {"uv": [4.375, 3.78125, 5.12734, 3.96875], "rotation": 90, "texture": "#0"}
			}
		},
		{
			"name": "hull_spiker",
			"from": [7.77637, 1.675, -0.98137],
			"to": [8.22637, 2.125, 0.65113],
			"rotation": {"angle": 22.5, "axis": "x", "origin": [8.00137, 1.9, 2.63488]},
			"faces": {
				"north": {"uv": [10.3125, 0.90625, 10.46875, 1.0625], "texture": "#0"},
				"east": {"uv": [6.65625, 3.1875, 7.15625, 3.34375], "texture": "#0"},
				"south": {"uv": [1.625, 10.3125, 1.78125, 10.46875], "texture": "#0"},
				"west": {"uv": [7.15625, 3.1875, 6.65625, 3.34375], "texture": "#0"},
				"up": {"uv": [7.15625, 3.1875, 6.65625, 3.34375], "rotation": 90, "texture": "#0"},
				"down": {"uv": [6.65625, 3.1875, 7.15625, 3.34375], "rotation": 90, "texture": "#0"}
			}
		},
		{
			"name": "hull_spiker",
			"from": [7.87637, 1.775, -3.10637],
			"to": [8.12637, 2.025, -0.97387],
			"rotation": {"angle": 22.5, "axis": "x", "origin": [8.00137, 1.9, 2.63488]},
			"faces": {
				"north": {"uv": [2.8125, 10.375, 2.90625, 10.46875], "texture": "#0"},
				"east": {"uv": [10.0625, 10.15625, 10.75, 10.25], "texture": "#0"},
				"west": {"uv": [10.75, 10.15625, 10.0625, 10.25], "texture": "#0"},
				"up": {"uv": [10.75, 10.15625, 10.0625, 10.25], "rotation": 90, "texture": "#0"},
				"down": {"uv": [10.0625, 10.15625, 10.75, 10.25], "rotation": 90, "texture": "#0"}
			}
		},
		{
			"name": "hull_trim",
			"from": [6.33496, 0.76572, 3.5925],
			"to": [7.14996, 2.08072, 13.0075],
			"rotation": {"angle": 45, "axis": "z", "origin": [6.74246, 1.42322, 8.3]},
			"faces": {
				"north": {"uv": [0.28125, 0.03125, 0.03125, 0.4375], "texture": "#4"},
				"west": {"uv": [3.25, 0.03125, 0.3125, 0.4375], "texture": "#4"}
			}
		},
		{
			"name": "hull_trim",
			"from": [8.85004, 0.76572, 3.5925],
			"to": [9.66504, 2.08072, 13.0075],
			"rotation": {"angle": -45, "axis": "z", "origin": [9.25754, 1.42322, 8.3]},
			"faces": {
				"north": {"uv": [0.03125, 0.03125, 0.28125, 0.4375], "texture": "#4"},
				"east": {"uv": [0.3125, 0.03125, 3.25, 0.4375], "texture": "#4"}
			}
		},
		{
			"name": "hull",
			"from": [8.85754, 0.77322, 3.6],
			"to": [9.65754, 2.07322, 13],
			"rotation": {"angle": -45, "axis": "z", "origin": [9.25754, 1.42322, 8.3]},
			"faces": {
				"north": {"uv": [5.78125, 9.9375, 6.03125, 10.34375], "texture": "#0"},
				"east": {"uv": [7.25, 4.25, 10.1875, 4.65625], "texture": "#0"},
				"south": {"uv": [9.96875, 1.59375, 10.21875, 2], "texture": "#0"},
				"up": {"uv": [4.09375, 10.3125, 3.84375, 7.375], "texture": "#0"}
			}
		},
		{
			"name": "hull",
			"from": [6.34246, 0.77322, 3.6],
			"to": [7.14246, 2.07322, 13],
			"rotation": {"angle": 45, "axis": "z", "origin": [6.74246, 1.42322, 8.3]},
			"faces": {
				"north": {"uv": [6.03125, 9.9375, 5.78125, 10.34375], "texture": "#0"},
				"south": {"uv": [6.0625, 10, 6.3125, 10.40625], "texture": "#0"},
				"west": {"uv": [10.1875, 4.25, 7.25, 4.65625], "texture": "#0"},
				"up": {"uv": [4.65625, 10.3125, 4.40625, 7.375], "texture": "#0"}
			}
		},
		{
			"name": "hull",
			"from": [6.925, -0.03566, 3.425],
			"to": [9.075, 0.73934, 12.2],
			"rotation": {"angle": 0, "axis": "y", "origin": [7.53934, -0.56066, 8.35]},
			"faces": {
				"north": {"uv": [9.25, 1.78125, 9.9375, 2.03125], "texture": "#0"},
				"east": {"uv": [7.5, 4.6875, 10.24219, 4.92969], "texture": "#0"},
				"west": {"uv": [10.24219, 4.6875, 7.5, 4.92969], "texture": "#0"},
				"down": {"uv": [7.28125, 6.15625, 6.59375, 8.90625], "texture": "#0"}
			}
		},
		{
			"name": "hull_frame",
			"from": [8.875, -0.16066, 3.025],
			"to": [9.275, 0.23934, 13.3],
			"rotation": {"angle": 0, "axis": "y", "origin": [7.53934, -0.56066, 8.65]},
			"faces": {
				"north": {"uv": [9.40625, 2.0625, 9.53125, 2.1875], "texture": "#0"},
				"east": {"uv": [10.25, 5.40625, 7.03125, 5.53125], "texture": "#0"},
				"south": {"uv": [9.53125, 2.0625, 9.40625, 2.1875], "texture": "#0"},
				"west": {"uv": [7.03125, 5.40625, 10.25, 5.53125], "texture": "#0"},
				"up": {"uv": [7.03125, 5.53125, 10.25, 5.40625], "rotation": 90, "texture": "#0"},
				"down": {"uv": [10.25, 5.53125, 7.03125, 5.40625], "rotation": 90, "texture": "#0"}
			}
		},
		{
			"name": "hull_frame",
			"from": [6.3125, -0.13566, 3.4],
			"to": [9.6875, 0.21434, 3.8],
			"rotation": {"angle": 0, "axis": "y", "origin": [7.4375, -0.56066, 13.63566]},
			"faces": {
				"north": {"uv": [7.3125, 5.25, 8.375, 5.375], "texture": "#0"},
				"east": {"uv": [9.53125, 2.0625, 9.40625, 2.1875], "texture": "#0"},
				"south": {"uv": [7.3125, 5.25, 8.375, 5.375], "texture": "#0"},
				"west": {"uv": [9.40625, 2.0625, 9.53125, 2.1875], "texture": "#0"},
				"up": {"uv": [7.3125, 5.375, 8.375, 5.25], "texture": "#0"},
				"down": {"uv": [7.3125, 5.375, 8.375, 5.25], "rotation": 180, "texture": "#0"}
			}
		},
		{
			"name": "hull_frame",
			"from": [6.3125, -0.13566, 12.6],
			"to": [9.6875, 0.21434, 13],
			"rotation": {"angle": 0, "axis": "y", "origin": [7.4375, -0.56066, 2.36434]},
			"faces": {
				"north": {"uv": [8.375, 5.25, 7.3125, 5.375], "texture": "#0"},
				"east": {"uv": [9.40625, 2.0625, 9.53125, 2.1875], "texture": "#0"},
				"south": {"uv": [8.375, 5.25, 7.3125, 5.375], "texture": "#0"},
				"west": {"uv": [9.53125, 2.0625, 9.40625, 2.1875], "texture": "#0"},
				"up": {"uv": [8.375, 5.375, 7.3125, 5.25], "rotation": 180, "texture": "#0"},
				"down": {"uv": [8.375, 5.375, 7.3125, 5.25], "texture": "#0"}
			}
		},
		{
			"name": "hull_frame",
			"from": [6.725, -0.16066, 3.025],
			"to": [7.125, 0.23934, 13.3],
			"rotation": {"angle": 0, "axis": "y", "origin": [8.46066, -0.56066, 8.65]},
			"faces": {
				"north": {"uv": [9.53125, 2.0625, 9.40625, 2.1875], "texture": "#0"},
				"east": {"uv": [10.25, 5.53125, 7.03125, 5.40625], "texture": "#0"},
				"south": {"uv": [9.40625, 2.0625, 9.53125, 2.1875], "texture": "#0"},
				"west": {"uv": [7.03125, 5.40625, 10.25, 5.53125], "texture": "#0"},
				"up": {"uv": [7.03125, 5.53125, 10.25, 5.40625], "rotation": 90, "texture": "#0"},
				"down": {"uv": [10.25, 5.40625, 7.03125, 5.53125], "rotation": 90, "texture": "#0"}
			}
		},
		{
			"name": "hull_moss",
			"from": [6.77094, -1.11066, 9.08816],
			"to": [6.77094, 0.18934, 11.58816],
			"rotation": {"angle": 22.5, "axis": "x", "origin": [6.77094, -0.76066, 10.33816]},
			"faces": {
				"east": {"uv": [11.28125, 2.9375, 10.5, 3.34375], "texture": "#0"},
				"west": {"uv": [10.5, 2.9375, 11.28125, 3.34375], "texture": "#0"}
			}
		},
		{
			"name": "hull_moss",
			"from": [8.47094, -1.41066, 5.08816],
			"to": [8.47094, -0.11066, 7.58816],
			"rotation": {"angle": 22.5, "axis": "x", "origin": [8.47094, -1.06066, 6.33816]},
			"faces": {
				"east": {"uv": [11.28125, 2.9375, 10.5, 3.34375], "texture": "#0"},
				"west": {"uv": [10.5, 2.9375, 11.28125, 3.34375], "texture": "#0"}
			}
		},
		{
			"name": "hull_moss",
			"from": [8.94172, -1.21777, 6.55184],
			"to": [8.94172, 0.08223, 9.05184],
			"rotation": {"angle": 0, "axis": "x", "origin": [8.94172, -0.56777, 7.80184]},
			"faces": {
				"east": {"uv": [11.28125, 2.9375, 10.5, 3.34375], "texture": "#0"},
				"west": {"uv": [10.5, 2.9375, 11.28125, 3.34375], "texture": "#0"}
			}
		},
		{
			"name": "hull_moss",
			"from": [6.93094, -1.11066, 5.18816],
			"to": [6.93094, -0.21066, 7.08816],
			"rotation": {"angle": 0, "axis": "x", "origin": [6.93094, -0.96066, 6.43816]},
			"faces": {
				"east": {"uv": [11.09375, 4.03125, 10.5, 4.3125], "texture": "#0"},
				"west": {"uv": [10.5, 4.03125, 11.09375, 4.3125], "texture": "#0"}
			}
		},
		{
			"name": "hull_moss",
			"from": [7.6, -1.25028, 8.53388],
			"to": [7.6, -0.35028, 10.43388],
			"rotation": {"angle": 22.5, "axis": "x", "origin": [7.6, -0.80028, 9.48388]},
			"faces": {
				"east": {"uv": [11.09375, 4.03125, 10.5, 4.3125], "texture": "#0"},
				"west": {"uv": [10.5, 4.03125, 11.09375, 4.3125], "texture": "#0"}
			}
		},
		{
			"name": "hull_moss",
			"from": [7.8, -1.25028, 3.63388],
			"to": [7.8, -0.35028, 5.53388],
			"rotation": {"angle": 22.5, "axis": "x", "origin": [7.8, -0.80028, 4.58388]},
			"faces": {
				"east": {"uv": [11.09375, 4.03125, 10.5, 4.3125], "texture": "#0"},
				"west": {"uv": [10.5, 4.03125, 11.09375, 4.3125], "texture": "#0"}
			}
		},
		{
			"name": "hull_moss",
			"from": [9.25775, -1.08028, 3.73388],
			"to": [9.25775, -0.18028, 5.63388],
			"rotation": {"angle": 22.5, "axis": "x", "origin": [9.25775, -0.63028, 4.68388]},
			"faces": {
				"east": {"uv": [11.09375, 4.03125, 10.5, 4.3125], "texture": "#0"},
				"west": {"uv": [10.5, 4.03125, 11.09375, 4.3125], "texture": "#0"}
			}
		},
		{
			"name": "hull_moss",
			"from": [8, -1.31066, 11.48816],
			"to": [8, 0.58934, 15.18816],
			"rotation": {"angle": -45, "axis": "z", "origin": [8, -0.36066, 13.33816]},
			"faces": {
				"east": {"uv": [11.65625, 3.40625, 10.5, 4], "texture": "#0"},
				"west": {"uv": [10.5, 3.40625, 11.65625, 4], "texture": "#0"}
			}
		},
		{
			"name": "hull_moss",
			"from": [8, -1.31066, 11.48816],
			"to": [8, 0.58934, 15.18816],
			"rotation": {"angle": 45, "axis": "z", "origin": [8, -0.36066, 13.33816]},
			"faces": {
				"east": {"uv": [11.65625, 3.40625, 10.5, 4], "texture": "#0"},
				"west": {"uv": [10.5, 3.40625, 11.65625, 4], "texture": "#0"}
			}
		},
		{
			"name": "hull_moss",
			"from": [9.22906, -1.11066, 9.08816],
			"to": [9.22906, 0.18934, 11.58816],
			"rotation": {"angle": 22.5, "axis": "x", "origin": [9.22906, -0.76066, 10.33816]},
			"faces": {
				"east": {"uv": [11.28125, 2.9375, 10.5, 3.34375], "texture": "#0"},
				"west": {"uv": [10.5, 2.9375, 11.28125, 3.34375], "texture": "#0"}
			}
		},
		{
			"name": "hull_base",
			"from": [7.025, -0.61066, 4.1],
			"to": [8.975, -0.03566, 12],
			"rotation": {"angle": 0, "axis": "y", "origin": [7.53934, -0.76066, 8.35]},
			"faces": {
				"east": {"uv": [7.3125, 7.9375, 9.78125, 8.125], "texture": "#0"},
				"west": {"uv": [7.3125, 8.15625, 9.78125, 8.34375], "texture": "#0"},
				"down": {"uv": [2.6875, 7.09375, 2.0625, 9.5625], "texture": "#0"}
			}
		},
		{
			"name": "hull_base",
			"from": [7.53003, -0.60566, 3.60502],
			"to": [8.48253, -0.03566, 4.10502],
			"rotation": {"angle": 0, "axis": "y", "origin": [7.04437, -0.76066, 7.85503]},
			"faces": {
				"north": {"uv": [6.15625, 7.78125, 6.46875, 7.96875], "texture": "#0"},
				"down": {"uv": [10.5625, 0.1875, 10.25, 0.34375], "texture": "#0"}
			}
		},
		{
			"name": "hull_base",
			"from": [7.21226, -0.60816, 10.52426],
			"to": [8.01226, -0.03816, 11.22426],
			"rotation": {"angle": -45, "axis": "y", "origin": [6.71226, 1.53934, 12.42426]},
			"faces": {
				"north": {"uv": [10.25, 2.875, 10.5, 3.0625], "texture": "#0"},
				"east": {"uv": [10.25, 8.78125, 10.46875, 8.96875], "texture": "#0"},
				"west": {"uv": [9.25, 10.25, 9.46875, 10.4375], "texture": "#0"},
				"down": {"uv": [10.46875, 7.4375, 10.21875, 7.65625], "texture": "#0"}
			}
		},
		{
			"name": "hull_base",
			"from": [7.98774, -0.60816, 10.52426],
			"to": [8.78774, -0.04066, 11.22426],
			"rotation": {"angle": 45, "axis": "y", "origin": [9.28774, 1.53934, 12.42426]},
			"faces": {
				"west": {"uv": [10.28125, 4.34375, 10.5, 4.53125], "texture": "#0"},
				"down": {"uv": [10.03125, 10.21875, 9.78125, 10.4375], "texture": "#0"}
			}
		},
		{
			"name": "hull_base",
			"from": [7.51753, -0.60566, 11.99498],
			"to": [8.48003, -0.04066, 12.49498],
			"rotation": {"angle": 0, "axis": "y", "origin": [7.04437, -0.76066, 8.24498]},
			"faces": {
				"south": {"uv": [0.6875, 10.1875, 1, 10.375], "texture": "#0"},
				"down": {"uv": [10.5625, 0.5625, 10.25, 0.71875], "texture": "#0"}
			}
		},
		{
			"name": "hull",
			"from": [6.92387, 0.1719, 3.13281],
			"to": [9.07887, 1.8719, 3.83281],
			"rotation": {"angle": -22.5, "axis": "x", "origin": [8.00137, 1.0219, 3.03281]},
			"faces": {
				"north": {"uv": [5.46875, 8.46875, 6.125, 9], "texture": "#0"},
				"east": {"uv": [8.65625, 9.8125, 8.875, 10.34375], "texture": "#0"},
				"south": {"uv": [2.71875, 8.53125, 3.375, 9.0625], "texture": "#0"},
				"west": {"uv": [8.875, 9.8125, 8.65625, 10.34375], "texture": "#0"},
				"up": {"uv": [10.21875, 8.875, 9.5625, 8.65625], "texture": "#0"},
				"down": {"uv": [10.28125, 0.9375, 9.625, 1.15625], "texture": "#0"}
			}
		},
		{
			"name": "hull",
			"from": [6.92922, 0.21362, 11.76617],
			"to": [9.06172, 1.21362, 13.86617],
			"rotation": {"angle": -22.5, "axis": "x", "origin": [7.99547, 0.51362, 12.91617]},
			"faces": {
				"north": {"uv": [9.5625, 2.4375, 10.21875, 2.75], "texture": "#0"},
				"east": {"uv": [9.5625, 2.78125, 10.21875, 3.09375], "texture": "#0"},
				"south": {"uv": [9.5625, 6.75, 10.21875, 7.0625], "texture": "#0"},
				"west": {"uv": [9.5625, 7.09375, 10.21875, 7.40625], "texture": "#0"},
				"up": {"uv": [6.125, 8.03125, 5.46875, 7.375], "texture": "#0"},
				"down": {"uv": [3.375, 7.84375, 2.71875, 8.5], "texture": "#0"}
			}
		}
	],
	"gui_light": "front",
	"display": {
		"firstperson_righthand": {
			"rotation": [-180, 69, -180],
			"translation": [0, 8, 0.25]
		},
		"firstperson_lefthand": {
			"rotation": [0, 3, 0],
			"translation": [-1.75, 8.25, 1.25]
		},
		"gui": {
			"rotation": [0, -90, 0],
			"translation": [-1.75, 1, 0],
			"scale": [0.91, 0.91, 0.91]
		},
		"head": {
			"translation": [0, 19.25, 0],
			"scale": [1.65, 1.65, 1.65]
		},
		"fixed": {
			"rotation": [0, 90, 0]
		}
	},
	"groups": [
		{
			"name": "root",
			"origin": [8, 0, 8],
			"color": 0,
			"nbt": "{}",
			"children": [
				0,
				1,
				2,
				3,
				4,
				5,
				6,
				7,
				8,
				9,
				10,
				11,
				12,
				13,
				14,
				15,
				16,
				17,
				18,
				19,
				20,
				21,
				22,
				23,
				24,
				{
					"name": "props",
					"origin": [9.4682, 3.5475, 8.31189],
					"color": 0,
					"nbt": "{}",
					"children": [
						25,
						26,
						27,
						28,
						29,
						30,
						31,
						32,
						33,
						34,
						35,
						36,
						37,
						38,
						39,
						40,
						41,
						42,
						43,
						44,
						45,
						46,
						47,
						48,
						49,
						50,
						51,
						52,
						53,
						54,
						55,
						56,
						57,
						58,
						59,
						60,
						61,
						62,
						63,
						64,
						65,
						66,
						67,
						68,
						69,
						70,
						71,
						72,
						73,
						74,
						75,
						76,
						77,
						78,
						79,
						80,
						81,
						82,
						83,
						84,
						85,
						86,
						87,
						88,
						89,
						90,
						91,
						92
					]
				},
				93,
				94,
				95,
				96,
				97,
				98,
				99,
				100,
				101,
				102,
				103,
				104,
				105,
				106,
				107,
				108,
				109,
				110,
				111,
				112,
				113,
				114,
				115,
				116,
				117,
				118,
				119,
				120,
				121,
				122,
				123,
				124,
				125,
				126,
				127,
				128,
				129,
				130,
				131,
				132,
				133,
				134,
				135,
				136,
				137,
				138,
				139,
				140,
				141,
				142,
				143,
				144,
				145,
				146,
				147,
				148,
				149,
				150,
				151,
				152,
				153,
				154,
				155,
				156,
				157,
				158,
				159,
				160,
				161
			]
		}
	]
}