{
  "parent": "minecraft:block/red_wool",
  "overrides": [
    {
			"predicate": {
				"custom_model_data": 2400001
			},
			"model": "miffenkop:props/tv"
		},
    {
			"predicate": {
				"custom_model_data": 2400002
			},
			"model": "miffenkop:props/couch"
		},
    {
			"predicate": {
				"custom_model_data": 2400003
			},
			"model": "miffenkop:props/pillow"
		},
    {
			"predicate": {
				"custom_model_data": 2400004
			},
			"model": "miffenkop:props/crate"
		}
  ]
}