{
  "parent": "minecraft:item/handheld",
  "textures": {
    "layer0": "minecraft:item/wooden_shovel"
  },
    
    "overrides": [
        {"predicate": {"custom_model_data":6500001}, "model": "checkmc:item/entirebilly"},
	      {"predicate": {"custom_model_data":6500002}, "model": "checkmc:item/entirepillager"},
	      {"predicate": {"custom_model_data":6500003}, "model": "checkmc:item/captonium"},
	      {"predicate": {"custom_model_data":6500004}, "model": "checkmc:item/connop"},
	      {"predicate": {"custom_model_data":6500005}, "model": "checkmc:item/checkmc"},
	      {"predicate": {"custom_model_data":6500006}, "model": "checkmc:item/falconreign"}
    ]

}